StockCode,Description,AvgUnitPrice,MinUnitPrice,MaxUnitPrice,TotalQtySold,TotalRevenue,TimesOrdered
10002,INFLATABLE POLITICAL GLOBE ,0.85,0.85,0.85,823,699.55,49
10080,GROOVY CACTUS INFLATABLE,0.41190476190476194,0.39,0.85,291,114.41,21
10120,DOGGY RUBBER,0.21,0.21,0.21,192,40.32,29
10123C,HEARTS WRAPPING TAPE ,0.65,0.65,0.65,5,3.25,3
10124A,SPOTS ON RED BOOKCOVER TAPE,0.42000000000000004,0.42,0.42,16,6.72,5
10124G,ARMY CAMO BOOKCOVER TAPE,0.42,0.42,0.42,17,7.14,4
10125,MINI FUNKY DESIGN TAPES,0.7817460317460317,0.42,0.85,1225,929.45,61
10133,COLOURING PENCILS BROWN TUBE,0.5283739837398373,0.42,0.85,2363,1134.79,123
10135,COLOURING PENCILS BROWN TUBE,1.19725,0.25,2.46,1935,1782.94,118
11001,ASSTD DESIGN RACING CAR PEN,1.8340579710144926,1.27,3.29,1067,1715.95,67
15030,FAN BLACK FRAME ,0.29,0.29,0.29,143,41.47,12
15034,PAPER POCKET TRAVELING FAN ,0.13557894736842105,0.07,0.14,5034,588.7700000000001,95
15036,ASSORTED COLOURS SILK FAN,0.8045288753799392,0.53,0.83,21132,15538.76,328
15039,SANDALWOOD FAN,0.8368493150684931,0.53,0.85,1532,1110.2,73
15044A,PINK PAPER PARASOL ,3.0168354430379747,2.55,5.79,421,1227.63,79
15044B,BLUE PAPER PARASOL ,2.933673469387755,2.55,2.95,306,862.7,49
15044C,PURPLE PAPER PARASOL,2.9370967741935488,2.55,2.95,268,771.4000000000001,62
15044D,RED PAPER PARASOL,2.9558666666666666,2.55,5.79,627,1727.29,75
15056BL,EDWARDIAN PARASOL BLACK,5.887905405405406,1.95,12.46,2649,14566.17,296
15056N,EDWARDIAN PARASOL NATURAL,5.861165803108808,1.95,12.46,3777,20406.86,384
15056P,EDWARDIAN PARASOL PINK,5.9320863309352525,4.6,12.46,757,4184.06,139
15058A,BLUE POLKADOT GARDEN PARASOL,7.775454545454546,6.75,7.95,143,1067.25,55
15058B,PINK POLKADOT GARDEN PARASOL,7.838372093023256,6.75,7.95,110,828.9,43
15058C,ICE CREAM DESIGN GARDEN PARASOL,6.35,3.95,7.95,193,894.35,30
15060B,FAIRY CAKE DESIGN UMBRELLA,3.8195833333333336,2.95,8.29,410,1479.12,96
16008,SMALL FOLDING SCISSOR(POINTED EDGE),0.13614285714285712,0.08,0.25,2892,360.71,70
16010,FOLDING CAMPING SCISSOR W/KNIF & S,0.12,0.12,0.12,30,3.5999999999999996,3
16011,ANIMAL STICKERS,0.21,0.21,0.21,1749,367.29,46
16012,FOOD/DRINK SPONGE STICKERS,0.21,0.21,0.21,1220,256.2,35
16014,SMALL CHINESE STYLE SCISSOR,0.4014814814814815,0.32,0.42,13328,4335.76,54
16015,MEDIUM CHINESE STYLE SCISSOR,0.48833333333333334,0.36,0.5,662,289.98,24
16016,LARGE CHINESE STYLE SCISSOR,0.8460000000000001,0.72,0.85,1273,1053.45,65
16020C,CLEAR STATIONERY BOX SET ,0.85,0.85,0.85,6,5.1,2
16033,MINI HIGHLIGHTER PENS,0.12,0.12,0.12,840,100.79999999999998,4
16043,POP ART PUSH DOWN RUBBER ,0.12,0.12,0.12,98,11.759999999999998,2
16045,POPART WOODEN PENCILS ASST,0.043478260869565216,0.04,0.12,8900,380.0,68
16046,TEATIME PEN CASE & PENS,0.85,0.85,0.85,64,54.4,13
16048,TEATIME ROUND PENCIL SHARPENER ,0.13249999999999998,0.12,0.42,1436,186.72,47
16049,TEATIME GEL PENS ASST,0.24,0.12,0.42,504,82.08,5
16052,TEATIME PUSH DOWN RUBBER,0.305,0.19,0.42,467,105.28999999999999,6
16054,POPART RECT PENCIL SHARPENER ASST,0.1288235294117647,0.12,0.42,1058,127.56,34
16151A,FLOWERS HANDBAG blue and orange,1.25,1.25,1.25,49,61.25,3
16156L,WRAP CAROUSEL,0.42,0.42,0.42,475,199.5,18
16156S,WRAP PINK FAIRY CAKES ,0.4168862275449102,0.34,0.42,5800,2331.0,167
16161G,WRAP BAD HAIR DAY,0.1,0.1,0.1,700,70.0,22
16161M,WRAP  PINK FLOCK,0.42,0.42,0.42,25,10.5,1
16161P,WRAP ENGLISH ROSE ,0.41943775100401604,0.34,0.42,7176,2969.92,249
16161U,WRAP SUKI AND FRIENDS,0.41955555555555557,0.36,0.42,4050,1677.0,135
16162L,THE KING GIFT BAG,0.65,0.65,0.65,17,11.05,6
16162M,THE KING GIFT BAG 25x24x12cm,0.42,0.42,0.42,26,10.92,7
16168M,FUNKY MONKEY GIFT BAG MEDIUM,0.42000000000000004,0.42,0.42,329,138.18,20
16169E,WRAP 50'S  CHRISTMAS,0.4192105263157895,0.36,0.42,4438,1839.96,151
16169K,WRAP FOLK ART,0.42,0.42,0.42,200,84.0,8
16169M,WRAP DAISY CARPET ,0.42,0.42,0.42,660,277.2,25
16169N,WRAP BLUE RUSSIAN FOLKART,0.42,0.42,0.42,25,10.5,1
16169P,WRAP GREEN RUSSIAN FOLKART ,0.42,0.42,0.42,50,21.0,2
16202A,PASTEL PINK PHOTO ALBUM ,0.5,0.5,0.5,7,3.5,2
16202B,PASTEL BLUE PHOTO ALBUM ,0.5,0.5,0.5,29,14.5,2
16202E,BLACK PHOTO ALBUM ,1.7625,0.5,5.55,14,1.9500000000000002,4
16206B,RED PURSE WITH PINK HEART,1.25,1.25,1.25,7,8.75,2
16207A,PINK STRAWBERRY HANDBAG ,2.95,2.95,2.95,13,38.35000000000001,5
16207B,PINK HEART RED HANDBAG,2.7866666666666666,2.46,2.95,4,11.31,3
16216,LETTER SHAPE PENCIL SHARPENER,0.09463414634146342,0.06,0.42,3316,227.14,41
16218,CARTOON  PENCIL SHARPENERS,0.0732,0.06,0.16,3760,253.2,50
16219,HOUSE SHAPE PENCIL SHARPENER,0.09020833333333333,0.06,0.21,2867,307.02,48
16225,RATTLE SNAKE EGGS,1.1866666666666668,0.39,3.29,760,596.84,75
16235,RECYCLED PENCIL WITH RABBIT ERASER,0.2139506172839506,0.16,0.42,2628,517.98,81
16236,KITTY PENCIL ERASERS,0.20931506849315068,0.16,0.21,1296,266.56,73
16237,SLEEPING CAT ERASERS,0.20610778443113772,0.16,0.21,4535,872.85,163
16238,PARTY TIME PENCIL ERASERS,0.2362820512820513,0.16,0.42,1259,265.09,78
16244B,MAXWELL 2 TONE BLUE 60 PAGE PHOTO A,1.225,0.5,1.95,7,7.85,2
16248B,BLUE HOLE PUNCH,1.25,1.25,1.25,13,16.25,7
16254,TRANSPARENT ACRYLIC TAPE DISPENSER,1.0233333333333332,0.85,1.63,31,27.91,9
16258A,SWIRLY CIRCULAR RUBBERS IN BAG,0.45820512820512815,0.19,0.83,444,156.10999999999999,39
16259,PIECE OF CAMO STATIONERY SET,0.09625,0.08,0.21,3272,317.92,32
17001,HEAVENS SCENT FRAGRANCE OILS ASSTD,0.29,0.29,0.29,72,20.88,1
17003,BROCADE RING PURSE ,1.134644549763033,0.16,57.6,22924,5796.81,209
17007B,S/3 POT POURI CUSHIONS BLUE COLOURS,2.1,2.1,2.1,24,50.400000000000006,2
17011F,ORIGAMI SANDLEWOOD INCENSE+FLOWER,1.1333333333333335,0.65,2.1,80,62.150000000000006,6
17012A,ORIGAMI VANILLA INCENSE/CANDLE SET ,1.1079999999999999,0.5,2.55,270,244.89999999999998,24
17012B,ORIGAMI JASMINE INCENSE/CANDLE SET,1.0763888888888888,0.5,2.55,455,422.54999999999995,36
17012C,ORIGAMI LAVENDER INCENSE/CANDL SET ,1.1186046511627907,0.5,2.55,362,341.79999999999995,43
17012D,ORIGAMI ROSE INCENSE/CANDLE SET ,1.0818181818181818,0.85,2.55,385,362.95,44
17012E,ORIGAMI OPIUM INCENSE/CANDLE SET ,1.8666666666666665,0.5,2.55,35,40.05,3
17012F,ORIGAMI SANDLEWOOD INCENSE/CAND SET,1.0035714285714286,0.5,2.55,365,329.05,42
17013D,ORIGAMI ROSE INCENSE IN TUBE,0.8672727272727272,0.42,1.65,532,257.88,11
17014A,ORIGAMI VANILLA INCENSE CONES,0.6071428571428571,0.42,1.65,154,67.83,7
17021,NAMASTE SWAGAT INCENSE,0.29411764705882354,0.24,0.3,2391,632.34,47
17028J,INCENSE BAZAAR PEACH,0.42,0.42,0.42,6,2.52,1
17038,PORCELAIN BUDAH INCENSE HOLDER,0.09526315789473684,0.07,0.1,1501,138.1,19
17084A,TRANQUILITY MASALA INCENSE,0.21,0.21,0.21,200,42.0,7
17084J,LOVE POTION MASALA INCENSE,0.21,0.21,0.21,225,47.25,8
17084N,FAIRY DREAMS INCENSE ,0.2084375,0.16,0.21,1025,212.75,32
17084P,DRAGONS BLOOD INCENSE,0.21,0.21,0.21,349,73.29,13
17084R,ASSORTED INCENSE PACK,0.20259259259259257,0.16,0.21,4032,760.3199999999999,27
17090A,LAVENDER INCENSE 40 CONES IN TIN,1.17,0.85,1.25,109,107.44999999999999,10
17090D,VANILLA INCENSE 40 CONES IN TIN,1.25,1.25,1.25,29,36.25,12
17091A,LAVENDER INCENSE IN TIN,0.7976000000000001,0.38,1.25,171,98.91,25
17091J,VANILLA INCENSE IN TIN,0.5476923076923077,0.38,1.25,2066,876.34,87
17096,ASSORTED LAQUERED INCENSE HOLDERS,0.20076923076923076,0.17,0.21,2516,443.76000000000005,13
17107D,"FLOWER FAIRY,5 SUMMER B'DRAW LINERS",2.55,2.55,2.55,170,433.5,46
17109D,FLOWER FAIRY INCENSE BOUQUET,0.9039999999999999,0.38,1.69,61,32.349999999999994,5
17129F,BLUE GLASS GEMS IN BAG,0.844,0.64,1.63,425,289.55,20
17136A,BLUE STONES ON WIRE FOR CANDLE,0.10294117647058823,0.08,0.21,352,29.59,17
17164B,ASS COL SMALL SAND GECKO P'WEIGHT,0.42,0.42,0.42,27,11.34,9
17165D,ASS COL LARGE SAND FROG P'WEIGHT,1.05,1.05,1.05,27,28.35,7
17174,ASSTD RASTA KEY-CHAINS,0.42,0.42,0.42,9,3.7800000000000002,3
17191A,ROSE FLOWER CANDLE+INCENSE 16X16CM,3.75,3.75,3.75,4,15.0,2
18007,ESSENTIAL BALM 3.5g TIN IN ENVELOPE,0.16666666666666666,0.06,0.18,5856,383.76,17
18094C,WHITE AND BLUE CERAMIC OIL BURNER,1.1966666666666665,0.85,1.25,134,153.1,15
18097A,PINK TALL PORCELAIN T-LIGHT HOLDER ,2.55,2.55,2.55,5,12.75,4
18097C,WHITE TALL PORCELAIN T-LIGHT HOLDER,2.494444444444444,1.95,2.55,377,889.35,54
18098C,PORCELAIN BUTTERFLY OIL BURNER,2.918421052631579,2.55,2.95,193,540.5500000000001,36
20615,BLUE POLKADOT PASSPORT COVER,1.4831428571428573,0.75,4.13,231,233.34,35
20616,CHERRY BLOSSOM PASSPORT COVER,1.3172,0.75,4.13,134,122.78,25
20617,FIRST CLASS PASSPORT COVER ,2.224615384615385,1.69,4.13,66,137.74,26
20618,QUEEN OF THE SKIES PASSPORT COVER ,2.0707142857142857,1.69,2.1,68,137.88000000000002,28
20619,TROPICAL PASSPORT COVER ,2.309090909090909,0.75,4.13,142,206.23000000000002,22
20622,VIPPASSPORT COVER ,1.99,0.75,2.1,162,238.08,32
20652,BLUE POLKADOT LUGGAGE TAG ,1.4333333333333333,1.25,2.46,147,191.01,33
20653,CHERRY BLOSSOM LUGGAGE TAG,1.6533333333333333,1.25,2.46,33,43.67,6
20654,FIRST CLASS LUGGAGE TAG ,1.2341666666666666,1.06,1.25,105,126.69,23
20655,QUEEN OF SKIES LUGGAGE TAG,1.31,1.06,2.46,89,109.11,34
20657,TROPICAL LUGGAGE TAG,1.3513636363636363,1.06,2.46,61,76.39,22
20658,RED RETROSPOT LUGGAGE TAG,1.25,1.25,1.25,327,408.75,59
20659,ECONOMY LUGGAGE TAG,1.5499999999999998,1.06,2.46,94,139.56,29
20661,BLUE POLKADOT PURSE ,4.654,2.95,5.79,9,35.07,5
20662,FIRST CLASS HOLIDAY PURSE ,4.086,2.95,5.79,11,40.97,5
20663,QUEEN OF THE SKIES HOLIDAY PURSE ,3.896666666666667,2.95,5.79,3,11.690000000000001,3
20664,TROPICAL HOLIDAY PURSE ,2.9500000000000006,2.95,2.95,6,17.700000000000003,3
20665,RED RETROSPOT PURSE ,2.944520547945206,2.55,2.95,340,998.2000000000002,73
20666,ECONOMY HOLIDAY PURSE,2.95,2.95,2.95,4,11.8,4
20667,CHERRY BLOSSOM PURSE,2.95,2.95,2.95,1,2.95,1
20668,DISCO BALL CHRISTMAS DECORATION,0.11847826086956523,0.1,0.12,12618,1397.04,181
20669,RED HEART LUGGAGE TAG,1.25,1.25,1.25,195,243.75,42
20670,VIP HOLIDAY PURSE,3.896666666666667,2.95,5.79,8,29.28,6
20671,BLUE TEATIME PRINT BOWL ,1.25,1.25,1.25,10,12.5,2
20674,GREEN POLKADOT BOWL,1.2517218543046358,1.06,2.46,1354,1625.31,150
20675,BLUE POLKADOT BOWL,1.2419383259911896,1.06,2.46,2716,3163.65,225
20676,RED RETROSPOT BOWL,1.243774834437086,1.06,2.46,4288,4953.2300000000005,301
20677,PINK POLKADOT BOWL,1.2583856502242152,1.06,2.46,3152,3633.8300000000004,221
20678,LARGE BLACK DIAMANTE HAIRSLIDE,1.65,1.65,1.65,4,6.6,1
20679,EDWARDIAN PARASOL RED,5.920693430656934,4.6,12.46,1621,9002.32,273
20681,PINK POLKADOT CHILDRENS UMBRELLA,3.25,3.25,3.25,123,399.75,35
20682,RED RETROSPOT CHILDRENS UMBRELLA,3.3109523809523806,2.75,6.63,1120,3564.66,188
20684,STRAWBERRY DREAM CHILDS UMBRELLA,3.25,3.25,3.25,77,250.25,32
20685,DOORMAT RED RETROSPOT,7.749760273972602,4.58,15.79,3831,24903.63,583
20686,DOLLY MIXTURE CHILDREN'S UMBRELLA,3.3028125,3.25,6.63,252,822.38,64
20694,FLORAL PINK MONSTER,3.75,3.75,3.75,36,135.0,10
20695,FLORAL BLUE MONSTER,4.25,4.25,4.25,5,21.25,4
20696,FLORAL SOFT CAR TOY,3.75,3.75,3.75,32,120.0,10
20697,LITTLE GREEN MONSTER SOFT TOY,2.55,2.55,2.55,17,43.349999999999994,9
20698,LITTLE PINK MONSTER SOFT TOY,2.55,2.55,2.55,16,40.8,7
20699,MOUSEY LONG LEGS SOFT TOY,2.55,2.55,2.55,29,73.94999999999999,11
20700,GREEN CAT FLORAL CUSHION COVER ,3.75,3.75,3.75,10,37.5,4
20701,PINK CAT FLORAL CUSHION COVER ,3.75,3.75,3.75,6,22.5,3
20702,PINK PADDED MOBILE,4.25,4.25,4.25,127,539.75,40
20703,BLUE PADDED SOFT MOBILE,4.25,4.25,4.25,-6,-25.5,4
20704,MR ROBOT SOFT TOY,4.825,1.95,6.95,207,598.65,40
20705,MRS ROBOT SOFT TOY,4.708620689655173,1.95,6.95,142,426.9,29
20707,CRAZY DAISY HEART DECORATION,1.5346875,1.06,2.46,154,194.27,32
20711,JUMBO BAG TOYS ,2.0079133858267717,1.65,2.08,4176,7648.97,252
20712,JUMBO BAG WOODLAND ANIMALS,2.0346442687747035,1.65,4.13,7947,15085.14,501
20713,JUMBO BAG OWLS,2.0167298578199055,1.65,4.13,10208,18615.59,417
20716,PARTY FOOD SHOPPER BAG,1.2445714285714287,1.06,1.25,314,373.5,34
20717,STRAWBERRY SHOPPER BAG,1.2759322033898306,1.06,2.46,2024,2440.88,232
20718,RED RETROSPOT SHOPPER BAG,1.2648593350383632,1.06,2.46,4233,5077.32,388
20719,WOODLAND CHARLOTTE BAG,0.8447619047619048,0.72,1.63,9107,7174.54,539
20723,STRAWBERRY CHARLOTTE BAG,0.8589566929133857,0.72,1.63,6767,5453.99,504
20724,RED RETROSPOT CHARLOTTE BAG,0.8482984293193717,0.72,1.63,12582,9952.14,755
20725,LUNCH BAG RED RETROSPOT,1.6569836552748884,1.45,4.13,17224,27340.4,1330
20726,LUNCH BAG WOODLAND,1.658705882352941,1.45,4.13,9009,14362.61,839
20727,LUNCH BAG  BLACK SKULL.,1.6429026387625114,1.45,1.65,11128,17764.6,1073
20728,LUNCH BAG CARS BLUE,1.656,1.45,4.13,10575,16887.03,989
20731,POSY CANDY BAG,1.25,1.25,1.25,74,92.5,8
20733,GOLD MINI TAPE MEASURE ,0.83625,0.72,0.85,616,471.2,47
20735,BLACK MINI TAPE MEASURE ,0.8456666666666667,0.72,0.85,158,121.3,30
20748,KENSINGTON COFFEE SET,12.75,12.75,12.75,53,675.75,30
20749,ASSORTED COLOUR MINI CASES,7.792688172043011,6.35,16.63,1709,12043.91,371
20750,RED RETROSPOT MINI CASES,7.7510810810810815,6.35,7.95,1705,12161.15,369
20751,FUNKY WASHING UP GLOVES ASSORTED,2.095367231638418,1.69,2.1,940,1914.96,172
20752,BLUE POLKADOT WASHING UP GLOVES,2.1,2.1,2.1,358,751.8000000000001,117
20754,RETROSPOT RED WASHING UP GLOVES,2.0898765432098765,1.69,2.1,1354,2666.28,240
20755,BLUE PAISLEY POCKET BOOK,0.85,0.85,0.85,291,247.35,50
20756,GREEN FERN POCKET BOOK,0.85,0.85,0.85,63,53.55,22
20757,RED DAISY POCKET BOOK ,0.8751612903225806,0.85,1.63,155,132.53,30
20758,ABSTRACT CIRCLES POCKET BOOK,0.85,0.85,0.85,158,134.29999999999998,41
20759,CHRYSANTHEMUM POCKET BOOK ,0.85,0.85,0.85,64,54.4,20
20760,GARDEN PATH POCKET BOOK,0.85,0.85,0.85,69,58.65,21
20761,BLUE PAISLEY SKETCHBOOK,3.821346153846154,3.75,7.46,107,408.67,52
20762,GREEN FERN SKETCHBOOK ,3.8227450980392157,3.75,7.46,101,382.46,51
20763,DAISY SKETCHBOOK ,3.6984,1.25,7.46,71,189.96,25
20764,ABSTRACT CIRCLES SKETCHBOOK ,3.9324590163934428,3.75,7.46,126,483.63,60
20765,CHRYSANTHEMUM SKETCHBOOK ,3.968235294117647,3.75,7.46,94,367.34,51
20766,GARDEN PATH SKETCHBOOK,3.887916666666667,2.95,7.46,111,414.58,47
20767,BLUE PAISLEY JOURNAL ,2.625344827586207,2.1,4.96,214,534.3199999999999,58
20768,GREEN FERN JOURNAL ,2.6044444444444443,2.1,4.96,130,317.71,36
20769,DAISY JOURNAL ,2.6426923076923075,2.55,4.96,66,173.11999999999998,26
20770,ABSTRACT CIRCLE JOURNAL ,2.533928571428571,2.1,2.55,107,256.65,28
20771,CHRYSANTHEMUM  JOURNAL,2.639259259259259,2.55,4.96,70,180.91,27
20772,GARDEN PATH JOURNAL,2.591702127659574,2.1,4.96,217,531.91,47
20773,BLUE PAISLEY NOTEBOOK,1.6499999999999997,1.65,1.65,56,92.39999999999999,23
20774,GREEN FERN NOTEBOOK,1.65,1.65,1.65,52,85.8,22
20775,DAISY NOTEBOOK ,1.65,1.65,1.65,63,103.94999999999999,20
20777,CHRYSANTHEMUM NOTEBOOK,1.65,1.65,1.65,95,156.75,36
20778,GARDEN PATH NOTEBOOK ,1.65,1.65,1.65,15,24.75,8
20780,BLACK EAR MUFF HEADPHONES,5.737777777777778,4.65,10.79,36,192.86,17
20781,GOLD EAR MUFF HEADPHONES,5.152857142857143,1.95,5.49,28,146.64000000000001,21
20782,CAMOUFLAGE EAR MUFF HEADPHONES,5.593529411764706,1.95,10.79,39,215.87,17
20785,FUSCHIA RETRO BAR STOOL,39.15,35.95,39.95,14,523.3000000000001,5
20793,BLUE TILED TRAY,6.75,6.75,6.75,3,20.25,5
20794,BLUE  TILE HOOK,2.525,2.1,2.55,76,190.2,17
20795,LARGE BLUE PROVENCAL CERAMIC BALL,2.1,2.1,2.1,38,79.80000000000001,10
20796,SMALL BLUE PROVENCAL CERAMIC BALL,1.65,1.65,1.65,61,100.64999999999999,8
20798,CLEAR MILKSHAKE GLASS,2.025,1.65,2.1,32,69.00000000000001,6
20801,LARGE PINK GLASS SUNDAE DISH,0.9338596491228071,0.75,2.55,816,684.16,56
20802,SMALL GLASS SUNDAE DISH CLEAR,1.4497826086956522,0.42,1.65,609,710.3699999999999,46
20803,SMALL PINK GLASS SUNDAE DISH,0.5136363636363637,0.39,1.65,843,355.35,33
20816,GOLD FLOWER CUSHION COVER ,1.95,1.95,1.95,8,15.6,2
20818,GOLD TEDDY BEAR,2.5,1.25,3.75,12,20.0,2
20819,SILVER TEDDY BEAR,3.981875,3.75,7.46,48,183.71,16
20820,SILVER LOOKING MIRROR,4.95,4.95,4.95,5,24.75,2
20821,GOLDIE LOOKING MIRROR,4.95,4.95,4.95,4,19.8,7
20823,GOLD WINE GOBLET,0.79,0.79,0.79,160,126.4,7
20826,SILVER APERITIF GLASS,0.8225,0.39,2.12,276,128.4,8
20827,GOLD APERITIF GLASS,0.39,0.39,0.39,88,34.32,2
20828,GLITTER BUTTERFLY CLIPS,2.5402173913043478,2.1,2.55,1010,2489.1,177
20829,GLITTER HANGING BUTTERFLY STRING,2.146551724137931,1.69,4.13,1144,2323.13,169
20830,SILVER PHOTO FRAME,2.1,2.1,2.1,74,155.4,21
20831,GOLD PHOTO FRAME,1.8645833333333333,0.79,2.1,169,272.34000000000003,24
20832,RED FLOCK LOVE HEART PHOTO FRAME,0.5826315789473684,0.39,0.85,1009,516.8299999999999,56
20835,FRENCH LATTICE CUSHION COVER ,0.83,0.83,0.83,66,54.779999999999994,7
20836,FRENCH PAISLEY CUSHION COVER,0.83,0.83,0.83,158,131.14,18
20837,FRENCH FLORAL CUSHION COVER ,0.9713333333333334,0.83,2.95,141,142.47,15
20838,FRENCH LATTICE CUSHION COVER ,0.9217647058823529,0.85,3.29,318,272.74,34
20839,FRENCH PAISLEY CUSHION COVER ,0.9855102040816326,0.85,3.29,452,411.84,49
20840,FRENCH FLORAL CUSHION COVER ,0.9584444444444443,0.85,3.29,452,389.08,44
20845,ZINC HEART LATTICE 2 WALL PLANTER,6.35,6.35,6.35,19,120.64999999999999,11
20846,ZINC HEART LATTICE T-LIGHT HOLDER,1.2601587301587303,1.06,2.46,646,784.22,62
20847,ZINC HEART LATTICE CHARGER LARGE,3.75,3.75,3.75,46,172.5,14
20848,ZINC HEART LATTICE CHARGER SMALL,2.95,2.95,2.95,21,61.95,8
20851,ZINC HEART LATTICE TRAY OVAL ,5.95,5.95,5.95,9,53.550000000000004,7
20854,BLUE PATCH PURSE PINK HEART,1.6388888888888888,1.45,1.65,150,229.69999999999996,18
20856,DENIM PATCH PURSE PINK BUTTERFLY,1.65,1.65,1.65,130,214.5,28
20857,BLUE ROSE PATCH PURSE PINK BUTTERFL,1.65,1.65,1.65,17,28.049999999999997,9
20861,GOLD COSMETIC BAG PINK STAR,2.1,2.1,2.1,2,4.2,2
20866,BLUE ROSE FABRIC MIRROR,1.2986842105263159,1.06,2.46,288,360.14,38
20867,PINK ROSE FABRIC MIRROR,1.2424,1.06,1.25,187,231.47,25
20868,SILVER FABRIC MIRROR,0.567741935483871,0.39,2.46,381,159.26000000000002,31
20869,GOLD FABRIC MIRROR,0.39,0.39,0.39,139,54.21000000000001,17
20878,SET/9 CHRISTMAS T-LIGHTS SCENTED ,1.25,1.25,1.25,24,30.0,7
20886,BOX OF 9 PEBBLE CANDLES,1.9462025316455696,1.65,1.95,446,839.6999999999999,78
20892,SET/3 TALL GLASS CANDLE HOLDER PINK,12.75,12.75,12.75,1,12.75,1
20893,HANGING BAUBLE T-LIGHT HOLDER SMALL,2.46,2.1,2.55,222,490.95,20
20894,HANGING BAUBLE T-LIGHT HOLDER LARGE,2.95,2.95,2.95,25,73.75,9
20897,VINTAGE NOTEBOOK PARIS DAYS,2.91,2.55,2.95,73,194.95,10
20898,VINTAGE NOTEBOOK TRAVELOGUE,2.9500000000000006,2.95,2.95,19,56.050000000000004,5
20901,VINTAGE KEEPSAKE BOX PINK FLOWER,6.349999999999999,6.35,6.35,1,6.35,3
20902,VINTAGE KEEPSAKE BOX PARIS DAYS,6.216666666666666,5.55,6.35,33,190.35,6
20903,VINTAGE KEEPSAKE BOX TRAVELOGUE,6.35,6.35,6.35,20,127.0,10
20906,VINTAGE NOTEBOOK BEAUTY GIRL,2.95,2.95,2.95,3,8.850000000000001,2
20910,VINTAGE PHOTO ALBUM PARIS DAYS,6.349999999999999,6.35,6.35,8,50.8,3
20914,SET/5 RED RETROSPOT LID GLASS BOWLS,2.949950495049505,2.55,5.79,6052,16970.68,798
20931,BLUE POT PLANT CANDLE ,3.1064102564102565,1.25,3.75,249,753.1500000000001,39
20932,PINK POT PLANT CANDLE,3.004166666666667,1.25,3.75,179,486.75000000000006,24
20933,YELLOW POT PLANT CANDLE,3.127777777777778,2.95,3.75,23,71.05,9
20934,SET/3 POT PLANT CANDLES,5.429166666666667,4.95,5.45,40,219.0,24
20935,ROUND CACTUS CANDLE,2.95,2.95,2.95,6,17.700000000000003,4
20936,FORKED CACTUS CANDLE,3.0825925925925928,1.25,5.79,91,270.03000000000003,27
20941,FROG CANDLE,1.25,1.25,1.25,59,73.75,18
20956,PORCELAIN T-LIGHT HOLDERS ASSORTED,1.2890322580645162,1.25,2.46,723,907.38,61
20957,PORCELAIN HANGING BELL SMALL,1.45,1.45,1.45,-1,-1.45,1
20961,STRAWBERRY BATH SPONGE ,1.3156589147286821,1.25,2.46,976,1239.36,128
20963,APPLE BATH SPONGE,1.32744,1.25,2.46,1100,1397.99,122
20964,POLYESTER FILLER PAD 60x40cm,2.55,2.55,2.55,2,5.1,1
20966,SANDWICH BATH SPONGE,1.2453658536585366,1.06,1.25,589,698.25,41
20967,GREY FLORAL FELTCRAFT SHOULDER BAG,3.75,3.75,3.75,256,960.0,75
20969,RED FLORAL FELTCRAFT SHOULDER BAG,3.817876447876448,3.39,7.46,1729,6234.900000000001,259
20970,PINK FLORAL FELTCRAFT SHOULDER BAG,3.7807725321888412,3.39,7.46,1077,3968.63,232
20971,PINK BLUE FELT CRAFT TRINKET BOX,1.269225806451613,1.06,2.46,8896,10214.38,461
20972,PINK CREAM FELT CRAFT TRINKET BOX ,1.2747697974217311,1.06,2.46,7082,8587.24,537
20973,12 PENCIL SMALL TUBE WOODLAND,0.665625,0.55,1.25,3994,2542.7000000000003,278
20974,12 PENCILS SMALL TUBE SKULL,0.6483443708609272,0.55,0.65,6161,3862.65,294
20975,12 PENCILS SMALL TUBE RED RETROSPOT,0.6490476190476191,0.55,0.65,6273,4018.6500000000005,311
20977,36 PENCILS TUBE WOODLAND,1.2487074829931972,1.06,1.25,1520,1875.68,146
20978,36 PENCILS TUBE SKULLS,1.2489617486338798,1.06,1.25,1611,1989.43,180
20979,36 PENCILS TUBE RED RETROSPOT,1.2445934959349594,1.06,1.25,3358,4027.26,246
20980,36 PENCILS TUBE POSY,1.25,1.25,1.25,18,22.5,12
20981,12 PENCILS TALL TUBE WOODLAND,0.8499999999999999,0.85,0.85,1830,1555.5,212
20982,12 PENCILS TALL TUBE SKULLS,0.8494117647058823,0.72,0.85,2010,1702.26,218
20983,12 PENCILS TALL TUBE RED RETROSPOT,0.8494715447154472,0.72,0.85,2636,2234.3599999999997,237
20984,12 PENCILS TALL TUBE POSY,0.3640229885057471,0.29,0.85,3758,1154.2199999999998,168
20985,HEART CALCULATOR,1.2762105263157895,1.06,2.46,997,1136.45,90
20986,BLUE CALCULATOR RULER,1.3231147540983605,1.06,2.46,459,543.01,58
20992,JAZZ HEARTS PURSE NOTEBOOK,0.45910852713178296,0.39,0.85,4339,1845.87,244
20996,JAZZ HEARTS ADDRESS BOOK,0.2532972972972973,0.19,0.83,3054,648.12,184
20997,ROSE DU SUD CUSHION COVER ,4.95,4.95,4.95,15,74.25,5
20998,ROSE DU SUD OVEN GLOVE,2.935714285714286,2.55,2.95,119,348.25000000000006,28
21000,ROSE DU SUD COSMETICS BAG,4.25,4.25,4.25,45,191.25,16
21001,ROSE DU SUD WASHBAG ,5.95,5.95,5.95,24,142.8,12
21002,ROSE DU SUD DRAWSTRING BAG,4.25,4.25,4.25,13,55.25,5
21003,ROSE DU SUD CUSHION COVER,6.349999999999999,6.35,6.35,13,82.55,6
21011,GLITTER SNOW PEAR TREE DECORATION,1.45,1.45,1.45,18,26.099999999999998,2
21012,ANTIQUE ALL GLASS CANDLESTICK,2.085180722891566,1.69,2.1,562,1122.8,81
21014,SWISS CHALET TREE DECORATION ,0.41,0.29,0.85,1233,455.56999999999994,66
21015,DARK BIRD HOUSE TREE DECORATION,0.3229411764705882,0.29,0.85,1245,376.16999999999996,67
21018,BIRD BOX CHRISTMAS TREE DECORATION,0.85,0.85,0.85,22,18.7,4
21025,SPACE FROG,1.465,1.06,2.46,100,127.25,16
21026,SPACE OWL,1.3513636363636363,1.06,2.46,140,173.62,22
21027,NINJA RABBIT PINK,1.2394444444444443,1.06,1.25,99,119.95,17
21028,NINJA RABBIT BLACK,1.52,1.06,2.46,116,148.29,21
21030,SPACE CADET RED,1.305,1.25,2.46,111,141.17,21
21031,SPACE CADET BLACK,1.371,1.25,2.46,39,49.96,10
21032,SPACE CADET WHITE,1.492,1.25,2.46,64,83.63,15
21033,JUMBO BAG CHARLIE AND LOLA TOYS,2.3156880733944956,1.65,2.95,920,1930.88,109
21034,REX CASH+CARRY JUMBO SHOPPER,0.95,0.95,0.95,1811,1720.4499999999998,862
21035,SET/2 RED RETROSPOT TEA TOWELS ,3.2860538116591926,2.75,6.63,2115,6257.01,221
21038,SET/4 MODERN VINTAGE COTTON NAPKINS,1.24,0.79,2.95,75,80.85000000000001,24
21039,RED RETROSPOT SHOPPING BAG,2.7083544303797464,2.1,5.79,498,1254.06,79
21040,MODERN VINTAGE COTTON SHOPPING BAG,1.67,0.79,2.55,22,29.7,8
21041,RED RETROSPOT OVEN GLOVE DOUBLE,2.95,2.95,2.95,566,1669.7000000000003,141
21042,RED RETROSPOT APRON ,5.938495575221239,4.65,5.95,296,1762.5,110
21043,APRON MODERN VINTAGE COTTON,2.300877192982456,1.95,5.95,441,927.9499999999999,57
21051,RIBBONS PURSE ,2.1845833333333333,2.1,4.13,108,228.83,24
21054,NURSE'S BAG SOFT TOY,8.95,8.95,8.95,68,608.5999999999999,27
21055,TOOL BOX SOFT TOY ,9.505180722891566,8.95,16.63,138,1296.54,83
21056,DOCTOR'S BAG SOFT TOY,9.725882352941175,7.95,16.63,172,1622.28,68
21058,PARTY INVITES WOODLAND,0.8644444444444445,0.72,1.63,1034,843.02,88
21059,PARTY INVITES DINOSAURS,0.85,0.85,0.85,561,476.84999999999997,78
21060,PARTY INVITES BALLOON GIRL,0.85,0.85,0.85,356,302.59999999999997,53
21061,PARTY INVITES FOOTBALL,0.8499999999999999,0.85,0.85,412,350.2,52
21062,PARTY INVITES SPACEMAN,0.85,0.85,0.85,500,425.0,61
21063,PARTY INVITES JAZZ HEARTS,0.8692592592592592,0.85,1.63,483,412.10999999999996,81
21064,BOOM BOX SPEAKER BOYS,5.026785714285714,1.25,5.95,171,740.15,54
21065,BOOM BOX SPEAKER GIRLS,4.271428571428571,1.25,5.95,485,827.15,40
21066,VINTAGE RED MUG,1.2347619047619047,0.8,1.25,675,641.37,42
21067,VINTAGE RED TEATIME MUG,1.2415555555555555,1.06,1.25,174,217.5,44
21068,VINTAGE BILLBOARD LOVE/HATE MUG,1.2170542635658914,0.8,1.25,1493,1592.05,128
21069,VINTAGE BILLBOARD TEA MUG,1.231730769230769,1.06,1.25,1166,1304.7400000000002,52
21070,VINTAGE BILLBOARD MUG ,1.3275641025641025,0.8,2.46,1032,1058.54,77
21071,VINTAGE BILLBOARD DRINK ME MUG,1.2299090909090908,1.06,2.46,839,1014.62,108
21078,SET/20 STRAWBERRY PAPER NAPKINS ,0.8504950495049504,0.64,1.63,2483,1972.73,201
21080,SET/20 RED RETROSPOT PAPER NAPKINS ,0.8390374331550803,0.64,0.85,12288,9635.539999999999,734
21084,SET/6 COLLAGE PAPER CUPS,0.2569158878504673,0.19,0.83,2175,459.29,104
21086,SET/6 RED SPOTTY PAPER CUPS,0.6589041095890411,0.53,1.63,6573,3999.09,285
21087,SET/6 POSIES PAPER CUPS,0.466,0.19,0.65,126,62.120000000000005,10
21088,SET/6 FRUIT SALAD PAPER CUPS,0.2561333333333333,0.19,0.83,1564,343.14000000000004,75
21089,SET/6 GREEN SPRING PAPER CUPS,0.22833333333333336,0.19,0.65,231,45.730000000000004,24
21090,SET/6 COLLAGE PAPER PLATES,0.45766666666666667,0.39,0.85,1628,690.22,119
21094,SET/6 RED SPOTTY PAPER PLATES,0.8289634146341462,0.64,0.85,7351,5496.53,325
21095,SET/6 POSIES PAPER PLATES,0.85,0.85,0.85,95,80.75,9
21096,SET/6 FRUIT SALAD  PAPER PLATES,0.4482857142857143,0.39,0.85,1143,479.25,70
21098,CHRISTMAS TOILET ROLL,1.3029378531073446,1.06,2.46,3125,3623.14,165
21100,CHARLIE AND LOLA CHARLOTTE BAG,1.65,1.65,1.65,43,70.95,8
21106,CREAM SLICE FLANNEL CHOCOLATE SPOT ,2.9042857142857144,2.55,2.95,193,530.95,34
21107,CREAM SLICE FLANNEL PINK SPOT ,2.8674603174603175,2.55,2.95,837,2209.95,62
21108,FAIRY CAKE FLANNEL ASSORTED COLOUR,1.400204081632653,0.79,2.55,6920,10700.150000000001,195
21109,LARGE CAKE TOWEL CHOCOLATE SPOTS,4.172222222222222,1.95,6.75,836,2129.4,68
21110,LARGE CAKE TOWEL PINK SPOTS,5.4775,1.95,6.75,772,2274.8,79
21111,"SWISS ROLL TOWEL, CHOCOLATE  SPOTS",2.1598039215686278,1.25,2.95,788,1290.3,50
21112,SWISS ROLL TOWEL PINK  SPOTS,2.5917391304347825,1.25,5.79,1245,2551.83,46
21114,LAVENDER SCENTED FABRIC HEART,1.321923076923077,1.06,10.79,1317,1661.53,129
21115,ROSE CARAVAN DOORSTOP,5.874307692307692,1.95,14.13,519,2567.61,129
21116,OWL DOORSTOP,4.948644067796611,4.25,8.29,489,2339.19,117
21117,BLOND DOLL DOORSTOP,1.6428571428571428,1.25,6.75,109,141.75,14
21121,SET/10 RED POLKADOT PARTY CANDLES,1.2466666666666668,1.06,1.25,6450,7734.18,338
21122,SET/10 PINK POLKADOT PARTY CANDLES,1.2514376996805112,1.06,2.46,5202,6284.83,307
21123,SET/10 IVORY POLKADOT PARTY CANDLES,1.2375247524752475,0.83,1.25,949,1183.31,98
21124,SET/10 BLUE POLKADOT PARTY CANDLES,1.2475324675324675,1.06,1.25,3917,4732.09,230
21125,SET 6 FOOTBALL CELEBRATION CANDLES,1.25,1.25,1.25,593,741.25,69
21126,SET OF 6 GIRLS CELEBRATION CANDLES,1.2472058823529413,1.06,1.25,487,604.19,67
21128,GOLD FISHING GNOME,6.9193750000000005,1.95,12.46,47,284.16,16
21129,SILVER FISHING GNOME ,8.214285714285714,5.95,12.46,43,318.40000000000003,21
21131,GOLD STANDING GNOME,3.8676470588235294,1.25,4.25,93,290.25,17
21132,SILVER STANDING GNOME   ,3.875,1.25,4.25,35,142.75,16
21135,VICTORIAN  METAL POSTCARD SPRING,1.6582840236686391,0.2,1.69,2415,2851.59,164
21136,PAINTED METAL PEARS ASSORTED,1.692638888888889,1.45,3.12,4445,7439.01,354
21137,BLACK RECORD COVER FRAME,3.65884012539185,3.39,7.46,11386,38990.63,318
21143,ANTIQUE GLASS HEART DECORATION ,1.95,1.95,1.95,293,571.3499999999999,28
21144,PINK POODLE HANGING DECORATION ,0.38,0.38,0.38,-12,-4.5600000000000005,1
21145,ANTIQUE GLASS PLACE SETTING,1.25,1.25,1.25,122,152.5,8
21147,JINGLE BELLS TREE DECORATION,2.2800000000000002,2.1,2.46,89,200.94,21
21154,RED RETROSPOT OVEN GLOVE ,1.2935055350553506,1.06,2.46,2974,3523.38,266
21155,RED RETROSPOT PEG BAG,2.517069892473118,2.1,4.96,2220,5364.349999999999,367
21156,RETROSPOT CHILDRENS APRON,1.9995016611295682,1.65,4.13,2999,5509.87,300
21157,RED RETROSPOT WASHBAG,2.1,2.1,2.1,48,100.80000000000001,14
21158,MOODY GIRL DOOR HANGER ,0.6201315789473685,0.39,1.45,1398,675.6,147
21159,MOODY BOY  DOOR HANGER ,0.6942592592592592,0.39,1.45,1108,542.36,108
21161,KEEP OUT BOYS DOOR HANGER ,1.45,1.45,1.45,130,188.5,34
21162,TOXIC AREA  DOOR HANGER ,0.6111510791366906,0.39,1.45,1413,695.23,137
21163,DO NOT TOUCH MY STUFF DOOR HANGER ,0.7016521739130435,0.39,1.45,1170,598.54,111
21164,HOME SWEET HOME METAL SIGN ,2.938192771084337,2.55,3.21,1706,4827.02,247
21165,BEWARE OF THE CAT METAL SIGN ,1.6722950819672129,1.45,1.69,4013,6381.65,360
21166,COOK WITH WINE METAL SIGN ,2.0374757281553397,1.4,2.41,10082,20071.030000000002,613
21167,WHITE SAGE INCENSE,0.21,0.21,0.21,1210,254.1,26
21169,YOU'RE CONFUSING ME METAL SIGN ,1.6702832861189802,1.45,1.69,4252,6714.76,347
21171,BATHROOM METAL SIGN ,1.4333333333333333,1.25,1.45,424,566.8,60
21172,PARTY METAL SIGN ,1.4870526315789472,1.25,4.13,3317,4682.17,373
21174,POTTERING IN THE SHED METAL SIGN,2.07,1.49,2.4,3922,8364.64,371
21175,GIN + TONIC DIET METAL SIGN,2.4646296296296293,1.4,2.67,9945,22288.01,699
21179,NO JUNK MAIL METAL SIGN,0.7429479768786127,0.39,1.25,1771,1014.91,167
21181,PLEASE ONE PERSON METAL SIGN,2.071342657342657,1.49,2.4,11845,23696.120000000003,704
21187,WHITE BELL HONEYCOMB PAPER GARLAND ,1.638235294117647,1.45,1.65,328,522.0,33
21188,3D HEARTS  HONEYCOMB PAPER GARLAND,2.926470588235294,2.55,2.95,294,838.5000000000001,33
21189,WHITE HONEYCOMB PAPER GARLAND ,1.65,1.65,1.65,165,272.25,29
21190,PINK HEARTS PAPER GARLAND,1.575,1.45,1.65,118,172.70000000000002,8
21191,LARGE WHITE HONEYCOMB PAPER BELL  ,2.0813636363636365,1.69,2.1,394,788.0400000000001,44
21192,WHITE BELL HONEYCOMB PAPER ,1.6214285714285712,1.45,1.65,924,1390.1999999999998,39
21194,PINK  HONEYCOMB PAPER FAN,0.9077777777777778,0.65,2.1,426,358.1,44
21195,PINK  HONEYCOMB PAPER BALL ,1.8675,0.65,2.1,417,607.86,24
21196,ROUND WHITE CONFETTI IN TUBE,1.65,1.65,1.65,89,146.84999999999997,9
21197,MULTICOLOUR  CONFETTI IN TUBE,1.5335714285714286,0.42,1.65,222,288.05999999999995,14
21198,WHITE HEART CONFETTI IN TUBE,1.3623076923076924,0.42,1.65,891,870.1499999999999,52
21199,PINK  HEART CONFETTI IN TUBE,1.3754,0.42,1.65,816,746.3999999999999,49
21200,MULTICOLOUR HONEYCOMB PAPER GARLAND,1.5012820512820513,0.65,1.65,1010,1272.8999999999999,39
21201,TROPICAL  HONEYCOMB PAPER GARLAND ,2.5026315789473683,2.1,2.55,1174,2669.7000000000003,73
21202,DOLLY HONEYCOMB GARLAND,1.45,0.65,1.65,448,403.2,20
21204,DAISIES  HONEYCOMB GARLAND ,1.65,1.65,1.65,419,691.3499999999999,51
21205,MULTICOLOUR 3D BALLS GARLAND,2.55,2.55,2.55,189,481.95,51
21206,STRAWBERRY HONEYCOMB  GARLAND ,1.5499999999999998,0.65,1.65,1218,1443.3,76
21207,SKULL AND CROSSBONES  GARLAND ,1.6288235294117646,1.45,1.65,981,1532.2499999999998,84
21208,PASTEL COLOUR HONEYCOMB FAN,0.610655737704918,0.39,1.65,832,515.6999999999999,60
21209,MULTICOLOUR HONEYCOMB FAN,0.6635483870967742,0.39,1.65,1123,660.79,62
21210,SET OF 72 RETROSPOT PAPER  DOILIES,1.4622972972972972,1.25,2.92,5544,7769.37,370
21211,SET OF 72 SKULL PAPER  DOILIES,1.4440298507462686,1.25,1.45,815,1143.35,66
21212,PACK OF 72 RETROSPOT CAKE CASES,0.5479566854990584,0.4,1.25,33386,16235.300000000001,1041
21213,PACK OF 72 SKULL CAKE CASES,0.5405928853754941,0.4,0.55,14254,6829.06,500
21215,IVORY PAPER CUP CAKE CASES ,0.54796875,0.42,0.55,866,460.70000000000005,63
21216,"SET 3 RETROSPOT TEA,COFFEE,SUGAR",4.896980392156863,4.25,10.79,1820,8251.62,251
21217,RED RETROSPOT ROUND CAKE TINS,9.862878787878786,8.95,9.95,965,9088.75,264
21218,RED SPOTTY BISCUIT TIN,3.748433179723502,3.25,8.29,2009,6905.95,214
21219,SET/4 BADGES BALLOON GIRL,1.3625581395348838,1.25,2.46,323,408.59,42
21220,SET/4 BADGES DOGS,1.397560975609756,1.25,2.46,229,299.56,41
21221,SET/4 BADGES CUTE CREATURES,1.3004166666666668,1.25,2.46,201,262.14,24
21222,SET/4 BADGES BEETLES,1.4852777777777777,1.25,2.46,194,252.18,35
21224,SET/4 SKULL BADGES,1.2477380952380952,1.06,1.25,728,906.2,82
21226,POCKET MIRROR WOODLAND,1.25,1.25,1.25,8,10.0,4
21228,"POCKET MIRROR ""GLAMOROUS""",1.25,1.25,1.25,5,6.25,2
21231,SWEETHEART CERAMIC TRINKET BOX,1.2681796116504855,1.06,2.46,5591,6676.530000000001,408
21232,STRAWBERRY CERAMIC TRINKET BOX,1.2523647604327666,1.06,2.46,9970,11753.06,639
21238,RED RETROSPOT CUP,0.8473010380622837,0.72,1.63,3468,2779.19,286
21239,PINK  POLKADOT CUP,0.8461951219512195,0.72,1.63,2551,2031.85,203
21240,BLUE POLKADOT CUP,0.8406306306306307,0.72,0.85,3117,2454.19,220
21242,RED RETROSPOT PLATE ,1.6740707964601769,1.45,1.69,3036,4796.76,226
21243,PINK  POLKADOT PLATE ,1.6723999999999999,1.45,1.69,2105,3315.5299999999997,149
21244,BLUE POLKADOT PLATE ,1.6725165562913906,1.45,1.69,2116,3334.12,150
21245,GREEN POLKADOT PLATE ,1.6963366336633663,1.45,3.29,1011,1618.03,100
21246,RED RETROSPOT BIG BOWL,4.932926829268292,4.25,4.95,173,839.5500000000001,41
21248,DOOR HANGER  MUM + DADS ROOM,1.45,1.45,1.45,186,269.7,53
21249,WOODLAND  HEIGHT CHART STICKERS ,2.9145569620253164,2.55,2.95,672,1874.4,79
21250,SET OF SKULL WALL STICKERS,2.926470588235294,2.55,2.95,92,257.0,17
21251,DINOSAUR HEIGHT CHART STICKER SET,2.95,2.95,2.95,165,486.75000000000006,35
21253,SET OF PICTURE FRAME  STICKERS,2.8150000000000004,0.79,2.95,65,189.59000000000003,16
21257,VICTORIAN SEWING BOX MEDIUM,7.974303797468354,6.95,15.79,476,3639.04,157
21258,VICTORIAN SEWING BOX LARGE,12.702016129032257,6.95,24.96,364,4334.48,124
21259,VICTORIAN SEWING BOX SMALL ,5.9238114754098365,4.95,12.46,1111,6333.96,244
21260,FIRST AID TIN,3.237828947368421,2.75,3.4,1086,3390.6,150
21261,GREEN GOOSE FEATHER CHRISTMAS TREE ,3.468518518518519,2.95,16.95,167,520.6500000000001,27
21262,WHITE GOOSE FEATHER CHRISTMAS TREE ,3.478301886792453,2.95,16.95,260,725.0000000000001,53
21263,GREEN GOOSE FEATHER TREE 60CM,1.95,1.95,1.95,159,310.05,37
21264,WHITE GOOSE FEATHER TREE 60CM ,1.95,1.95,1.95,246,479.7,44
21265,PINK GOOSE FEATHER TREE 60CM,1.95,1.95,1.95,128,249.59999999999997,16
21268,VINTAGE BLUE TINSEL REEL,0.42,0.42,0.42,2,0.84,1
21269,ANTIQUE CREAM CUTLERY SHELF ,8.5,8.5,8.5,28,238.0,18
21270,ANTIQUE CREAM CUTLERY CUPBOARD,12.75,12.75,12.75,14,178.5,13
21272,SALLE DE BAIN HOOK,1.25125,1.06,1.48,496,651.3199999999999,62
21275,ZINC TOP  2 DOOR WOODEN SHELF ,16.768181818181816,14.95,16.95,5,92.75,11
21277,FRENCH STYLE EMBOSSED HEART CABINET,21.361363636363635,12.0,21.95,21,442.0,22
21278,VINTAGE KITCHEN PRINT PUDDINGS,2.55,2.55,2.55,31,79.05,7
21279,VINTAGE KITCHEN PRINT FRUITS,2.55,2.55,2.55,62,158.1,13
21280,VINTAGE KITCHEN PRINT VEGETABLES,2.55,2.55,2.55,65,165.75,12
21281,VINTAGE KITCHEN PRINT SEAFOOD,2.55,2.55,2.55,35,89.24999999999999,6
21284,RETROSPOT CANDLE  SMALL,1.1737037037037037,0.39,3.29,348,281.48,27
21285,RETROSPOT CANDLE  MEDIUM,1.6108823529411767,0.39,4.13,326,342.02000000000004,34
21286,RETROSPOT CANDLE  LARGE,1.2577777777777777,0.59,2.55,255,279.37,18
21287,SCENTED VELVET LOUNGE CANDLE ,0.508888888888889,0.38,1.25,1788,755.13,54
21288,STRIPEY CHOCOLATE NESTING BOXES,2.901219512195122,2.55,2.95,229,646.75,41
21289,LARGE STRIPES CHOCOLATE GIFT BAG,1.25,1.25,1.25,423,528.75,21
21291,SMALL POLKADOT CHOCOLATE GIFT BAG ,0.85,0.85,0.85,920,782.0,40
21292,SMALL STRIPES CHOCOLATE GIFT BAG ,0.8165384615384615,0.19,0.85,865,591.25,26
21293,MIRRORED DOVE WALL DECORATION,2.2068421052631577,2.1,4.13,101,214.13000000000002,18
21294,ETCHED GLASS COASTER,0.519,0.39,1.25,1536,722.88,58
21306,SET/4 DAISY MIRROR MAGNETS,0.5757894736842105,0.29,2.1,467,158.95999999999998,38
21307,SET/4 BUTTERFLY MIRROR MAGNETS,1.2646153846153847,0.29,2.1,79,39.199999999999996,13
21310,CAPIZ CHANDELIER,29.95,29.95,29.95,1,29.95,1
21311,SET/4 BIRD MIRROR MAGNETS ,0.521063829787234,0.29,2.1,425,150.39999999999998,46
21313,GLASS HEART T-LIGHT HOLDER ,0.8294964028776978,0.64,1.63,2797,2074.0899999999997,139
21314,SMALL GLASS HEART TRINKET POT,2.0851436031331594,0.85,4.13,3525,7129.81,382
21316,SMALL CHUNKY GLASS ROMAN  BOWL,1.51,0.79,2.95,148,153.64000000000001,9
21317,GLASS SPHERE CANDLE STAND MEDIUM,5.396428571428571,4.95,5.45,94,505.8,27
21318,GLASS CHALICE BLUE SMALL ,0.8830434782608695,0.39,1.65,661,352.29,45
21319,GLASS CHALICE GREEN  SMALL ,1.246923076923077,0.39,1.65,146,127.86,13
21320,GLASS CHALICE GREEN  LARGE ,1.6338461538461537,0.79,2.55,179,294.96,12
21324,HANGING MEDINA LANTERN SMALL,2.95,2.95,2.95,69,203.55,20
21326,AGED GLASS SILVER T-LIGHT HOLDER,0.6395833333333334,0.55,0.65,10019,6038.35,282
21327,SKULLS WRITING SET ,1.65,1.65,1.65,538,887.6999999999999,145
21328,BALLOONS  WRITING SET ,1.6847089947089946,1.65,3.29,755,1253.9499999999998,187
21329,DINOSAURS  WRITING SET ,1.688816568047337,1.65,3.29,586,975.0999999999999,168
21331,MOROCCAN BEATEN METAL DISH LARGE,12.75,12.75,12.75,11,140.25,7
21332,MOROCCAN BEATEN METAL MIRROR,10.55,3.95,12.75,14,143.3,8
21333,CLASSIC WHITE FRAME,2.95,2.95,2.95,55,162.25,15
21336,GOLD WASHBAG,2.9500000000000006,2.95,2.95,8,23.6,3
21340,CLASSIC METAL BIRDCAGE PLANT HOLDER,12.166516853932585,9.95,24.96,901,9875.96,266
21344,MOROCCAN BEATEN METAL DISH,9.95,9.95,9.95,11,109.44999999999999,6
21348,PINK SPOTS CHOCOLATE NESTING BOXES ,2.79,2.55,2.95,139,355.65,5
21349,IVY HEART WREATH,6.75,6.75,6.75,8,54.0,8
21351,CINAMMON & ORANGE WREATH,6.704285714285715,5.95,6.75,94,607.3,33
21352,EUCALYPTUS & PINECONE  WREATH,4.4884615384615385,2.95,6.75,302,1057.9,39
21354,TOAST ITS - BEST MUM,1.223529411764706,1.05,1.25,751,885.95,68
21355,TOAST ITS - I LOVE YOU ,1.2445454545454546,1.05,1.25,772,955.4,107
21356,TOAST ITS - FAIRY FLOWER,1.1868518518518518,0.83,2.46,303,361.9,53
21357,TOAST ITS - DINOSAUR,1.25,1.25,1.25,19,23.75,10
21358,TOAST ITS - HAPPY BIRTHDAY,1.25,1.25,1.25,327,408.75,59
21359,RELAX LARGE WOOD LETTERS,7.7,3.95,15.95,124,735.8,28
21360,JOY LARGE WOOD LETTERS,7.378571428571428,3.95,9.95,37,194.15,14
21361,LOVE LARGE WOOD LETTERS ,12.717857142857143,10.95,12.75,87,1076.85,56
21363,HOME SMALL WOOD LETTERS,4.95,4.95,4.95,193,955.35,96
21364,PEACE SMALL WOOD LETTERS,6.75,6.75,6.75,24,162.0,22
21365,MIRRORED WALL ART STARS,1.0999999999999999,0.75,2.95,348,360.0,42
21366,MIRRORED WALL ART PHOTO FRAMES,4.25,4.25,4.25,24,102.0,10
21367,MIRRORED WALL ART GENTS,1.56,0.75,4.96,163,159.51,35
21368,MIRRORED WALL ART LADIES,0.8733333333333333,0.75,2.55,160,128.4,30
21369,MIRRORED WALL ART SPLODGES,1.6346153846153846,1.25,3.75,98,142.5,13
21370,MIRRORED WALL ART FOXY,4.94,1.65,12.46,15,88.2,8
21371,MIRRORED WALL ART POPPIES,1.0875,0.75,2.55,275,274.65,32
21372,MIRRORED WALL ART TABLE LAMP,1.3292000000000002,0.75,5.79,67,75.73,25
21373,MIRRORED WALL ART SNOWFLAKES,0.75,0.75,0.75,495,371.25,46
21374,MIRRORED WALL ART SKULLS,1.6875,1.25,3.75,294,400.0,40
21375,LARGE CAMPHOR WOOD FIELD MUSHROOM ,4.6863636363636365,1.25,5.45,22,107.30000000000001,10
21376,LARGE  TALL CAMPHOR WOOD TOADSTOOL ,5.126923076923077,1.25,5.45,29,149.65,13
21377,SMALL CAMPHOR WOOD FIELD  MUSHROOM,1.4510526315789474,0.39,1.65,93,123.20999999999998,19
21378,SMALL TALL CAMPHOR WOOD TOADSTOOL,1.478181818181818,0.39,1.65,129,175.04999999999998,22
21379,CAMPHOR WOOD PORTOBELLO MUSHROOM,1.1378260869565218,0.39,1.25,141,155.61,23
21380,WOODEN HAPPY BIRTHDAY GARLAND,2.9745493562231764,2.55,5.79,2089,5898.35,233
21381,MINI WOODEN HAPPY BIRTHDAY GARLAND,1.6883098591549295,1.45,1.69,1670,2684.06,140
21382,SET/4 SPRING FLOWER DECORATION,1.6531578947368422,0.75,2.95,1032,1145.8,94
21383,PACK OF 12 STICKY BUNNIES,0.65,0.65,0.65,763,495.95000000000005,78
21385,IVORY HANGING DECORATION  HEART,0.8596744186046511,0.72,1.63,3556,2950.8399999999997,206
21386,IVORY HANGING DECORATION  EGG,0.45399999999999996,0.19,0.85,689,253.01,46
21389,IVORY HANGING DECORATION  BIRD,0.85,0.85,0.85,1014,861.9,95
21390,FILIGRIS HEART WITH BUTTERFLY,1.2636813186813187,1.06,2.46,3775,4536.63,175
21391,FRENCH LAVENDER SCENT HEART,1.0096153846153846,0.75,2.1,962,840.3000000000001,76
21392,RED POLKADOT PUDDING BOWL,1.3671428571428572,0.39,2.1,32,38.13,6
21393,BLUE POLKADOT PUDDING BOWL,1.45875,0.39,2.1,29,38.67,7
21394,RED POLKADOT BEAKER ,0.44016949152542373,0.39,1.95,3800,1530.04,118
21395,BLUE POLKADOT BEAKER ,0.39,0.39,0.39,2796,1090.44,81
21397,BLUE POLKADOT EGG CUP ,0.5268181818181819,0.39,1.25,1016,445.26,44
21398,RED POLKADOT COFFEE  MUG,0.6691836734693878,0.39,2.1,1499,642.75,49
21399,BLUE POLKADOT COFFEE MUG,0.5454545454545454,0.39,2.1,1924,782.8499999999999,65
21400,RED PUDDING SPOON,0.1575,0.12,0.42,837,109.74,48
21401,BLUE PUDDING SPOON,0.15050847457627117,0.12,0.42,1010,132.29999999999998,58
21402,RED  EGG  SPOON,0.12491803278688525,0.12,0.42,1290,155.4,61
21403,BLUE EGG  SPOON,0.13183098591549294,0.12,0.42,1718,258.71999999999997,71
21407,BROWN CHECK CAT DOORSTOP ,4.221052631578948,3.0,4.25,232,960.75,95
21408,SPOTTY PINK DUCK DOORSTOP,4.076666666666667,1.95,8.29,219,744.01,66
21411,GINGHAM HEART  DOORSTOP RED,3.8997872340425532,1.95,8.29,708,2345.7599999999998,186
21412,VINTAGE GOLD TINSEL REEL,0.42,0.42,0.42,-6,-2.52,1
21413,PERIWINKLE T-LIGHT HOLDER,1.25,1.25,1.25,36,45.0,10
21414,SCALLOP SHELL SOAP DISH,2.1,2.1,2.1,1,2.1,1
21415,CLAM SHELL SMALL ,1.969,0.79,2.1,202,375.73,30
21416,CLAM SHELL LARGE,3.75,3.75,3.75,5,18.75,4
21417,COCKLE SHELL DISH,1.7824242424242425,0.79,2.1,288,418.78000000000003,33
21418,STARFISH SOAP DISH,2.0084615384615385,0.79,2.55,59,115.25,12
21420,OYSTER TRINKET BOX,2.8985714285714286,0.79,3.25,47,83.87,13
21421,PORCELAIN ROSE LARGE ,1.2353846153846153,1.06,1.25,298,345.14,13
21422,PORCELAIN ROSE SMALL,0.906875,0.72,1.63,1556,1214.96,48
21424,WOODLAND STORAGE BOX LARGE ,2.890740740740741,2.55,2.95,222,597.3,27
21425,SKULLS STORAGE BOX LARGE,2.9250000000000003,2.55,2.95,67,188.05,16
21426,WOODLAND STORAGE BOX SMALL,2.0523809523809526,1.85,2.1,209,402.90000000000003,20
21427,SKULLS STORAGE BOX SMALL,2.1,2.1,2.1,74,155.4,28
21428,SET3 BOOK BOX GREEN GINGHAM FLOWER ,4.1803723404255315,2.66,4.25,1063,4123.05,188
21429,RED GINGHAM ROSE JEWELLERY BOX,1.8803030303030301,1.45,1.95,1570,2843.1,226
21430,SET/3 RED GINGHAM ROSE STORAGE BOX,3.693183183183183,2.33,4.25,2657,9257.79,331
21439,BASKET OF TOADSTOOLS,1.2451898734177216,1.06,1.25,914,1142.5,78
21441,BLUE BIRDHOUSE DECORATION,0.7626315789473684,0.19,1.63,376,223.3,38
21442,GREEN BIRDHOUSE DECORATION,0.7144444444444444,0.19,0.85,386,229.45999999999998,36
21445,12 PINK ROSE PEG PLACE SETTINGS,1.25,1.25,1.25,210,262.5,22
21446,12 RED ROSE PEG PLACE SETTINGS,1.25,1.25,1.25,392,490.0,75
21447,12 IVORY ROSE PEG PLACE SETTINGS,1.25,1.25,1.25,748,935.0,92
21448,12 DAISY PEGS IN WOOD BOX,1.65,1.65,1.65,322,531.3,62
21452,TOADSTOOL MONEY BOX,2.9391156462585033,2.55,2.95,717,2059.9500000000003,145
21454,PAINTED PINK RABBIT ,0.85,0.85,0.85,317,269.45,43
21455,PAINTED YELLOW WOODEN DAISY,0.85,0.85,0.85,258,219.29999999999998,33
21456,2 PICTURE BOOK EGGS EASTER CHICKS,1.25,1.25,1.25,160,200.0,20
21457,2 PICTURE BOOK EGGS EASTER DUCKS,1.25,1.25,1.25,115,143.75,16
21458,2 PICTURE BOOK EGGS EASTER BUNNY,1.25,1.25,1.25,158,197.5,19
21459,YELLOW EASTER EGG HUNT START POST,1.95,1.95,1.95,67,130.65,20
21460,GREEN EASTER EGG HUNT START POST,1.9500000000000002,1.95,1.95,26,50.699999999999996,9
21461,BLUE EASTER EGG HUNT START POST,1.95,1.95,1.95,6,11.7,6
21462,"NURSERY A,B,C PAINTED LETTERS",5.890298507462687,1.95,6.75,192,859.2,67
21463,MIRRORED DISCO BALL ,5.786131386861314,2.5,5.95,600,3176.5,137
21464,DISCO BALL ROTATOR BATTERY OPERATED,4.245283018867925,3.75,4.25,235,995.75,106
21465,PINK FLOWER CROCHET FOOD COVER,3.808888888888889,3.75,7.46,193,727.46,63
21466,RED FLOWER CROCHET FOOD COVER,3.8954945054945056,2.95,7.46,267,982.49,91
21467,CHERRY CROCHET FOOD COVER,3.84275,3.75,7.46,213,806.17,80
21468,BUTTERFLY CROCHET FOOD COVER,3.8983999999999996,3.75,7.46,123,468.67,50
21469,POLKA DOT RAFFIA FOOD COVER,3.8008219178082188,3.75,7.46,248,933.71,73
21470,FLOWER VINE RAFFIA FOOD COVER,3.845948275862069,3.75,7.46,331,1252.38,116
21471,STRAWBERRY RAFFIA FOOD COVER,3.7247368421052633,2.95,3.75,489,1680.15,95
21472,LADYBIRD + BEE RAFFIA FOOD COVER,3.75,3.75,3.75,119,446.25,33
21473,SWEETHEART CREAM STEEL TABLE RECT,19.95,19.95,19.95,22,438.9,18
21476,STEEL SWEETHEART ROUND TABLE CREAM,14.949999999999998,14.95,14.95,31,463.45,18
21479,WHITE SKULL HOT WATER BOTTLE ,4.015204081632653,3.39,4.25,2514,9579.54,382
21481,FAWN BLUE HOT WATER BOTTLE,3.357917737789203,2.55,5.79,2831,8956.45,386
21484,CHICK GREY HOT WATER BOTTLE,3.899034482758621,2.95,7.46,1497,5622.67,284
21485,RETROSPOT HEART HOT WATER BOTTLE,4.958834244080146,4.25,10.79,3306,15728.18,541
21486,PINK HEART DOTS HOT WATER BOTTLE,3.75,3.75,3.75,8,30.0,4
21488,RED WHITE SCARF  HOT WATER BOTTLE,3.95,3.95,3.95,3,11.850000000000001,2
21494,ROTATING LEAVES T-LIGHT HOLDER,1.3695384615384614,1.06,2.46,1220,1614.73,127
21495,SKULLS AND CROSSBONES WRAP,0.417710843373494,0.34,0.42,5775,2345.5,166
21497,FANCY FONTS BIRTHDAY WRAP,0.4182608695652174,0.34,0.42,8550,3409.0,230
21498,RED RETROSPOT WRAP ,0.4180415430267062,0.34,0.42,10472,4289.24,337
21499,BLUE POLKADOT WRAP,0.4166820276497696,0.34,0.42,6675,2715.5,217
21500,PINK POLKADOT WRAP ,0.4169014084507042,0.34,0.42,6350,2593.0,213
21503,TOYBOX  WRAP ,0.4166666666666667,0.34,0.42,725,288.5,24
21504,SKULLS GREETING CARD,0.41687499999999994,0.36,0.42,1860,753.12,96
21506,"FANCY FONT BIRTHDAY CARD, ",0.41856573705179284,0.36,0.42,4692,1890.72,251
21507,"ELEPHANT, BIRTHDAY CARD, ",0.43195,0.36,0.83,3170,1298.8799999999999,200
21508,VINTAGE KID DOLLY CARD ,0.42753424657534245,0.36,0.83,2369,961.03,146
21509,COWBOYS AND INDIANS BIRTHDAY CARD ,0.4317241379310345,0.36,0.83,3581,1444.75,203
21518,BANK ACCOUNT  GREETING  CARD ,0.41647058823529415,0.36,0.42,265,106.97999999999999,17
21519,GIN & TONIC DIET GREETING CARD ,0.4178350515463918,0.36,0.42,3181,1305.78,194
21520,BOOZE & WOMEN GREETING CARD ,0.41823529411764704,0.36,0.42,455,186.78,34
21523,DOORMAT FANCY FONT HOME SWEET HOME,7.86655,4.58,15.79,3082,19109.02,400
21524,DOORMAT SPOTTY HOME SWEET HOME,7.964901960784314,4.58,16.63,1651,12006.42,408
21527,RED RETROSPOT TRADITIONAL TEAPOT ,7.840322580645161,6.95,7.95,430,3248.5,154
21528,DAIRY MAID TRADITIONAL TEAPOT ,6.908333333333334,5.95,6.95,162,1115.9,96
21530,DAIRY MAID TOASTRACK,1.0482608695652174,0.79,2.95,695,641.9300000000001,91
21531,RED RETROSPOT SUGAR JAM BOWL,2.506849315068493,2.1,2.55,1454,3412.5,217
21533,RETROSPOT LARGE MILK JUG,4.87608695652174,4.25,4.95,1275,6069.75,321
21534,DAIRY MAID LARGE MILK JUG,4.934210526315789,4.25,4.95,308,1499.4,132
21535,RED RETROSPOT SMALL MILK JUG,2.5335866261398174,2.1,2.55,2418,5724.0,326
21537,RED RETROSPOT PUDDING BOWL,4.2109375,3.75,4.25,271,1128.75,64
21538,DAIRY MAID  PUDDING BOWL,3.75,3.75,3.75,5,18.75,2
21539,RED RETROSPOT BUTTER DISH,4.901091703056769,4.25,4.95,913,4305.85,227
21544,SKULLS  WATER TRANSFER TATTOOS ,0.8447368421052631,0.65,0.85,1869,1519.85,113
21547,CERAMIC BIRDHOUSE CRESTED TIT SMALL,2.95,2.95,2.95,72,212.40000000000003,16
21555,CERAMIC STRAWBERRY TRINKET TRAY,2.55,2.55,2.55,55,140.25,12
21556,CERAMIC STRAWBERRY MONEY BOX,2.525,2.25,2.55,803,1856.85,48
21557,SET OF 6 FUNKY BEAKERS,3.2153846153846155,2.55,5.79,300,854.0400000000001,51
21558,SKULL LUNCH BOX WITH CUTLERY ,2.53021978021978,2.1,2.55,1936,4599.3,269
21559,STRAWBERRY LUNCH BOX WITH CUTLERY,2.5562302483069974,2.1,4.96,3697,8686.64,436
21561,DINOSAUR LUNCH BOX WITH CUTLERY,2.563411764705882,2.1,4.96,1225,2863.68,169
21562,HAWAIIAN GRASS SKIRT ,1.2272,1.06,1.25,319,368.35,25
21563,RED HEART SHAPE LOVE BUCKET ,2.7335820895522387,0.79,5.79,1358,2591.02,134
21564,PINK  HEART SHAPE LOVE BUCKET ,2.7413207547169813,0.79,5.79,1013,1678.47,106
21576,LETS GO SHOPPING COTTON TOTE BAG,2.367826086956522,2.25,4.96,177,403.67,46
21577,SAVE THE PLANET COTTON TOTE BAG,2.25,2.25,2.25,542,1219.5,118
21578,WOODLAND DESIGN  COTTON TOTE BAG,2.25,2.25,2.25,581,1307.25,83
21579,LOLITA  DESIGN  COTTON TOTE BAG,2.25,2.25,2.25,142,319.5,35
21580,RABBIT  DESIGN  COTTON TOTE BAG,2.25,2.25,2.25,90,202.5,24
21581,SKULLS  DESIGN  COTTON TOTE BAG,2.25,2.25,2.25,153,344.25,41
21584,RETROSPOT SMALL TUBE MATCHES,1.6487096774193548,1.45,1.65,1058,1741.7,147
21586,KINGS CHOICE GIANT TUBE MATCHES,2.5036764705882355,2.1,2.55,718,1658.1,68
21587,COSY HOUR GIANT TUBE MATCHES,2.5344827586206895,2.1,2.55,195,475.65,26
21588,RETROSPOT GIANT TUBE MATCHES,2.5268382352941177,2.1,2.55,1493,3439.95,133
21591,COSY HOUR CIGAR BOX MATCHES ,1.24875,1.06,1.25,1129,1383.89,145
21592,RETROSPOT CIGAR BOX MATCHES ,1.1293548387096775,0.39,1.25,2138,2135.32,210
21609,SET 12 LAVENDER  BOTANICAL T-LIGHTS,2.922972972972973,2.55,2.95,760,2069.2,73
21613,S/12 VANILLA  BOTANICAL T-LIGHTS,2.9394736842105265,2.55,2.95,221,632.7500000000001,38
21614,SET OF 12 ROSE BOTANICAL T-LIGHTS,2.95,2.95,2.95,48,141.60000000000002,7
21615,4 LAVENDER BOTANICAL DINNER CANDLES,1.6868932038834952,1.25,3.75,839,1193.75,100
21616,4 PEAR BOTANICAL DINNER CANDLES,1.6898148148148149,1.25,3.75,755,1093.75,104
21617,4 LILY  BOTANICAL DINNER CANDLES,2.2884615384615383,1.25,3.75,470,848.0,76
21618,4 WILDFLOWER BOTANICAL CANDLES,1.9956140350877194,1.25,3.75,301,471.25,51
21619,4 VANILLA BOTANICAL CANDLES,1.6188524590163935,1.25,3.75,896,1247.5,121
21620,SET OF 4 ROSE BOTANICAL CANDLES,1.746031746031746,1.25,3.75,795,1188.75,124
21621,VINTAGE UNION JACK BUNTING,8.505321782178218,6.98,16.63,2510,20707.16,395
21622,VINTAGE UNION JACK CUSHION COVER,4.942857142857143,4.25,4.95,340,1666.2,98
21623,VINTAGE UNION JACK MEMOBOARD,9.768086124401913,6.38,9.95,3248,22639.48,209
21624,VINTAGE UNION JACK DOORSTOP,5.926744186046512,4.95,5.95,198,1155.1000000000001,84
21625,VINTAGE UNION JACK APRON,6.995438596491228,5.95,14.13,303,2112.3900000000003,113
21626,VINTAGE UNION JACK PENNANT,1.95,1.95,1.95,719,1402.05,79
21627,ELEPHANT CARNIVAL POUFFE,14.949999999999998,14.95,14.95,38,568.0999999999999,24
21628,TRIANGULAR POUFFE VINTAGE ,14.691176470588236,12.75,14.95,41,575.55,17
21629,SQUARE FLOOR CUSHION VINTAGE RED,7.87,6.95,7.95,51,395.45000000000005,25
21630,FLOOR CUSHION ELEPHANT CARNIVAL,8.819565217391304,7.95,8.95,53,452.35,23
21631,HIPPY CHIC DECORATIVE PARASOL,7.25,3.95,12.75,155,761.85,16
21632,VINTAGE PINK DECORATIVE PARASOL,3.95,3.95,3.95,60,237.00000000000003,5
21633,SUNFLOWER DECORATIVE PARASOL,10.403333333333334,3.95,12.75,86,515.7,15
21634,ASSORTED MINI MADRAS NOTEBOOK,0.5769565217391304,0.39,1.25,948,462.6,23
21635,MADRAS NOTEBOOK LARGE ,1.9166666666666667,1.25,3.75,270,367.5,15
21636,MADRAS NOTEBOOK MEDIUM,0.7993150684931507,0.75,2.55,911,699.45,71
21637,ASSORTED SANSKRIT MINI NOTEBOOK,1.25,1.25,1.25,109,136.25,6
21638,ASSORTED TUTTI FRUTTI NOTEBOOK,2.1,2.1,2.1,233,489.30000000000007,31
21640,ASSORTED TUTTI FRUTTI  FOB NOTEBOOK,0.8475,0.72,0.85,529,437.16999999999996,46
21641,ASSORTED TUTTI FRUTTI KEYRING BALL,0.4791304347826087,0.29,0.85,1102,367.97999999999996,23
21642,ASSORTED TUTTI FRUTTI PEN,0.3871428571428571,0.29,0.85,2333,754.41,96
21643,ASSORTED TUTTI FRUTTI MIRROR,1.238125,1.06,1.25,478,579.26,32
21644,ASSORTED TUTTI FRUTTI HEART BOX,1.25,1.25,1.25,190,237.5,34
21645,ASSORTED TUTTI FRUTTI ROUND BOX,1.65,1.65,1.65,-24,-39.599999999999994,1
21647,ASSORTED TUTTI FRUTTI LARGE PURSE,2.1,2.1,2.1,105,220.50000000000003,25
21648,ASSORTED TUTTI FRUTTI SMALL PURSE,1.238125,1.06,1.25,645,778.89,32
21650,ASSORTED TUTTI FRUTTI BRACELET,0.24333333333333332,0.19,0.65,2173,436.33000000000004,62
21651,HANGING GLASS ETCHED TEALIGHT,1.6099999999999999,1.45,1.65,125,191.84999999999997,10
21654,RIDGED GLASS FINGER BOWL,0.655,0.39,1.45,934,427.86,47
21655,HANGING RIDGE GLASS T-LIGHT HOLDER,1.69,1.69,1.69,0,0.0,5
21656,RIDGED GLASS POSY VASE ,1.45,1.45,1.45,117,169.64999999999998,17
21657,MILK BOTTLE WITH GLASS STOPPER ,6.95,6.95,6.95,28,194.60000000000002,15
21658,GLASS  BEURRE DISH,3.881466666666667,3.39,3.95,739,2745.9300000000003,149
21661,VINTAGE GLASS TEA CADDY,5.95,5.95,5.95,3,17.85,3
21662,VINTAGE GLASS COFFEE CADDY,5.91875,5.45,5.95,74,416.3,16
21664,RIDGED GLASS STORAGE JAR CREAM LID,3.73,3.39,3.75,96,342.72,17
21666,RIDGED GLASS T-LIGHT HOLDER,0.65,0.65,0.65,384,249.60000000000002,33
21667,GLASS CAKE COVER AND PLATE,14.95,14.95,14.95,0,0.0,2
21668,RED STRIPE CERAMIC DRAWER KNOB,1.3035549132947977,1.06,3.29,4917,6074.86,343
21669,BLUE STRIPE CERAMIC DRAWER KNOB,1.326260162601626,1.06,3.29,4856,6124.39,361
21670,BLUE SPOT CERAMIC DRAWER KNOB,1.3008080808080806,0.85,1.49,3893,4874.97,296
21671,RED SPOT CERAMIC DRAWER KNOB,1.2899319727891156,0.85,1.49,3909,4803.84,293
21672,WHITE SPOT RED CERAMIC DRAWER KNOB,1.2925786163522013,0.85,1.49,4475,5500.59,314
21673,WHITE SPOT BLUE CERAMIC DRAWER KNOB,1.3019860627177702,0.85,1.49,3868,4786.0,284
21675,BUTTERFLIES STICKERS,0.9375,0.72,1.63,507,432.51,52
21676,FLOWERS  STICKERS,1.09375,0.85,1.63,211,191.04999999999998,32
21677,HEARTS  STICKERS,0.9158024691358024,0.72,1.63,754,644.8,81
21678,PAISLEY PATTERN  STICKERS,0.85,0.85,0.85,104,88.39999999999999,16
21679,SKULLS  STICKERS,0.8485057471264367,0.72,0.85,1054,891.2199999999999,87
21680,WOODLAND  STICKERS,0.85,0.85,0.85,804,683.4,53
21681,GIANT MEDINA STAMPED METAL BOWL ,9.95,9.95,9.95,2,19.9,2
21682,LARGE MEDINA STAMPED METAL BOWL ,5.048235294117648,4.95,9.96,174,866.3100000000001,51
21683,MEDIUM MEDINA STAMPED METAL BOWL ,2.9500000000000006,2.95,2.95,297,876.1500000000001,48
21684,SMALL MEDINA STAMPED METAL BOWL ,0.8888888888888888,0.64,2.46,752,565.21,36
21686,MEDINA STAMPED METAL STOOL,39.68684210526316,34.95,39.95,32,1228.4,19
21688,SILVER PLATE CANDLE BOWL SMALL,2.95,2.95,2.95,316,932.2000000000002,39
21689,SILVER VANILLA  FLOWER CANDLE POT,3.75,3.75,3.75,92,345.0,23
21690,SILVER  CANDLEPOT JARDIN ,3.75,3.75,3.75,22,82.5,7
21692,SILVER LATTICE VANILLA CANDLE POT,3.75,3.75,3.75,17,63.75,7
21693,SMALL HAMMERED SILVER CANDLEPOT ,2.95,2.95,2.95,346,1020.7000000000002,43
21694,SMALL REGAL  SILVER CANDLEPOT ,2.91,2.55,2.95,303,817.0500000000001,20
21695,SMALL SILVER FLOWER CANDLE POT,2.95,2.95,2.95,277,817.1500000000001,35
21696,SMALL SILVER TRELLIS CANDLEPOT,2.95,2.95,2.95,208,613.6000000000001,30
21698,MOCK LOBSTER FRIDGE MAGNET,0.49454545454545457,0.39,0.85,266,116.62,22
21700,BIG DOUGHNUT FRIDGE MAGNETS,0.85,0.85,0.85,1230,1045.5,86
21703,BAG 125g SWIRLY MARBLES,0.42734126984126986,0.27,0.83,9186,3395.23,248
21704,BAG 250g SWIRLY MARBLES,0.8622885572139303,0.72,1.63,4999,3852.5199999999995,200
21705,BAG 500g SWIRLY MARBLES,1.5162608695652173,0.39,3.29,1357,1267.61,113
21706,FOLDING UMBRELLA RED/WHITE POLKADOT,5.076764705882353,4.25,9.96,228,1129.63,68
21707,FOLDING UMBRELLA BLACKBLUE POLKADOT,5.148297872340425,4.25,9.96,120,601.22,47
21708,FOLDING UMBRELLA CREAM POLKADOT,4.907575757575758,4.25,4.95,137,672.5500000000001,33
21709,FOLDING UMBRELLA CHOCOLATE POLKADOT,5.089032258064516,4.25,9.96,87,430.06,31
21710,FOLDING UMBRELLA PINKWHITE POLKADOT,5.066451612903226,4.25,9.96,84,412.41,31
21711,FOLDING UMBRELLA WHITE/RED POLKADOT,4.889130434782609,4.25,4.95,86,420.1,23
21713,CITRONELLA CANDLE FLOWERPOT,2.096212121212121,1.85,2.1,676,1396.8500000000001,130
21714,CITRONELLA CANDLE GARDEN POT,1.25,1.25,1.25,1059,1323.75,131
21715,GIRLS VINTAGE TIN SEASIDE BUCKET,2.5176258992805756,2.1,2.55,1141,2736.75,138
21716,BOYS VINTAGE TIN SEASIDE BUCKET,2.55231884057971,2.1,4.96,1182,2860.52,138
21717,EASTER TIN BUCKET,2.5026315789473683,2.1,2.55,405,931.95,38
21718,RED METAL BEACH SPADE ,1.2666896551724136,1.25,2.46,1287,1611.17,144
21719,LOVELY BONBON STICKER SHEET,0.85,0.85,0.85,301,255.85,34
21720,CAKE SHOP  STICKER SHEET,0.85,0.85,0.85,57,48.449999999999996,8
21721,CANDY SHOP  STICKER SHEET,0.85,0.85,0.85,175,148.75,20
21722,SWEET PUDDING STICKER SHEET,0.85,0.85,0.85,64,54.4,16
21723,ALPHABET HEARTS STICKER SHEET,0.85,0.85,0.85,367,311.95,38
21724,PANDA AND BUNNIES STICKER SHEET,0.85,0.85,0.85,372,316.2,57
21725,SWEETIES  STICKERS,0.85,0.85,0.85,274,232.89999999999998,32
21726,MULTI HEARTS  STICKERS,0.85,0.85,0.85,231,196.35,36
21730,GLASS STAR FROSTED T-LIGHT HOLDER,4.9252343750000005,4.25,9.96,483,2250.59,127
21731,RED TOADSTOOL LED NIGHT LIGHT,1.6586827458256028,1.25,3.29,12689,19570.21,533
21733,RED HANGING HEART T-LIGHT HOLDER,2.945555555555556,2.55,5.79,7692,22442.24,692
21735,TWO DOOR CURIO CABINET,12.50842105263158,6.0,12.75,177,2169.0,95
21736,GOLD SCROLL GLASS T-LIGHT HOLDER,1.6114285714285717,0.39,2.1,77,136.05,6
21738,COSY SLIPPER SHOES SMALL  RED ,2.95,2.95,2.95,43,126.85000000000001,18
21739,COSY SLIPPER SHOES SMALL GREEN,2.878541666666667,2.46,2.95,141,411.54,48
21741,COSY SLIPPER SHOES LARGE GREEN,2.95,2.95,2.95,131,386.45000000000005,28
21742,LARGE ROUND WICKER PLATTER ,5.95,5.95,5.95,192,1142.4,89
21743,STAR PORTABLE TABLE LIGHT ,2.9257575757575762,2.55,2.95,265,724.15,33
21744,SNOWFLAKE PORTABLE TABLE LIGHT ,3.1924390243902443,2.95,5.79,365,1122.19,80
21745,GAOLERS KEYS DECORATIVE GARDEN ,3.7782125603864736,3.39,8.29,922,3385.94,206
21746,SMALL RED RETROSPOT WINDMILL,1.2571052631578947,1.06,2.46,2959,3502.9500000000003,188
21747,SMALL SKULL WINDMILL,1.2409302325581395,1.05,1.25,425,512.53,43
21749,LARGE RED RETROSPOT WINDMILL,2.075,1.85,2.1,1892,3628.2000000000003,110
21750,LARGE SKULL WINDMILL,2.1,2.1,2.1,77,161.70000000000002,16
21754,HOME BUILDING BLOCK WORD,6.016704545454545,5.45,11.63,2622,15439.460000000001,700
21755,LOVE BUILDING BLOCK WORD,6.017989323843417,5.45,12.46,1919,11374.91,557
21756,BATH BUILDING BLOCK WORD,6.03844262295082,5.45,11.63,776,4632.63,243
21757,LIGHTHOUSE PRINTED METAL SIGN,4.95,4.95,4.95,6,29.700000000000003,3
21758,VINTAGE SHELLS PRINT,6.414285714285714,5.95,6.45,32,202.4,14
21761,WOOD AND GLASS MEDICINE CABINET,29.95,29.95,29.95,10,299.5,10
21763,VINTAGE WOODEN BAR STOOL,27.4625,20.0,29.95,6,169.75,4
21769,VINTAGE POST OFFICE CABINET,66.36,52.77,79.95,11,607.6500000000001,2
21770,OPEN CLOSED METAL SIGN,4.9441982507288635,4.25,9.96,1568,7266.81,342
21773,DECORATIVE ROSE BATHROOM BOTTLE,1.0779661016949154,0.42,1.25,920,693.52,59
21774,DECORATIVE CATS BATHROOM BOTTLE,1.1524528301886792,0.42,1.25,834,645.78,53
21775,DECORATIVE FLORE BATHROOM BOTTLE,1.2302380952380954,0.42,1.25,280,310.16,42
21777,RECIPE BOX WITH METAL HEART,7.95,7.95,7.95,2,15.9,5
21781,MA CAMPAGNE CUTLERY BOX,14.826404494382022,12.75,14.95,116,1714.3999999999999,89
21784,SHOE SHINE BOX ,9.95,9.95,9.95,49,487.54999999999995,39
21785,RAIN PONCHO ,0.8,0.65,0.85,410,267.1,4
21786,POLKADOT RAIN HAT ,0.45606382978723403,0.32,0.83,1564,620.65,89
21787,RAIN PONCHO RETROSPOT,0.862127659574468,0.65,1.63,8224,6542.08,183
21788,KIDS RAIN MAC BLUE,0.8497142857142856,0.65,1.63,1177,915.03,69
21789,KIDS RAIN MAC PINK,0.8582857142857142,0.65,1.63,776,655.5799999999999,69
21790,VINTAGE SNAP CARDS,0.8515374149659863,0.58,1.63,13244,10369.22,725
21791,VINTAGE HEADS AND TAILS CARD GAME ,1.2708739837398373,1.06,2.46,7082,8455.16,488
21792,CLASSIC FRENCH STYLE BASKET GREEN ,4.580985915492958,3.95,6.75,330,1384.7,71
21793,CLASSIC FRENCH STYLE BASKET BROWN,4.293582089552239,3.95,7.46,296,1240.44,66
21794,CLASSIC FRENCH STYLE BASKET NATURAL,4.386526315789474,2.0,7.46,498,2052.62,95
21801,CHRISTMAS TREE DECORATION WITH BELL,0.42,0.42,0.42,421,176.82,23
21802,CHRISTMAS TREE HEART DECORATION,0.42,0.42,0.42,996,418.32,47
21803,CHRISTMAS TREE STAR DECORATION,0.42,0.42,0.42,1101,462.41999999999996,49
21804,WHITE CHRISTMAS GARLAND STARS TREES,3.7236585365853654,3.39,3.75,178,656.7,40
21807,WHITE CHRISTMAS STAR DECORATION,0.42,0.42,0.42,414,173.88,25
21808,"CHRISTMAS GARLAND STARS,TREES",3.630952380952381,1.25,3.75,99,366.25,21
21809,CHRISTMAS HANGING TREE WITH BELL,0.7421348314606742,0.39,2.46,1857,993.66,85
21810,CHRISTMAS HANGING STAR WITH BELL,0.5788709677419355,0.39,2.46,5141,2328.37,175
21811,HANGING HEART WITH BELL,0.6279268292682927,0.39,2.46,4280,2157.86,156
21812,GARLAND WITH HEARTS AND BELLS,4.903333333333333,4.25,4.95,203,962.85,45
21813,GARLAND WITH STARS AND BELLS,4.901162790697675,4.25,4.95,243,1152.45,42
21814,HEART T-LIGHT HOLDER ,1.4499999999999997,1.45,1.45,71,102.95,12
21815,STAR  T-LIGHT HOLDER ,1.45,1.45,1.45,131,189.95,18
21816,CHRISTMAS TREE T-LIGHT HOLDER,1.45,1.45,1.45,33,47.849999999999994,7
21817,GLITTER CHRISTMAS TREE,0.5029824561403509,0.39,0.85,902,405.14000000000004,54
21818,GLITTER HEART DECORATION,0.5132098765432099,0.39,1.63,2696,1279.04,147
21819,GLITTER CHRISTMAS STAR ,0.49283464566929136,0.39,1.63,2462,1053.46,118
21820,GLITTER HEART GARLAND WITH BELLS ,3.791746031746032,3.39,7.46,258,956.09,61
21821,GLITTER STAR GARLAND WITH BELLS ,3.732857142857143,3.39,3.75,211,780.45,41
21822,GLITTER CHRISTMAS TREE WITH BELLS,1.039375,0.79,4.13,570,522.96,60
21823,PAINTED METAL HEART WITH HOLLY BELL,0.7526315789473684,0.39,1.45,1195,687.5899999999999,69
21824,PAINTED METAL STAR WITH HOLLY BELLS,0.6102597402597403,0.39,1.45,1425,662.81,74
21826,EIGHT PIECE DINOSAUR SET,1.25,1.25,1.25,92,115.0,18
21827,EIGHT PIECE CREEPY CRAWLIE SET,1.25,1.25,1.25,6,7.5,3
21828,EIGHT PIECE SNAKE  SET,1.25,1.25,1.25,311,388.75,68
21829,DINOSAUR KEYRINGS ASSORTED,0.21225563909774436,0.18,0.42,6246,1287.57,132
21830,ASSORTED CREEPY CRAWLIES,0.43782608695652175,0.42,0.83,2503,1053.31,90
21832,CHOCOLATE CALCULATOR,1.7348275862068965,1.65,3.29,779,1296.83,115
21833,CAMOUFLAGE LED TORCH,1.681869918699187,1.49,1.69,2598,4227.42,123
21836,GINGHAM OVEN GLOVE RED HEART ,3.75,3.75,3.75,3,11.25,2
21839,MUMMY MOUSE RED GINGHAM RIBBON,5.45,5.45,5.45,1,5.45,1
21841,BABY MOUSE RED GINGHAM DRESS,4.25,4.25,4.25,72,306.0,20
21843,RED RETROSPOT CAKE STAND,10.838012958963283,4.0,10.95,1487,15449.249999999998,462
21844,RED RETROSPOT MUG,2.903424657534247,2.55,2.95,1793,4910.55,145
21845,DAIRY MAID STRIPE MUG,1.1215555555555556,0.79,2.95,1854,1644.66,90
21846,PINK DIAMANTE PEN IN GIFT BOX,5.59,4.25,8.29,60,306.21999999999997,25
21847,GREEN  DIAMANTE PEN IN GIFT BOX,4.95,4.95,4.95,9,44.550000000000004,5
21849,SILVER DIAMANTE PEN IN GIFT BOX,5.089166666666666,4.95,8.29,50,250.84000000000003,22
21850,BLUE  DIAMANTE PEN IN GIFT BOX,4.886363636363637,4.25,4.95,24,118.80000000000001,22
21851,LILAC DIAMANTE PEN IN GIFT BOX,5.617999999999999,4.95,8.29,26,138.72,15
21864,UNION JACK FLAG PASSPORT COVER ,2.075151515151515,1.69,2.1,589,1148.3400000000001,97
21865,PINK UNION JACK  PASSPORT COVER ,2.0881159420289856,1.69,2.1,220,457.08000000000004,68
21866,UNION JACK FLAG LUGGAGE TAG,1.3029906542056073,1.06,2.46,534,666.71,106
21867,PINK UNION JACK  LUGGAGE TAG,1.276547619047619,1.06,2.46,261,330.02,75
21868,POTTING SHED TEA MUG,1.331275720164609,1.06,3.29,2259,2825.07,242
21870,I CAN ONLY PLEASE ONE PERSON MUG,1.2473239436619719,1.06,1.25,1323,1626.39,140
21871,SAVE THE PLANET MUG,1.371298245614035,0.8,3.29,4591,5428.99,281
21872,GLAMOROUS  MUG,1.3555737704918032,0.8,3.29,1249,1348.01,121
21873,IF YOU CAN'T STAND THE HEAT MUG,1.2759782608695651,0.42,3.29,1492,1648.52,92
21874,GIN AND TONIC MUG,1.346318407960199,0.95,1.65,2823,3687.8999999999996,201
21875,KINGS CHOICE MUG,1.3606837606837605,1.06,3.29,1972,2214.56,116
21876,POTTERING MUG,1.3826570048309177,0.42,3.29,3499,3990.71,205
21877,HOME SWEET HOME MUG,1.4109708737864077,1.06,3.29,4288,5564.24,308
21878,PACK OF 6 SANDCASTLE FLAGS ASSORTED,0.8524683544303797,0.72,1.63,2383,1961.85,154
21879,HEARTS GIFT TAPE,0.4596551724137931,0.19,0.65,1025,301.93,57
21880,RED RETROSPOT TAPE,0.5498019801980198,0.19,0.65,1446,661.1400000000001,100
21881,CUTE CATS TAPE,0.5708888888888889,0.19,1.63,975,315.55,45
21882,SKULLS TAPE,0.5202564102564102,0.19,0.65,598,189.98000000000002,38
21883,STARS GIFT TAPE ,0.5527659574468086,0.19,1.63,1367,580.87,94
21884,CAKES AND BOWS GIFT  TAPE,0.5036363636363637,0.19,0.65,1017,318.81,44
21888,BINGO SET,3.832862190812721,3.39,7.46,1544,5691.96,283
21889,WOODEN BOX OF DOMINOES,1.2801295896328295,1.06,2.46,5740,7168.45,451
21890,S/6 WOODEN SKITTLES IN COTTON BAG,3.2392222222222227,2.26,5.79,1066,3234.66,177
21891,TRADITIONAL WOODEN SKIPPING ROPE,1.392136752136752,0.72,1.45,7861,9942.75,345
21892,TRADITIONAL WOODEN CATCH CUP GAME ,1.2966666666666666,1.06,2.46,2897,3635.5,297
21894,POTTING SHED SEED ENVELOPES,1.3172222222222223,1.25,2.46,471,604.48,71
21895,POTTING SHED SOW 'N' GROW SET,4.25,4.25,4.25,1,4.25,1
21896,POTTING SHED TWINE,2.100537634408602,1.85,2.4,941,2142.45,92
21897,POTTING SHED CANDLE CITRONELLA,2.88,2.55,3.21,402,1250.82,2
21898,POTTING SHED ROSE CANDLE,3.0157142857142856,2.95,3.21,445,1423.03,7
21899,GARAGE KEY FOB,0.6794222222222223,0.53,1.63,2557,1601.8700000000001,222
21900,"KEY FOB , SHED",0.6856716417910448,0.53,1.63,3076,1955.88,267
21901,"KEY FOB , BACK DOOR ",0.6778512396694214,0.53,1.63,1733,1134.41,235
21902,"KEY FOB , FRONT  DOOR ",0.6782424242424242,0.53,1.63,1894,1163.0800000000002,162
21903,MAN FLU METAL SIGN,2.236322580645161,1.85,4.13,1114,2329.0800000000004,155
21904,HOUSE WRECKING METAL SIGN ,2.1,2.1,2.1,50,105.0,23
21905,MORE BUTTER METAL SIGN ,1.2827272727272727,0.79,2.1,684,705.3100000000001,110
21906,PHARMACIE FIRST AID TIN,6.733762376237624,5.95,7.13,466,3106.06,100
21907,I'M ON HOLIDAY METAL SIGN,2.113072289156627,1.85,4.13,2279,4730.05,331
21908,CHOCOLATE THIS WAY METAL SIGN,2.1400785340314137,1.48,4.13,3607,7149.72,377
21910,WAY OUT METAL SIGN ,1.65,1.65,1.65,36,59.39999999999999,8
21911,GARDEN METAL SIGN ,1.65,1.65,1.65,93,153.45,21
21912,VINTAGE SNAKES & LADDERS,3.8400373134328363,2.62,7.46,1571,5508.53,268
21913,VINTAGE SEASIDE JIGSAW PUZZLES,3.8275824175824176,3.39,7.46,302,1131.28,91
21914,BLUE HARMONICA IN BOX ,1.2807604562737642,1.06,2.46,7395,9173.88,519
21915,RED  HARMONICA IN BOX ,1.261048951048951,0.98,2.46,20882,23677.68,569
21916,SET 12 RETRO WHITE CHALK STICKS,0.43215686274509807,0.36,0.83,4338,1761.04,249
21917,SET 12 KIDS  WHITE CHALK STICKS,0.4274468085106383,0.36,0.83,4077,1645.68,188
21918,SET 12 KIDS COLOUR  CHALK STICKS,0.4270833333333333,0.36,0.83,6996,2807.56,285
21922,UNION STRIPE WITH FRINGE  HAMMOCK,7.950238095238096,6.95,16.63,758,5674.14,167
21925,UNION STRIPE CUSHION COVER ,1.25,1.25,1.25,397,496.25,69
21926,RED/CREAM STRIPE CUSHION COVER ,1.2469354838709679,1.06,1.25,400,492.4,62
21927,BLUE/CREAM STRIPE CUSHION COVER ,1.2482242990654207,1.06,1.25,583,721.15,106
21928,JUMBO BAG SCANDINAVIAN BLUE PAISLEY,2.0308648648648653,1.65,4.13,9431,17568.95,552
21929,JUMBO BAG PINK VINTAGE PAISLEY,2.038427876823339,1.65,4.13,9666,18040.83,614
21930,JUMBO STORAGE BAG SKULLS,2.027713097713098,1.65,2.08,5691,10859.59,474
21931,JUMBO STORAGE BAG SUKI,2.028306148055207,1.65,4.13,11179,21182.510000000002,791
21932,SCANDINAVIAN PAISLEY PICNIC BAG,1.8558282208588956,1.65,2.95,2430,4301.71,322
21933,PINK VINTAGE PAISLEY PICNIC BAG,1.8435153583617747,1.65,2.95,2403,4284.3099999999995,286
21934,SKULL SHOULDER BAG,1.6458333333333333,1.45,1.65,1278,2064.7,144
21935,SUKI  SHOULDER BAG,1.6440776699029127,1.45,1.65,1762,2822.72,205
21936,RED RETROSPOT PICNIC BAG,2.9441206030150755,1.65,5.79,3700,10208.66,397
21937,STRAWBERRY   PICNIC BAG,2.9274647887323946,2.55,2.95,1574,4383.3,212
21942,SKULLS DESIGN FLANNEL,0.8308333333333332,0.39,0.85,149,124.35,24
21943,CAKES AND RABBITS DESIGN FLANNEL ,0.85,0.85,0.85,57,48.449999999999996,10
21944,KITTENS DESIGN FLANNEL,0.7688235294117647,0.39,0.85,232,177.88,33
21945,STRAWBERRIES  DESIGN FLANNEL ,0.8346666666666667,0.39,0.85,225,190.79,29
21946,PARTY TIME DESIGN FLANNEL,0.8081818181818182,0.39,0.85,72,58.9,11
21947,SET OF 6 HEART CHOPSTICKS,1.3603488372093022,1.06,2.46,594,741.48,82
21948,SET OF 6 CAKE CHOPSTICKS,1.404,1.25,2.46,417,541.82,54
21949,SET OF 6 STRAWBERRY CHOPSTICKS,1.305084745762712,1.06,2.46,613,725.49,59
21955,DOORMAT UNION JACK GUNS AND ROSES,7.755064102564102,4.58,8.25,1157,6619.41,155
21967,PACK OF 12 SKULL TISSUES,0.32386363636363635,0.25,0.39,5162,1504.9799999999998,173
21972,SET OF 36 DINOSAUR PAPER DOILIES,1.45,1.45,1.45,290,420.49999999999994,41
21973,SET OF 36 MUSHROOM PAPER DOILIES,1.45,1.45,1.45,158,229.1,31
21974,SET OF 36 PAISLEY FLOWER DOILIES,1.492936170212766,1.25,2.92,1975,2854.06,235
21975,PACK OF 60 DINOSAUR CAKE CASES,0.5584798534798535,0.4,1.25,12035,5883.22,532
21976,PACK OF 60 MUSHROOM CAKE CASES,0.5523674911660779,0.42,1.25,4907,2480.13,278
21977,PACK OF 60 PINK PAISLEY CAKE CASES,0.5514076246334311,0.4,1.25,24129,11555.45,675
21980,PACK OF 12 RED RETROSPOT TISSUES ,0.3281349206349206,0.25,0.83,6425,1974.8899999999999,252
21981,PACK OF 12 WOODLAND TISSUES ,0.3372020725388601,0.21,0.83,5274,1506.1399999999999,191
21982,PACK OF 12 SUKI TISSUES ,0.34217228464419475,0.2,0.83,6906,1994.6599999999999,260
21983,PACK OF 12 BLUE PAISLEY TISSUES ,0.35176,0.29,0.83,2199,705.77,125
21984,PACK OF 12 PINK PAISLEY TISSUES ,0.354875,0.25,0.83,3270,992.6399999999999,158
21985,PACK OF 12 HEARTS DESIGN TISSUES ,0.334438202247191,0.22,0.83,8541,2542.17,354
21986,PACK OF 12 PINK POLKADOT TISSUES,0.33987261146496817,0.22,0.83,3985,1129.79,155
21987,PACK OF 6 SKULL PAPER CUPS,0.6476623376623377,0.53,0.65,2037,1246.2900000000002,149
21988,PACK OF 6 SKULL PAPER PLATES,0.8401342281879194,0.64,0.85,2194,1663.3,147
21989,PACK OF 20 SKULL PAPER NAPKINS,0.8464903846153846,0.64,0.85,2065,1672.6899999999998,205
21990,MODERN FLORAL STATIONERY SET,1.499281767955801,1.25,2.95,1200,1719.6,178
21991,BOHEMIAN COLLAGE STATIONERY SET,1.50875,1.25,2.95,459,660.53,103
21992,VINTAGE PAISLEY STATIONERY SET,1.5270243902439025,1.25,2.95,1151,1640.29,199
21993,FLORAL FOLK STATIONERY SET,1.5241346153846154,1.25,2.95,1348,1912.3500000000001,206
22021,BLUE FELT EASTER EGG BASKET,1.65,1.65,1.65,350,577.4999999999999,64
22023,EMPIRE BIRTHDAY CARD,0.4295348837209302,0.42,0.83,1119,471.21000000000004,85
22024,RAINY LADIES BIRTHDAY CARD,0.42846153846153845,0.36,0.83,2268,913.87,130
22025,RING OF ROSES BIRTHDAY CARD,0.4152808988764045,0.36,0.42,1752,696.96,88
22026,BANQUET BIRTHDAY  CARD  ,0.41821782178217815,0.36,0.42,1548,637.2,101
22027,TEA PARTY BIRTHDAY CARD,0.42413533834586464,0.36,0.83,3973,1630.79,265
22028,PENNY FARTHING BIRTHDAY CARD,0.4309090909090909,0.36,0.83,2891,1193.41,186
22029,SPACEBOY BIRTHDAY CARD,0.423459595959596,0.36,0.83,7822,3115.1,395
22030,SWALLOWS GREETING CARD,0.41921810699588474,0.36,0.83,5337,2120.55,242
22031,BOTANICAL LAVENDER BIRTHDAY CARD,0.4696969696969697,0.42,0.83,351,153.57,33
22032,BOTANICAL LILY GREETING CARD,0.42,0.42,0.42,361,151.62,31
22033,BOTANICAL ROSE GREETING CARD,0.42000000000000004,0.42,0.42,336,141.12,21
22034,ROBIN CHRISTMAS CARD,0.42,0.42,0.42,-9,-3.7800000000000002,2
22035,VINTAGE CARAVAN GREETING CARD ,0.42666666666666664,0.36,0.83,1394,569.02,87
22037,ROBOT BIRTHDAY CARD,0.42065891472868217,0.36,0.83,3747,1552.96,257
22038,BOTANICAL LAVENDER GIFT WRAP ,0.42,0.42,0.42,475,199.5,19
22039,BOTANICAL LILY GIFT WRAP,0.42,0.42,0.42,225,94.5,8
22040,BOTANICAL ROSE GIFT WRAP,0.42,0.42,0.42,725,304.5,28
22041,"RECORD FRAME 7"" SINGLE SIZE ",2.4918719211822657,2.1,4.96,3774,8357.07,200
22042,CHRISTMAS CARD SINGING ANGEL,0.42,0.42,0.42,348,146.16,26
22043,CHRISTMAS CARD SCREEN PRINT ,0.23674418604651162,0.19,0.42,1188,283.32,43
22044,CHRISTMAS CARD STACK OF PRESENTS,0.2602777777777778,0.19,0.42,816,196.44,36
22045,SPACEBOY GIFT WRAP,0.41865384615384615,0.34,0.42,6427,2631.34,208
22046,TEA PARTY  WRAPPING PAPER ,0.4189610389610389,0.34,0.42,2216,914.72,77
22047,EMPIRE GIFT WRAP,0.41792452830188676,0.34,0.42,3325,1352.5,106
22048,BIRTHDAY BANQUET GIFT WRAP,0.41757575757575754,0.34,0.42,950,383.0,33
22049,WRAP CHRISTMAS SCREEN PRINT,0.2690625,0.19,0.42,975,260.0,32
22050,PINK PAISLEY ROSE GIFT WRAP,0.4180487804878049,0.34,0.42,1200,488.0,41
22051,BLUE SCANDINAVIAN PAISLEY WRAP,0.42,0.42,0.42,975,409.5,39
22052,VINTAGE CARAVAN GIFT WRAP,0.42,0.42,0.42,546,229.32,24
22053,EMPIRE DESIGN ROSETTE,1.2261538461538461,0.82,1.25,4236,3596.4199999999996,26
22055,MINI CAKE STAND  HANGING STRAWBERY,1.4609803921568627,0.39,1.65,1223,1624.03,149
22057,CERAMIC PLATE STRAWBERRY DESIGN,1.262,0.39,1.49,530,576.66,60
22059,CERAMIC STRAWBERRY DESIGN MUG,1.3092207792207793,0.39,1.49,1715,1924.71,150
22060,LARGE CAKE STAND HANGING HEARTS,5.524390243902439,3.95,9.95,215,1023.85,40
22061,LARGE CAKE STAND  HANGING STRAWBERY,9.029444444444444,2.95,9.95,548,3705.63,144
22062,CERAMIC BOWL WITH LOVE HEART DESIGN,1.1589655172413793,0.83,2.95,548,594.76,53
22063,CERAMIC BOWL WITH STRAWBERRY DESIGN,2.7180898876404496,0.79,2.95,531,1088.8500000000001,86
22064,PINK DOUGHNUT TRINKET POT ,1.6342391304347825,0.39,3.29,1567,2076.5499999999997,178
22065,CHRISTMAS PUDDING TRINKET POT ,0.6349450549450549,0.39,1.45,6396,2861.42,172
22066,LOVE HEART TRINKET POT,0.615985401459854,0.39,3.29,2227,1027.19,133
22067,CHOC TRUFFLE GOLD TRINKET POT ,1.5173076923076922,0.39,1.65,379,553.43,51
22068,BLACK PIRATE TREASURE CHEST,1.4249999999999998,0.39,1.65,419,480.92999999999995,83
22069,BROWN  PIRATE TREASURE CHEST ,1.417894736842105,0.39,1.65,218,237.47999999999996,37
22070,SMALL RED RETROSPOT MUG IN BOX ,3.847666666666667,0.5,7.46,577,1694.14,89
22071,SMALL WHITE RETROSPOT MUG IN BOX ,3.56,0.5,7.46,424,1114.54,77
22072,RED RETROSPOT TEA CUP AND SAUCER ,3.477368421052631,1.25,3.75,788,2447.94,148
22073,RED RETROSPOT STORAGE JAR,3.7059183673469387,3.39,3.75,286,1022.1,47
22074,6 RIBBONS SHIMMERING PINKS ,1.2164935064935065,0.39,3.29,988,753.14,76
22075,6 RIBBONS ELEGANT CHRISTMAS ,1.5277235772357722,0.39,3.29,1526,1985.12,121
22076,6 RIBBONS EMPIRE  ,1.4291150442477873,0.39,1.65,1034,1302.7199999999998,113
22077,6 RIBBONS RUSTIC CHARM,1.7782195448460507,1.45,3.29,8560,14913.739999999998,732
22078,RIBBON REEL LACE DESIGN ,2.0932432432432435,1.85,2.1,1288,2584.8,143
22079,RIBBON REEL HEARTS DESIGN ,1.6988311688311688,1.45,3.29,1671,2759.39,228
22080,RIBBON REEL POLKADOTS ,1.6468992248062015,1.45,1.65,1157,1861.05,127
22081,RIBBON REEL FLORA + FAUNA ,1.7401098901098901,1.65,3.29,575,961.87,90
22082,RIBBON REEL STRIPES DESIGN ,1.6823976608187134,1.45,3.29,2505,4121.33,336
22083,PAPER CHAIN KIT RETROSPOT,2.9540979955456574,2.55,5.79,4218,11796.660000000002,448
22084,PAPER CHAIN KIT EMPIRE,2.907068062827225,2.55,2.95,4844,13290.6,376
22085,PAPER CHAIN KIT SKULLS ,2.9283783783783788,2.55,2.95,507,1415.65,73
22086,PAPER CHAIN KIT 50'S CHRISTMAS ,2.9343632773938797,2.55,5.79,15138,41423.78,990
22087,PAPER BUNTING WHITE LACE,2.8803703703703705,2.55,2.95,3696,10019.6,265
22088,PAPER BUNTING COLOURED LACE,2.9040229885057474,2.55,2.95,1642,4533.900000000001,172
22089,PAPER BUNTING VINTAGE PAISLEY,2.934615384615385,2.55,2.95,1189,3395.55,180
22090,PAPER BUNTING RETROSPOT,2.90439446366782,2.55,5.79,6805,18589.59,574
22091,EMPIRE TISSUE BOX,0.5582442748091603,0.39,2.46,1930,910.9200000000001,131
22092,BLUE PAISLEY TISSUE BOX,0.5076136363636364,0.39,1.25,666,311.56,88
22093,MOTORING TISSUE BOX,0.5257692307692308,0.39,2.46,1811,789.8100000000001,154
22094,RED RETROSPOT TISSUE BOX,0.574640522875817,0.39,2.46,2016,890.07,150
22095,LADS ONLY TISSUE BOX,0.6580180180180181,0.39,1.25,1562,1416.53,104
22096,PINK PAISLEY SQUARE TISSUE BOX ,0.5213157894736842,0.39,2.46,1351,559.4100000000001,110
22097,SWALLOW SQUARE TISSUE BOX,0.5302836879432624,0.39,1.25,1567,681.65,133
22098,BOUDOIR SQUARE TISSUE BOX,0.6620645161290323,0.39,2.46,1880,879.97,149
22099,CARAVAN SQUARE TISSUE BOX,0.61171875,0.39,2.46,1390,692.32,123
22100,SKULLS SQUARE TISSUE BOX,0.6389473684210527,0.39,1.25,727,304.17,38
22101,MIRROR MOSAIC VOTIVE HOLDER,1.8748000000000002,0.39,2.1,513,505.26000000000005,25
22102,MIRROR MOSAIC T-LIGHT HOLDER ,1.4510526315789474,0.39,1.65,813,434.25,19
22103,MIRROR MOSAIC T-LIGHT HOLDER ROUND,1.3994444444444443,0.39,1.65,671,492.63,18
22104,MIRROR MOSAIC CANDLE PLATE,1.3641666666666667,0.42,1.45,151,120.07,12
22105,MIRROR MOSAIC GOBLET CANDLE HOLDER,3.35,0.95,4.25,266,338.5,11
22106,MIRROR MOSAIC HURRICANE LAMP ,5.3428571428571425,1.25,6.75,165,428.15000000000003,14
22107,PIZZA PLATE IN BOX,3.538684210526316,1.25,7.46,270,886.23,73
22108,PING! MICROWAVE PLATE,2.855,1.25,3.75,101,246.53,28
22109,FULL ENGLISH BREAKFAST PLATE,3.830542168674699,3.39,7.46,1348,4871.16,163
22110,BIRD HOUSE HOT WATER BOTTLE,2.577361963190184,2.1,7.46,615,1556.9599999999998,155
22111,SCOTTIE DOG HOT WATER BOTTLE,4.897679640718563,3.45,5.1,4119,19505.45,663
22112,CHOCOLATE HOT WATER BOTTLE,4.869705469845722,4.04,10.79,5072,23239.760000000002,707
22113,GREY HEART HOT WATER BOTTLE,4.031233644859813,3.32,7.46,3118,12044.65,515
22114,HOT WATER BOTTLE TEA AND SYMPATHY,4.211230769230769,3.45,8.29,3695,15255.97,518
22115,METAL SIGN EMPIRE TEA,1.5037297297297296,0.79,5.79,1495,1706.8100000000002,183
22116,METAL SIGN HIS DINNER IS SERVED,1.21989010989011,0.79,2.95,493,483.19,91
22117,METAL SIGN HER DINNER IS SERVED ,2.785416666666667,0.85,3.2,1290,3802.5,72
22118,JOY WOODEN BLOCK LETTERS,4.2676923076923075,1.25,11.63,217,742.63,78
22119,PEACE WOODEN BLOCK LETTERS,6.172264150943396,1.95,14.13,341,1692.71,104
22120,WELCOME  WOODEN BLOCK LETTERS,9.866331360946745,8.5,10.13,490,4707.2699999999995,169
22121,NOEL WOODEN BLOCK LETTERS ,6.062413793103448,5.45,11.63,331,1918.9900000000002,115
22123,PING MICROWAVE APRON,2.1576712328767123,0.79,5.95,442,793.5999999999999,72
22124,SET OF 2 TEA TOWELS PING MICROWAVE,2.2886956521739132,0.79,2.95,78,127.42,23
22125,UNION JACK HOT WATER BOTTLE ,5.95,5.95,5.95,4,23.8,1
22127,PARTY CONES CARNIVAL ASSORTED,1.2409523809523808,1.06,1.25,402,479.7,20
22128,PARTY CONES CANDY ASSORTED,1.2373333333333334,1.06,1.25,1673,1972.69,75
22129,PARTY CONES CANDY TREE DECORATION,0.9697222222222222,0.72,2.46,986,785.4599999999999,36
22130,PARTY CONE CHRISTMAS DECORATION ,0.8472043010752688,0.72,0.85,1360,1156.0,90
22131,FOOD CONTAINER SET 3 LOVE HEART ,2.0393548387096776,1.65,4.13,1883,3356.77,181
22132,RED LOVE HEART SHAPE CUP,0.8561904761904762,0.72,1.63,923,762.71,84
22133,PINK LOVE HEART SHAPE CUP,0.8738333333333334,0.72,1.63,702,585.78,60
22134,MINI LADLE LOVE HEART RED ,0.4628571428571428,0.36,0.83,636,254.76,55
22135,MINI LADLE LOVE HEART PINK,0.46270833333333333,0.42,0.83,261,114.54,48
22136,LOVE HEART SOCK HANGER,1.6424528301886792,1.45,1.65,332,528.8,51
22137,BATHROOM SET LOVE HEART DESIGN,2.913636363636364,2.55,2.95,68,191.0,11
22138,BAKING SET 9 PIECE RETROSPOT ,4.983152542372881,0.7,10.79,4718,22642.0,881
22139,RETROSPOT TEA SET CERAMIC 11 PC ,4.995041617122473,4.25,10.79,4197,20230.93,839
22141,CHRISTMAS CRAFT TREE TOP ANGEL,2.1462290502793295,1.85,4.13,2435,4998.280000000001,351
22142,CHRISTMAS CRAFT WHITE FAIRY ,1.4963855421686747,1.25,3.29,3059,4318.99,323
22144,CHRISTMAS CRAFT LITTLE FRIENDS,2.1476674364896073,1.85,4.13,3415,7016.8,424
22145,CHRISTMAS CRAFT HEART STOCKING ,2.1,2.1,2.1,30,63.0,1
22146,EASTER CRAFT IVY WREATH WITH CHICK,1.95,1.95,1.95,1,1.95,1
22147,FELTCRAFT BUTTERFLY HEARTS,1.4636244541484718,1.25,3.29,5246,7205.099999999999,444
22148,EASTER CRAFT 4 CHICKS ,1.9371951219512193,1.65,1.95,1798,3326.1,161
22149,FELTCRAFT 6 FLOWER FRIENDS,2.102878151260504,1.85,4.13,5259,10391.29,470
22150,3 STRIPEY MICE FELTCRAFT,1.9641463414634146,1.65,4.13,2903,5439.05,406
22151,PLACE SETTING WHITE HEART,0.42926910299003324,0.36,1.63,13963,5590.23,294
22152,PLACE SETTING WHITE STAR,0.43161616161616156,0.36,1.63,2346,965.4499999999999,95
22153,ANGEL DECORATION STARS ON DRESS,0.4187234042553191,0.36,0.42,2329,958.02,89
22154,ANGEL DECORATION 3 BUTTONS ,0.4194915254237288,0.36,0.42,3521,1452.9,114
22155,STAR DECORATION RUSTIC,0.41999999999999993,0.42,0.42,2153,904.26,86
22156,HEART DECORATION WITH PEARLS ,0.863764705882353,0.72,1.63,1768,1498.25,165
22157,ANGEL DECORATION WITH LACE PADDED,0.85,0.85,0.85,212,180.2,11
22158,3 HEARTS HANGING DECORATION RUSTIC,2.9742962962962967,2.55,5.79,2820,7941.96,269
22161,HEART DECORATION RUSTIC HANGING ,0.23116959064327486,0.19,0.79,4114,851.36,154
22162,HEART GARLAND RUSTIC PADDED,2.95,2.95,2.95,95,280.25,29
22163,HEART STRING MEMO HOLDER HANGING,1.360566037735849,0.79,2.95,601,561.19,51
22164,STRING OF STARS CARD HOLDER,2.9500000000000006,2.95,2.95,71,209.45000000000005,12
22165,"DIAMANTE HEART SHAPED WALL MIRROR, ",10.39102564102564,3.95,12.75,266,1477.9,39
22166,WALL MIRROR RECTANGLE DIAMANTE PINK,7.672222222222222,2.95,7.95,119,466.05000000000007,18
22167, OVAL WALL MIRROR DIAMANTE ,9.853225806451613,3.95,9.95,115,1000.25,61
22168,ORGANISER WOOD ANTIQUE WHITE ,8.489880952380952,7.65,8.5,126,1060.8,84
22169,FAMILY ALBUM WHITE PICTURE FRAME,8.380099337748344,5.64,16.63,1044,8165.89,302
22170,PICTURE FRAME WOOD TRIPLE PORTRAIT,6.743739130434783,4.62,13.29,1004,6259.5,230
22171,3 HOOK PHOTO SHELF ANTIQUE WHITE,8.36346875,5.88,8.5,1596,11300.73,320
22173,METAL 4 HOOK HANGER FRENCH CHATEAU,3.06606936416185,2.55,5.79,2048,5987.62,343
22174,PHOTO CUBE,1.728081395348837,1.25,3.29,2667,3997.91,169
22175,PINK OWL SOFT TOY,2.9414893617021276,2.55,2.95,837,2373.15,141
22176,BLUE OWL SOFT TOY,2.946078431372549,2.55,2.95,486,1414.5000000000002,100
22178,VICTORIAN GLASS HANGING T-LIGHT,1.431767497034401,0.9,2.46,21955,28111.71,839
22179,SET 10 NIGHT OWL LIGHTS,6.729358288770054,5.95,13.29,766,4925.04,184
22180,RETROSPOT LAMP,9.90944055944056,8.5,9.95,279,2728.2,143
22181,SNOWSTORM PHOTO FRAME FRIDGE MAGNET,0.8472916666666667,0.72,0.85,550,455.02,48
22182,CAKE STAND VICTORIAN FILIGREE SMALL,4.463157894736842,1.25,4.95,201,698.95,38
22183,CAKE STAND VICTORIAN FILIGREE MED,6.228947368421053,3.0,6.75,72,458.0,19
22184,CAKE STAND VICTORIAN FILIGREE LARGE,8.5,8.5,8.5,6,51.0,6
22185,SLATE TILE NATURAL HANGING,1.5909375,0.79,3.29,1390,1974.1999999999998,126
22186,RED STAR CARD HOLDER,2.312276422764228,1.95,5.79,748,1591.64,122
22187,GREEN CHRISTMAS TREE CARD HOLDER,2.579066666666667,1.95,8.29,1179,2547.5699999999997,148
22188,BLACK HEART CARD HOLDER,3.798802395209581,2.31,8.29,4842,12254.0,167
22189,CREAM HEART CARD HOLDER,3.8768627450980393,2.31,8.29,8180,22656.32,457
22190,LOCAL CAFE MUG,1.8186538461538464,0.39,2.46,566,785.13,52
22191,IVORY DINER WALL CLOCK,8.460609756097561,7.65,8.5,1075,8874.0,407
22192,BLUE DINER WALL CLOCK,8.481681159420289,7.65,16.63,886,7360.63,345
22193,RED DINER WALL CLOCK,8.493388235294118,7.65,16.63,1325,10855.94,425
22194,BLACK DINER WALL CLOCK,8.5,8.5,8.5,51,433.5,34
22195,LARGE HEART MEASURING SPOONS,1.7353097345132744,1.45,3.29,1695,2835.2699999999995,221
22196,SMALL HEART MEASURING SPOONS,0.8697276264591439,0.72,1.63,2350,1984.4999999999998,251
22197,POPCORN HOLDER,0.8379369369369369,0.72,1.63,48689,36840.33,1085
22198,LARGE POPCORN HOLDER ,1.6205882352941174,1.45,1.65,830,1301.1,68
22199,FRYING PAN RED RETROSPOT,3.81,1.25,4.25,375,1293.25,100
22200,FRYING PAN PINK POLKADOT,3.8851282051282054,1.25,8.29,322,1194.54,77
22201,FRYING PAN BLUE POLKADOT,3.8095238095238093,1.25,4.25,106,357.5,42
22202,MILK PAN PINK POLKADOT,3.75,3.75,3.75,38,142.5,18
22203,MILK PAN RED RETROSPOT,3.560967741935484,1.25,7.46,308,988.63,93
22204,MILK PAN BLUE POLKADOT,3.371212121212121,1.25,3.75,91,283.75,32
22207,FRYING PAN UNION FLAG,4.423675213675213,3.75,8.29,1124,4444.86,117
22208,WOOD STAMP SET THANK YOU,0.993816425120773,0.5,3.29,1270,1217.51,201
22209,WOOD STAMP SET HAPPY BIRTHDAY,0.9939837398373983,0.5,3.29,808,788.7099999999999,122
22210,WOOD STAMP SET BEST WISHES,0.9662837837837838,0.5,3.29,912,820.91,142
22211,WOOD STAMP SET FLOWERS,0.9859848484848486,0.5,3.29,734,737.13,127
22212,FOUR HOOK  WHITE LOVEBIRDS,2.1095849056603777,1.69,4.13,1393,2856.57,260
22214,CANDLE PLATE LACE WHITE,2.3823809523809523,0.79,2.55,114,246.7,21
22215,CAKE STAND WHITE TWO TIER LACE,7.435164835164835,2.95,8.5,328,2237.5,91
22216,T-LIGHT HOLDER WHITE LACE,0.7144999999999999,0.29,1.63,327,182.31,20
22217,T-LIGHT HOLDER HANGING LACE,0.9986153846153846,0.39,1.25,724,596.26,65
22218,CAKE STAND LACE WHITE,4.25,4.25,4.25,1,4.25,1
22219,LOVEBIRD HANGING DECORATION WHITE ,0.8608668730650155,0.72,1.63,3341,2792.27,314
22220,CAKE STAND LOVEBIRD 2 TIER WHITE,8.548192771084338,2.95,9.95,191,1288.05,83
22221,CAKE STAND LOVEBIRD 2 TIER PINK,9.157608695652174,2.95,9.95,122,944.5,46
22222,CAKE PLATE LOVEBIRD WHITE,4.307046979865772,1.95,4.95,824,2599.2,149
22223,CAKE PLATE LOVEBIRD PINK,4.096511627906977,1.95,4.95,315,902.85,42
22224,WHITE LOVEBIRD LANTERN,2.9059322033898307,2.55,2.95,683,1958.8500000000001,117
22227,HANGING HEART MIRROR DECORATION ,0.6646739130434782,0.55,1.25,1967,1275.5500000000002,172
22228,BUNNY WOODEN PAINTED WITH BIRD ,0.6982978723404255,0.39,0.85,849,595.61,94
22229,BUNNY WOODEN PAINTED WITH FLOWER ,0.6730769230769231,0.39,0.85,493,332.57,63
22230,JIGSAW TREE WITH WATERING CAN,0.564927536231884,0.29,0.85,909,342.64,67
22231,JIGSAW TREE WITH BIRDHOUSE,0.9605084745762711,0.59,1.45,798,726.0799999999999,115
22232,JIGSAW TOADSTOOLS 3 PIECE,0.9112121212121211,0.59,1.65,559,451.71,66
22233,JIGSAW RABBIT AND BIRDHOUSE,1.0442857142857143,0.59,1.65,519,481.10999999999996,81
22236,CAKE STAND 3 TIER MAGIC GARDEN,12.513636363636362,10.95,12.75,263,3115.6499999999996,99
22241,GARLAND WOODEN HAPPY EASTER,1.2466470588235294,1.06,1.25,1758,2142.9700000000003,168
22242,5 HOOK HANGER MAGIC TOADSTOOL,1.63,1.45,1.65,597,908.2499999999999,30
22243,5 HOOK HANGER RED MAGIC TOADSTOOL,1.632300884955752,1.45,1.65,3043,4576.95,111
22244,3 HOOK HANGER MAGIC GARDEN,1.9266990291262134,1.65,1.95,1599,2880.45,102
22245,"HOOK, 1 HANGER ,MAGIC GARDEN",0.8433898305084745,0.72,0.85,1193,961.01,58
22246,MAGIC GARDEN FELT GARLAND ,2.1856756756756757,1.95,4.13,266,531.78,37
22247,BUNNY DECORATION MAGIC GARDEN,0.8477966101694915,0.72,0.85,483,406.39,56
22248,DECORATION  PINK CHICK MAGIC GARDEN,0.8472916666666667,0.72,0.85,362,303.53999999999996,46
22249,DECORATION WHITE CHICK MAGIC GARDEN,0.8483544303797468,0.72,0.85,625,527.09,76
22250,DECORATION  BUTTERFLY  MAGIC GARDEN,0.8477966101694915,0.72,0.85,443,372.39,58
22251,BIRDHOUSE DECORATION MAGIC GARDEN,1.2475324675324675,1.06,1.25,502,622.94,75
22252,BIRDCAGE DECORATION TEALIGHT HOLDER,1.2364285714285714,1.06,1.25,637,754.07,68
22254,FELT TOADSTOOL LARGE,1.2453658536585366,1.06,1.25,594,706.02,41
22255,FELT TOADSTOOL  SMALL,0.85,0.85,0.85,542,460.7,44
22256,FELT FARM ANIMAL CHICKEN,1.25,1.25,1.25,257,321.25,33
22257,FELT FARM ANIMAL SHEEP,1.1577777777777778,0.42,1.25,283,194.39,16
22258,FELT FARM ANIMAL RABBIT,1.1407894736842106,0.42,1.25,715,535.1899999999999,38
22259,FELT FARM ANIMAL HEN,1.0547058823529412,0.42,1.25,384,240.96,16
22260,FELT EGG COSY BLUE RABBIT ,0.9111764705882353,0.85,1.63,406,348.21999999999997,48
22261,FELT EGG COSY WHITE RABBIT ,0.8921621621621622,0.85,1.63,510,438.96,71
22262,FELT EGG COSY CHICKEN,0.8660824742268041,0.85,1.63,915,780.87,92
22263,FELT EGG COSY LADYBIRD ,0.858095238095238,0.19,1.63,206,92.49,19
22264,FELT FARM ANIMAL WHITE BUNNY ,0.6614285714285715,0.19,0.85,1391,517.07,40
22265,EASTER DECORATION NATURAL CHICK,0.65,0.65,0.65,510,331.50000000000006,48
22266,EASTER DECORATION HANGING BUNNY,0.46058823529411763,0.19,0.65,1860,562.7,78
22267,EASTER DECORATION EGG BUNNY ,0.9683116883116883,0.39,1.25,828,654.7,75
22268,EASTER DECORATION SITTING BUNNY,0.5677227722772277,0.19,0.85,1796,656.48,97
22269,EGG CUP NATURAL CHICKEN,0.9270454545454545,0.39,2.46,840,520.48,87
22270,HAPPY EASTER HANGING DECORATION,3.7346808510638296,3.39,3.75,203,744.33,45
22271,FELTCRAFT DOLL ROSIE,2.9673846153846157,2.55,5.79,1640,4678.52,258
22272,FELTCRAFT DOLL MARIA,2.941666666666667,2.55,2.95,193,550.15,47
22273,FELTCRAFT DOLL MOLLY,2.9634883720930234,2.3,5.79,3017,8235.59,298
22274,FELTCRAFT DOLL EMILY,2.988454935622318,2.55,5.79,1287,3690.8500000000004,233
22275,WEEKEND BAG VINTAGE ROSE PAISLEY,7.65,7.65,7.65,69,527.85,1
22276,WASH BAG VINTAGE ROSE PAISLEY,2.55,2.55,2.55,246,627.3,64
22277,COSMETIC BAG VINTAGE ROSE PAISLEY,2.224920634920635,1.85,4.13,355,728.62,63
22278,OVERNIGHT BAG VINTAGE ROSE PAISLEY,4.95,4.95,4.95,237,1173.15,85
22279,POCKET BAG BLUE PAISLEY RED SPOT,1.2708163265306123,1.06,2.46,476,573.41,47
22280,POCKET BAG PINK PAISELY BROWN SPOT,1.3670967741935485,1.25,2.46,176,223.63,30
22281,EASTER TREE YELLOW BIRDS,5.95,5.95,5.95,108,642.6,43
22282,12 EGG HOUSE PAINTED WOOD,12.910153846153845,10.95,24.96,110,1412.52,65
22283,6 EGG HOUSE PAINTED WOOD,8.015882352941176,7.95,15.79,252,2011.24,119
22284,HEN HOUSE DECORATION,1.65,1.65,1.65,861,1420.6499999999999,101
22285,HANGING HEN ON NEST DECORATION,1.65,1.65,1.65,833,1374.4499999999998,90
22286,DECORATION WOBBLY RABBIT METAL ,1.0917721518987342,0.39,1.65,1025,824.3699999999999,79
22287,DECORATION WOBBLY CHICKEN,1.1286206896551723,0.39,1.65,736,625.9799999999999,58
22288,HANGING METAL RABBIT DECORATION,1.25,1.25,1.25,452,565.0,39
22289,HANGING METAL CHICKEN DECORATION,1.25,1.25,1.25,122,152.5,19
22291,HANGING CHICK CREAM DECORATION,1.45,1.45,1.45,1191,1726.9499999999998,91
22292,HANGING CHICK  YELLOW DECORATION,1.4478260869565216,1.25,1.45,1085,1515.6499999999999,88
22293,HANGING CHICK GREEN DECORATION,1.45,1.45,1.45,817,1184.6499999999999,82
22294,HEART FILIGREE DOVE  SMALL,1.2455642023346305,1.06,1.25,5328,6532.32,249
22295,HEART FILIGREE DOVE LARGE,1.669074074074074,1.45,3.29,2707,4370.669999999999,213
22296,HEART IVORY TRELLIS LARGE,1.6588571428571428,1.45,3.29,3038,4960.78,271
22297,HEART IVORY TRELLIS SMALL,1.257345132743363,1.06,2.46,3856,4706.28,221
22299,PIG KEYRING WITH LIGHT & SOUND ,1.0588888888888888,0.39,1.25,1264,1166.34,45
22300,COFFEE MUG DOG + BALL DESIGN,2.534256756756757,1.12,2.55,1423,2978.49,148
22301,COFFEE MUG CAT + BIRD DESIGN,2.514427083333333,1.12,2.55,2074,4418.94,192
22302,COFFEE MUG PEARS  DESIGN,2.5202577319587625,1.12,4.96,2275,4926.7,193
22303,COFFEE MUG APPLES DESIGN,2.512833333333333,1.12,4.96,2690,5937.7,239
22304,COFFEE MUG BLUE PAISLEY DESIGN,2.6125531914893614,1.12,4.96,738,1252.76,47
22305,COFFEE MUG PINK PAISLEY DESIGN,2.6906666666666665,2.1,4.96,683,1556.89,45
22306,SILVER MUG BONE CHINA TREE OF LIFE,1.1533333333333333,1.06,1.95,1109,1261.8700000000001,103
22307,GOLD MUG BONE CHINA TREE OF LIFE,1.157910447761194,1.06,1.95,690,789.71,66
22308,TEA COSY BLUE STRIPE,2.8052777777777775,2.1,4.96,145,356.89,36
22309,TEA COSY RED  STRIPE,2.647384615384615,2.1,4.96,292,706.8299999999999,64
22310,IVORY KNITTED MUG COSY ,1.7896226415094338,1.45,3.29,531,841.79,51
22311,OFFICE MUG WARMER BLACK+SILVER ,3.1553608247422678,2.55,5.79,1042,2890.1,95
22312,OFFICE MUG WARMER POLKADOT,3.015894736842105,1.25,5.79,497,1437.2900000000002,94
22313,OFFICE MUG WARMER PINK,2.8366666666666664,1.25,5.79,303,845.3900000000001,55
22314,OFFICE MUG WARMER CHOC+BLUE,3.0381250000000004,1.25,5.79,514,1425.2400000000002,94
22315,200 RED + WHITE BENDY STRAWS,1.2468333333333335,1.06,1.25,759,912.27,119
22316,200 BENDY SKULL STRAWS,1.2364285714285714,1.06,1.25,636,703.8000000000001,42
22317,FIVE CATS HANGING DECORATION,3.0751282051282054,2.55,5.79,171,503.37000000000006,39
22318,FIVE HEART HANGING DECORATION,2.941304347826087,2.55,2.95,389,1140.3500000000001,91
22319,HAIRCLIPS FORTIES FABRIC ASSORTED,0.5683870967741936,0.19,0.65,1316,568.36,62
22320,BIRDS MOBILE VINTAGE DESIGN,6.105616438356165,5.95,11.63,174,1046.66,73
22321,BIRD DECORATION RED RETROSPOT,0.85,0.85,0.85,735,624.75,58
22322,BIRD DECORATION GREEN POLKADOT,0.85,0.85,0.85,378,321.29999999999995,38
22323,PINK POLKADOT KIDS BAG,1.95,1.95,1.95,1,1.95,1
22324,BLUE POLKADOT KIDS BAG,2.4486666666666665,1.65,4.13,228,456.35999999999996,29
22325,MOBILE VINTAGE HEARTS ,4.9390625,4.25,4.95,139,685.95,64
22326,ROUND SNACK BOXES SET OF4 WOODLAND ,2.9358401305057096,2.55,5.79,8035,21983.77,612
22327,ROUND SNACK BOXES SET OF 4 SKULLS,2.940588235294118,2.55,2.95,810,2293.5,167
22328,ROUND SNACK BOXES SET OF 4 FRUITS ,2.9273949579831933,2.55,5.79,5813,15883.99,473
22329,ROUND CONTAINER SET OF 5 RETROSPOT,1.6396774193548385,1.45,1.65,1369,2153.2499999999995,154
22331,WOODLAND PARTY BAG + STICKER SET,1.6560689655172414,1.45,3.29,1766,2747.66,145
22332,SKULLS PARTY BAG + STICKER SET,1.6439849624060148,1.45,1.65,971,1544.55,132
22333,RETROSPOT PARTY BAG + STICKER SET,1.6346263345195728,1.45,3.29,4321,6633.73,278
22334,DINOSAUR PARTY BAG + STICKER SET,1.663478260869565,1.45,3.29,684,1101.44,91
22335,HEART DECORATION PAINTED ZINC ,0.66015625,0.55,1.25,2018,1246.3000000000002,123
22336,DOVE DECORATION PAINTED ZINC ,0.44849056603773585,0.19,0.65,2258,652.7600000000001,50
22337,ANGEL DECORATION PAINTED ZINC ,0.6870370370370371,0.55,1.25,635,383.95000000000005,26
22338,STAR DECORATION PAINTED ZINC ,0.3175409836065574,0.19,1.25,4154,912.6800000000001,118
22339,CHRISTMAS TREE PAINTED ZINC ,0.273859649122807,0.19,1.25,2252,552.36,53
22340,NOEL GARLAND PAINTED ZINC ,0.46483870967741936,0.39,1.65,968,407.76,62
22341,LOVE GARLAND PAINTED ZINC ,1.8002439024390244,1.45,3.29,405,672.6499999999999,41
22342,HOME GARLAND PAINTED ZINC ,0.9925925925925926,0.75,1.65,797,729.4499999999999,54
22343,PARTY PIZZA DISH RED RETROSPOT,0.56078125,0.19,0.85,1684,729.04,64
22344,PARTY PIZZA DISH PINK POLKADOT,0.5860869565217391,0.19,1.63,1046,372.74,46
22345,PARTY PIZZA DISH BLUE POLKADOT,0.5559090909090909,0.19,0.85,951,302.61,42
22346,PARTY PIZZA DISH GREEN POLKADOT,0.5551515151515152,0.19,1.63,882,309.12,32
22348,TEA BAG PLATE RED RETROSPOT,0.8666279069767442,0.72,1.63,3849,3211.5899999999997,255
22349,DOG BOWL CHASING BALL DESIGN,3.7622222222222224,2.46,7.46,1326,5171.679999999999,116
22350,ILLUSTRATED CAT BOWL ,2.553111111111111,2.55,2.69,1355,3583.7699999999995,89
22351,DOTCOMGIFTSHOP TEA TOWEL,1.65,1.65,1.65,12,19.799999999999997,1
22352,LUNCH BOX WITH CUTLERY RETROSPOT ,2.554597014925373,2.1,4.96,2832,6664.24,333
22353,LUNCH BOX WITH CUTLERY FAIRY CAKES ,2.55,2.55,2.55,60,153.0,24
22354,RETROSPOT PADDED SEAT CUSHION,3.8024242424242427,3.39,7.46,699,2499.43,66
22355,CHARLOTTE BAG SUKI DESIGN,0.8504318936877076,0.72,1.63,8797,7001.26,597
22356,CHARLOTTE BAG PINK POLKADOT,0.8604305283757339,0.72,1.63,7037,5636.56,504
22357,KINGS CHOICE BISCUIT TIN,4.2095789473684215,3.75,4.25,306,1256.1,95
22358,KINGS CHOICE TEA CADDY ,2.9959130434782613,2.55,5.79,446,1311.7800000000002,114
22359,GLASS JAR KINGS CHOICE,2.9943750000000002,2.95,5.79,158,468.94000000000005,64
22360,GLASS JAR ENGLISH CONFECTIONERY,2.99125,2.55,5.79,776,2156.2000000000003,159
22361,GLASS JAR DAISY FRESH COTTON WOOL,2.9346153846153844,2.55,2.95,525,1472.3500000000001,129
22362,GLASS JAR PEACOCK BATH SALTS,3.01,2.55,5.79,316,889.8800000000001,88
22363,GLASS JAR MARMALADE ,2.9633333333333334,2.55,5.79,323,888.49,61
22364,GLASS JAR DIGESTIVE BISCUITS,2.976545454545455,2.55,5.79,449,1238.67,109
22365,DOORMAT RESPECTABLE HOUSE,7.862755905511811,4.58,15.79,727,4849.29,127
22366,DOORMAT AIRMAIL ,7.802327044025157,4.58,8.25,695,4693.75,159
22367,CHILDRENS APRON SPACEBOY DESIGN,1.9835497835497835,1.65,4.13,3502,6492.54,459
22371,AIRLINE BAG VINTAGE TOKYO 78,4.35953488372093,3.75,8.29,812,3414.98,256
22372,AIRLINE BAG VINTAGE WORLD CHAMPION ,4.317450980392157,3.95,8.29,220,931.08,102
22374,AIRLINE BAG VINTAGE JET SET RED,4.262125,3.95,8.29,441,1853.0900000000001,159
22375,AIRLINE BAG VINTAGE JET SET BROWN,4.234375,3.95,4.25,250,1043.3,96
22376,AIRLINE BAG VINTAGE JET SET WHITE,4.290952380952381,3.95,8.29,191,812.19,82
22377,BOTTLE BAG RETROSPOT ,1.9517757009345795,0.85,4.13,1029,1492.44,107
22378,WALL TIDY RETROSPOT ,1.8362857142857143,0.85,4.13,1679,2079.96,104
22379,RECYCLING BAG RETROSPOT ,2.1235990338164252,1.85,4.13,6010,11790.38,412
22380,TOY TIDY SPACEBOY  ,2.127722772277228,0.79,4.13,1115,2188.65,201
22381,TOY TIDY PINK POLKADOT,2.1231000000000004,1.85,4.13,3140,6168.93,296
22382,LUNCH BAG SPACEBOY DESIGN ,1.6554870775347912,1.45,4.13,9716,15577.8,1001
22383,LUNCH BAG SUKI DESIGN ,1.650775623268698,1.45,4.13,11550,18460.3,1063
22384,LUNCH BAG PINK POLKADOT,1.6508740894901144,1.45,4.13,10074,16067.1,951
22385,JUMBO BAG SPACEBOY DESIGN,2.0358726899383983,1.65,4.13,8113,15105.61,481
22386,JUMBO BAG PINK POLKADOT,2.0164771460423636,1.65,4.13,19692,36437.78,884
22389,PAPERWEIGHT SAVE THE PLANET,1.9916216216216216,0.39,2.55,229,386.90999999999997,37
22390,PAPERWEIGHT CHILDHOOD MEMORIES,2.356666666666667,0.39,4.96,259,405.62,30
22391,PAPERWEIGHT HOME SWEET HOME,1.5977777777777777,0.39,2.55,146,186.05999999999997,18
22393,PAPERWEIGHT VINTAGE COLLAGE,1.9980392156862743,0.39,4.96,481,602.0799999999999,51
22394,PAPERWEIGHT KINGS CHOICE ,1.6688235294117646,0.39,2.55,154,175.5,17
22395,PAPERWEIGHT VINTAGE PAISLEY,1.3153333333333335,0.39,2.55,134,130.26,15
22396,MAGNETS PACK OF 4 RETRO PHOTO,0.6373148148148148,0.39,2.46,1170,561.26,108
22398,MAGNETS PACK OF 4 SWALLOWS,0.64508547008547,0.39,2.46,2466,1430.79,231
22399,MAGNETS PACK OF 4 CHILDHOOD MEMORY,1.2393258426966292,1.06,1.25,1112,1287.4,89
22400,MAGNETS PACK OF 4 HOME SWEET HOME,0.5832876712328767,0.39,2.46,1385,711.48,144
22402,MAGNETS PACK OF 4 VINTAGE COLLAGE,0.6276712328767123,0.39,2.46,1695,998.22,145
22403,MAGNETS PACK OF 4 VINTAGE LABELS ,0.5927906976744186,0.39,1.25,1216,561.86,86
22405,MONEY BOX POCKET MONEY DESIGN,1.1214545454545455,0.39,1.25,344,347.63,55
22406,MONEY BOX KINGS CHOICE DESIGN,1.2161538461538461,0.39,2.46,318,335.64,65
22407,MONEY BOX FIRST ADE DESIGN,1.2278260869565216,0.39,2.46,93,96.82,23
22408,MONEY BOX CONFECTIONERY DESIGN,1.1877272727272727,0.39,2.46,136,140.25,22
22409,MONEY BOX BISCUITS DESIGN,1.25,1.25,1.25,215,268.75,46
22410,MONEY BOX HOUSEKEEPING DESIGN,1.1454347826086957,0.39,2.46,223,212.88,46
22411,JUMBO SHOPPER VINTAGE RED PAISLEY,2.034987562189055,1.65,4.13,10148,19517.31,801
22412,METAL SIGN NEIGHBOURHOOD WITCH ,2.0934782608695652,1.85,2.1,872,1774.2000000000003,114
22413,METAL SIGN TAKE IT OR LEAVE IT ,2.964385474860335,2.55,5.79,3669,10585.35,354
22414,DOORMAT NEIGHBOURHOOD WITCH ,8.28375,3.95,15.79,251,1629.47,72
22415,WHITE TISSUE REAM,7.950000000000001,7.95,7.95,19,151.05,13
22416,SET OF 36 DOILIES SPACEBOY DESIGN ,1.4437499999999999,1.25,1.45,844,1166.1999999999998,64
22417,PACK OF 60 SPACEBOY CAKE CASES,0.5527884615384615,0.42,1.25,8051,4103.09,409
22418,10 COLOUR SPACEBOY PEN,0.8718400000000001,0.72,1.63,6102,5068.92,249
22419,LIPSTICK PEN RED,0.4468711656441718,0.36,0.83,2797,1229.82,158
22420,LIPSTICK PEN BABY PINK,0.47779069767441856,0.36,0.83,1198,499.90999999999997,84
22421,LIPSTICK PEN FUSCHIA,0.4565853658536585,0.36,0.83,1922,793.9399999999999,121
22422,TOOTHPASTE TUBE PEN,0.6606578947368421,0.12,1.25,970,396.6,73
22423,REGENCY CAKESTAND 3 TIER,12.435076597992603,4.0,24.96,11519,132567.69999999998,1883
22424,ENAMEL BREAD BIN CREAM,12.657521865889212,8.15,24.96,683,8150.9,343
22425,ENAMEL COLANDER CREAM,4.960486111111112,4.25,9.96,428,2056.4100000000003,144
22426,ENAMEL WASH BOWL CREAM,3.663513513513514,2.95,3.75,648,2186.8,147
22427,ENAMEL FLOWER JUG CREAM,5.910921052631579,5.45,11.63,1950,11183.18,453
22428,ENAMEL FIRE BUCKET CREAM,7.013617021276596,6.35,14.13,218,1507.88,94
22429,ENAMEL MEASURING JUG CREAM,4.259156626506024,3.75,8.29,1153,4784.29,330
22430,ENAMEL WATERING CAN CREAM,4.9292899408284025,4.25,4.95,519,2522.85,168
22431,WATERING CAN BLUE ELEPHANT,1.9704285714285714,1.65,4.13,1971,3667.1499999999996,278
22432,WATERING CAN PINK BUNNY,1.9490794979079498,1.65,4.13,1630,3065.4799999999996,237
22433,WATERING CAN GREEN DINOSAUR,1.9504123711340207,1.65,4.13,1338,2481.68,192
22434,BALLOON PUMP WITH 10 BALLOONS,1.9691228070175437,1.95,4.13,756,1476.3799999999999,114
22435,SET OF 9 HEART SHAPED BALLOONS,1.255925925925926,1.06,2.46,2659,3230.79,214
22436,12 COLOURED PARTY BALLOONS,0.6625874125874126,0.65,1.25,2069,1346.65,140
22437,SET OF 9 BLACK SKULL BALLOONS,0.8477714285714285,0.72,0.85,2715,2253.15,174
22438,BALLOON ART MAKE YOUR OWN FLOWERS,1.5042857142857142,0.39,1.95,887,801.45,68
22439,6 ROCKET BALLOONS ,0.689877300613497,0.55,1.25,1694,1128.7,159
22440,BALLOON WATER BOMB PACK OF 35,0.4174647887323944,0.36,0.42,5863,2239.86,139
22441,GROW YOUR OWN BASIL IN ENAMEL MUG,2.097093023255814,1.85,2.1,987,2054.7000000000003,170
22442,GROW YOUR OWN FLOWERS SET OF 3,6.438888888888888,1.95,7.95,281,1090.35,81
22443,GROW YOUR OWN HERBS SET OF 3,7.949999999999999,7.95,7.95,150,1192.5,82
22444,GROW YOUR OWN PLANT IN A CAN ,1.2447222222222223,1.06,1.25,730,894.26,36
22445,PENCIL CASE LIFE IS BEAUTIFUL,3.0577551020408165,2.55,5.79,469,1359.3500000000001,93
22446,PIN CUSHION BABUSHKA PINK,3.2551219512195124,1.25,6.63,161,432.99,38
22447,PIN CUSHION BABUSHKA BLUE,3.0875,1.25,3.35,75,223.95000000000002,16
22448,PIN CUSHION BABUSHKA RED,3.199411764705882,1.25,6.63,187,576.3100000000001,34
22449,SILK PURSE BABUSHKA PINK,3.3255056179775284,2.46,3.35,358,1194.23,88
22450,SILK PURSE BABUSHKA BLUE,3.3425925925925926,2.95,3.35,182,607.3000000000001,53
22451,SILK PURSE BABUSHKA RED,3.3394736842105264,2.95,3.35,201,654.1500000000001,38
22452,MEASURING TAPE BABUSHKA PINK,2.894347826086957,1.63,2.95,387,1091.8500000000001,67
22453,MEASURING TAPE BABUSHKA BLUE,2.9239130434782608,2.55,2.95,333,948.7500000000001,46
22454,MEASURING TAPE BABUSHKA RED,2.918421052631579,2.55,2.95,228,639.0,37
22456,NATURAL SLATE CHALKBOARD LARGE ,4.879166666666667,4.25,4.95,1380,6486.6,335
22457,NATURAL SLATE HEART CHALKBOARD ,2.974428715874621,2.55,5.79,8375,23936.570000000003,984
22458,CAST IRON HOOK GARDEN FORK,2.57,2.55,2.69,513,1371.4299999999998,14
22459,CAST IRON HOOK GARDEN TROWEL,2.529333333333333,2.1,2.69,375,962.73,15
22460,EMBOSSED GLASS TEALIGHT HOLDER,1.285297619047619,1.06,2.46,2349,2831.84,168
22461,SAVOY ART DECO CLOCK,7.992105263157895,3.95,12.75,209,1090.55,57
22464,HANGING METAL HEART LANTERN,1.596413793103448,0.79,3.29,3057,4602.8099999999995,288
22465,HANGING METAL STAR LANTERN,1.5342857142857143,0.79,3.29,1931,2785.93,166
22466,FAIRY TALE COTTAGE NIGHT LIGHT,1.925816993464052,1.45,1.95,2910,5040.0,152
22467,GUMBALL COAT RACK,2.4959570957095707,2.1,4.96,7506,17153.600000000002,599
22468,BABUSHKA LIGHTS STRING OF 10,6.751186440677966,5.95,13.29,464,3012.94,118
22469,HEART OF WICKER SMALL,1.638939393939394,1.1,3.29,16633,28009.14,972
22470,HEART OF WICKER LARGE,2.9561064087061673,1.97,5.79,9509,28290.15,817
22471,TV DINNER TRAY AIR HOSTESS ,4.315230769230769,1.95,10.79,358,1090.78,65
22472,TV DINNER TRAY DOLLY GIRL,4.763658536585366,1.95,10.79,289,1214.27,82
22473,TV DINNER TRAY VINTAGE PAISLEY,4.238607594936709,1.95,10.79,437,1239.39,79
22474,SPACEBOY TV DINNER TRAY,4.593333333333334,1.95,10.79,212,873.0400000000001,84
22475,SKULL DESIGN TV DINNER TRAY,4.637272727272728,1.95,4.95,278,1211.1000000000001,109
22476,EMPIRE UNION JACK TV DINNER TRAY,4.960126582278481,1.95,10.79,802,2106.22,79
22477,WATERING CAN GARDEN MARKER,1.2564788732394365,1.25,1.48,1279,1764.35,71
22478,BIRDHOUSE GARDEN MARKER ,1.2560526315789473,1.25,1.48,1411,1929.35,76
22479,DAISY GARDEN MARKER,1.2585185185185184,1.25,1.48,1078,1513.1,54
22480,RED TEA TOWEL CLASSIC DESIGN,1.2443283582089553,1.06,1.25,612,728.52,67
22481,BLACK TEA TOWEL CLASSIC DESIGN,1.0524418604651162,0.39,1.25,692,607.74,84
22482,BLUE TEA TOWEL CLASSIC DESIGN,1.2420833333333332,1.06,1.25,448,523.52,48
22483,RED GINGHAM TEDDY BEAR ,2.981145038167939,2.55,5.79,721,2027.0300000000002,131
22485,SET OF 2 WOODEN MARKET CRATES,12.63284023668639,10.95,12.75,456,5576.4,169
22486,PLASMATRONIC LAMP,9.022307692307693,3.95,12.75,46,212.44000000000003,13
22487,WHITE WOOD GARDEN PLANT LADDER,9.76290404040404,8.5,19.96,698,6536.0599999999995,396
22488,NATURAL SLATE RECTANGLE CHALKBOARD,1.6541249999999998,1.45,3.29,2875,4577.509999999999,318
22489,PACK OF 12 TRADITIONAL CRAYONS,0.43207430340557273,0.36,0.83,9311,3753.63,320
22491,PACK OF 12 COLOURED PENCILS,0.8557635467980296,0.72,1.63,3886,3110.4399999999996,201
22492,MINI PAINT SET VINTAGE ,0.6563283582089552,0.55,1.63,25880,15911.84,335
22493,PAINT YOUR OWN CANVAS SET,1.6974725274725275,1.45,3.29,2079,3340.83,180
22494,EMERGENCY FIRST AID TIN ,1.343015873015873,1.06,2.46,850,1052.64,126
22495,SET OF 2 ROUND TINS CAMEMBERT ,2.59,0.79,2.95,235,494.53000000000003,66
22496,SET OF 2 ROUND TINS DUTCH CHEESE,2.672285714285714,0.79,2.95,238,462.34000000000003,70
22497,SET OF 2 TINS VINTAGE BATHROOM ,4.25,4.25,4.25,177,752.25,59
22498,WOODEN REGATTA BUNTING,5.95,5.95,5.95,228,1356.6000000000001,96
22499,WOODEN UNION JACK BUNTING,5.945049833887043,4.95,12.46,1730,9905.03,298
22500,SET OF 2 TINS JARDIN DE PROVENCE,4.122941176470588,1.25,4.95,235,826.5500000000001,85
22501,PICNIC BASKET WICKER LARGE,9.746788321167882,3.0,9.95,1092,9925.8,274
22502,PICNIC BASKET WICKER SMALL,11.060816326530613,2.0,649.5,1410,46963.100000000006,243
22503,CABIN BAG VINTAGE PAISLEY,23.383333333333333,12.75,29.95,51,967.05,18
22504,CABIN BAG VINTAGE RETROSPOT,22.801162790697674,12.75,29.95,155,2879.85,43
22505,MEMO BOARD COTTAGE DESIGN,4.924869888475836,4.25,10.79,1356,6261.64,267
22507,MEMO BOARD RETROSPOT  DESIGN,4.935524079320113,3.85,10.79,2779,12377.07,353
22508,DOORSTOP RETROSPOT HEART,3.8366249999999997,3.39,7.46,1489,5836.96,240
22509,SEWING BOX RETROSPOT DESIGN ,11.840243902439024,3.95,16.95,187,1684.6499999999999,82
22510,GINGHAM BABUSHKA DOORSTOP,2.4070731707317075,0.79,3.75,209,400.87,41
22511,RETROSPOT BABUSHKA DOORSTOP,2.3329166666666667,0.79,3.75,245,455.87,48
22512,DOORSTOP RACING CAR DESIGN,2.6490625,0.79,7.46,117,232.25,32
22513,DOORSTOP FOOTBALL DESIGN,3.780980392156863,0.79,7.46,134,404.98,51
22514,CHILDS GARDEN SPADE BLUE,2.0966666666666667,1.85,2.1,260,537.0,75
22515,CHILDS GARDEN SPADE PINK,2.09609375,1.85,2.1,235,484.50000000000006,64
22516,CHILDS GARDEN RAKE BLUE,2.094186046511628,1.85,2.1,170,348.00000000000006,41
22517,CHILDS GARDEN RAKE PINK,2.0953703703703703,1.85,2.1,179,366.90000000000003,54
22518,CHILDS GARDEN BRUSH BLUE,2.0824561403508772,1.85,2.1,333,663.3000000000001,57
22519,CHILDS GARDEN BRUSH PINK,2.0846153846153848,1.85,2.1,370,741.0000000000001,65
22520,CHILDS GARDEN TROWEL BLUE ,0.85,0.85,0.85,705,599.25,105
22521,CHILDS GARDEN TROWEL PINK,0.85,0.85,0.85,598,508.29999999999995,94
22522,CHILDS GARDEN FORK BLUE ,0.8489430894308944,0.72,0.85,909,747.6899999999999,121
22523,CHILDS GARDEN FORK PINK,0.85,0.85,0.85,831,706.3499999999999,119
22524,CHILDRENS GARDEN GLOVES BLUE,1.247121212121212,1.06,1.25,592,721.0,65
22525,CHILDRENS GARDEN GLOVES PINK,1.246346153846154,1.06,1.25,458,553.5,52
22526,WHEELBARROW FOR CHILDREN ,12.724647887323945,10.95,12.75,106,1329.9,71
22529,MAGIC DRAWING SLATE GO TO THE FAIR ,0.4180327868852459,0.36,0.42,814,328.92,61
22530,MAGIC DRAWING SLATE DOLLY GIRL ,0.41608695652173916,0.36,0.42,3487,1420.62,182
22531,MAGIC DRAWING SLATE CIRCUS PARADE  ,0.4196341463414634,0.36,0.42,3291,1347.66,163
22532,MAGIC DRAWING SLATE LEAP FROG ,0.4133823529411765,0.27,0.42,1063,360.06,66
22533,MAGIC DRAWING SLATE BAKE A CAKE ,0.41126582278481016,0.27,0.42,1716,595.44,79
22534,MAGIC DRAWING SLATE SPACEBOY ,0.4174038461538461,0.36,0.42,4329,1734.66,203
22535,MAGIC DRAWING SLATE BUNNIES ,0.41486486486486485,0.27,0.42,1665,610.02,111
22536,MAGIC DRAWING SLATE PURDEY,0.4123972602739726,0.27,0.42,4598,1737.72,145
22537,MAGIC DRAWING SLATE DINOSAUR,0.42,0.42,0.42,1768,742.5600000000001,136
22538,MINI JIGSAW GO TO THE FAIR,0.41115384615384615,0.19,0.42,386,151.07999999999998,26
22539,MINI JIGSAW DOLLY GIRL,0.403448275862069,0.19,0.83,2821,1049.1499999999999,85
22540,MINI JIGSAW CIRCUS PARADE ,0.41227272727272724,0.19,0.83,2450,915.36,66
22541,MINI JIGSAW LEAP FROG,0.4257142857142857,0.19,0.83,465,180.62,21
22543,MINI JIGSAW BAKE A CAKE ,0.3758974358974359,0.19,0.42,1434,515.77,39
22544,MINI JIGSAW SPACEBOY,0.4106349206349206,0.19,0.83,4368,1608.98,125
22545,MINI JIGSAW BUNNIES,0.4008333333333333,0.19,0.83,1087,390.27,48
22546,MINI JIGSAW PURDEY,0.39899999999999997,0.19,0.83,2063,766.99,60
22547,MINI JIGSAW DINOSAUR ,0.4373076923076923,0.19,0.83,736,278.67,51
22548,HEADS AND TAILS SPORTING FUN,1.2591758241758242,0.85,2.46,1871,2095.46,179
22549,PICTURE DOMINOES,1.5166666666666666,1.25,3.29,2991,4235.59,244
22550,HOLIDAY FUN LUDO,3.829101123595506,2.62,7.46,1094,3780.71,178
22551,PLASTERS IN TIN SPACEBOY,1.657070707070707,1.45,3.29,7627,12090.749999999998,587
22553,PLASTERS IN TIN SKULLS,1.6464912280701753,1.45,1.65,3925,6322.65,446
22554,PLASTERS IN TIN WOODLAND ANIMALS,1.6501333333333332,1.45,3.29,7268,11573.079999999998,592
22555,PLASTERS IN TIN STRONGMAN,1.648782608695652,1.45,3.29,5853,9409.49,453
22556,PLASTERS IN TIN CIRCUS PARADE ,1.658119180633147,1.45,3.29,5881,9479.81,531
22557,PLASTERS IN TIN VINTAGE PAISLEY ,1.6783975659229207,1.45,3.29,4537,7287.289999999999,484
22558,CLOTHES PEGS RETROSPOT PACK 24 ,1.5956508422664626,1.0,3.29,8363,12458.63,650
22559,SEASIDE FLYING DISC,1.3643589743589744,1.06,2.46,387,472.77,39
22560,TRADITIONAL MODELLING CLAY,1.2722255192878338,1.06,2.46,7989,9280.41,337
22561,WOODEN SCHOOL COLOURING SET,1.6557002457002457,1.45,3.29,5414,8659.619999999999,398
22562,MONSTERS STENCIL CRAFT,1.2651052631578947,1.06,2.46,1390,1710.42,190
22563,HAPPY STENCIL CRAFT,1.256015625,1.06,2.46,2776,3243.3500000000004,253
22564,ALPHABET STENCIL CRAFT,1.2592771084337349,1.06,2.46,2236,2541.27,166
22565,FELTCRAFT HAIRBANDS PINK AND WHITE ,0.921559633027523,0.85,1.63,817,711.6099999999999,108
22566,FELTCRAFT HAIRBAND PINK AND PURPLE,0.8951239669421488,0.85,1.63,828,716.28,118
22567,20 DOLLY PEGS RETROSPOT,1.3518181818181818,1.06,1.45,2330,2997.2999999999997,185
22568,FELTCRAFT CUSHION OWL,3.784765258215962,3.39,7.46,3119,11216.14,424
22569,FELTCRAFT CUSHION BUTTERFLY,3.7359197324414715,3.39,7.46,2498,8974.6,297
22570,FELTCRAFT CUSHION RABBIT,3.7361515151515152,3.39,7.46,2767,9839.960000000001,327
22571,ROCKING HORSE RED CHRISTMAS ,0.8457377049180327,0.72,0.85,2091,1727.4299999999998,179
22572,ROCKING HORSE GREEN CHRISTMAS ,0.847984496124031,0.72,0.85,1252,1039.24,126
22573,STAR WOODEN CHRISTMAS DECORATION,0.9087096774193548,0.72,1.63,2440,2036.56,154
22574,HEART WOODEN CHRISTMAS DECORATION,0.897125,0.72,1.63,1929,1713.75,158
22575,METAL MERRY CHRISTMAS WREATH,1.9384615384615382,1.65,1.95,613,1142.55,77
22576,SWALLOW WOODEN CHRISTMAS DECORATION,0.891,0.72,1.63,1412,1212.6799999999998,126
22577,WOODEN HEART CHRISTMAS SCANDINAVIAN,0.4238045738045738,0.29,1.63,9681,3332.8499999999995,465
22578,WOODEN STAR CHRISTMAS SCANDINAVIAN,0.38044052863436123,0.29,1.63,9495,3051.5899999999997,436
22579,WOODEN TREE CHRISTMAS SCANDINAVIAN,0.4069444444444444,0.29,1.63,4709,1582.6899999999998,277
22580,ADVENT CALENDAR GINGHAM SACK,6.076627218934911,4.95,11.63,774,4466.780000000001,169
22581,WOOD STOCKING CHRISTMAS SCANDISPOT,0.7419417475728155,0.29,1.63,1086,702.3199999999999,99
22582,PACK OF 6 SWEETIE GIFT BOXES,2.568875,2.1,4.96,1017,2466.16,78
22583,PACK OF 6 HANDBAG GIFT BOXES,2.55,2.55,2.55,526,1341.3,79
22584,PACK OF 6 PANNETONE GIFT BOXES,2.5819230769230765,2.1,4.96,2223,5450.69,155
22585,PACK OF 6 BIRDY GIFT TAGS,1.2590119760479042,1.06,2.46,6006,7079.7,322
22586,FELTCRAFT HAIRBAND PINK AND BLUE,0.85,0.85,0.85,748,635.8,119
22587,FELTCRAFT HAIRBAND RED AND BLUE,0.85,0.85,0.85,842,715.6999999999999,120
22588,CARD HOLDER GINGHAM HEART,2.94268115942029,2.1,5.79,407,1312.55,138
22589,CARDHOLDER GINGHAM STAR,3.1558620689655172,2.49,4.96,323,940.49,57
22591,CARDHOLDER GINGHAM CHRISTMAS TREE,3.6442028985507244,2.55,6.63,315,1094.79,69
22592,CARDHOLDER HOLLY WREATH METAL,3.922365591397849,3.39,7.46,504,1878.58,93
22593,CHRISTMAS GINGHAM STAR,0.9080851063829787,0.72,1.63,1903,1631.59,139
22594,CHRISTMAS GINGHAM TREE,0.9216535433070866,0.72,1.63,1743,1479.2099999999998,126
22595,GINGHAM HEART DECORATION,0.8584552845528455,0.72,1.63,6359,5164.129999999999,362
22596,CHRISTMAS STAR WISH LIST CHALKBOARD,1.1649382716049381,0.39,2.46,3239,3504.48,240
22597,MUSICAL ZINC HEART DECORATION ,0.507258064516129,0.29,1.63,2499,944.4899999999999,120
22598,CHRISTMAS MUSICAL ZINC TREE,0.48207547169811316,0.29,1.63,805,285.07,52
22599,CHRISTMAS MUSICAL ZINC STAR,0.48416666666666663,0.29,1.63,1465,507.80999999999995,71
22600,CHRISTMAS RETROSPOT STAR WOOD,0.8915646258503401,0.72,1.63,1510,1278.04,146
22601,CHRISTMAS RETROSPOT ANGEL WOOD,0.8978064516129032,0.72,1.63,2231,1821.4699999999998,153
22602,RETROSPOT WOODEN HEART DECORATION,0.8607142857142858,0.72,1.63,1920,1611.7199999999998,176
22603,CHRISTMAS RETROSPOT TREE WOOD,0.8893939393939393,0.72,1.63,1280,1077.08,127
22604,SET OF 4 NAPKIN CHARMS CUTLERY,2.535357142857143,2.1,4.96,1171,2642.86,108
22605,WOODEN CROQUET GARDEN SET,14.295282258064516,10.95,24.96,701,9458.98,247
22606,WOODEN SKITTLES GARDEN SET,15.11099290780142,3.25,15.95,292,4186.599999999999,140
22607,WOODEN ROUNDERS GARDEN SET ,9.767402597402596,8.5,16.63,1261,11524.439999999999,307
22608,PENS ASSORTED FUNKY JEWELED ,0.20811764705882355,0.19,0.85,4890,976.56,85
22609,PENS ASSORTED SPACEBALL,0.27416666666666667,0.19,1.63,5528,1199.36,119
22610,PENS ASSORTED FUNNY FACE,0.2294186046511628,0.19,0.85,9110,2313.74,171
22611,VINTAGE UNION JACK SHOPPING BAG,4.898780487804878,4.25,4.95,219,1016.85,40
22613,PACK OF 20 SPACEBOY NAPKINS,0.8475,0.64,1.63,1478,1141.8799999999999,115
22614,PACK OF 12 SPACEBOY TISSUES,0.34728813559322036,0.29,0.83,2918,946.18,174
22615,PACK OF 12 CIRCUS PARADE TISSUES ,0.33428571428571424,0.25,0.83,2010,613.16,70
22616,PACK OF 12 LONDON TISSUES ,0.32588832487309644,0.2,0.83,25305,7253.61,384
22617,BAKING SET SPACEBOY DESIGN,5.0340723981900455,4.25,10.79,2124,10068.74,439
22618,COOKING SET RETROSPOT,9.845714285714285,8.49,9.95,46,447.47999999999996,28
22619,SET OF 6 SOLDIER SKITTLES,3.8693002915451897,3.39,7.46,2286,8556.25,340
22620,4 TRADITIONAL SPINNING TOPS,1.4299731182795696,1.06,2.46,4484,5949.93,365
22621,TRADITIONAL KNITTING NANCY,1.640210325047801,1.25,3.29,5842,9229.82,513
22622,BOX OF VINTAGE ALPHABET BLOCKS,11.131610169491525,8.5,24.96,1282,12884.31,236
22623,BOX OF VINTAGE JIGSAW BLOCKS ,5.819017857142858,4.25,12.46,902,4934.47,224
22624,IVORY KITCHEN SCALES,8.581955484896662,7.65,16.63,1748,14501.03,629
22625,RED KITCHEN SCALES,8.43461373390558,6.0,16.63,1445,11638.18,466
22626,BLACK KITCHEN SCALES,8.50711229946524,7.65,16.63,492,4057.53,187
22627,MINT KITCHEN SCALES,8.439274447949527,0.76,16.63,774,6457.08,317
22628,PICNIC BOXES SET OF 3 RETROSPOT ,4.9338461538461535,4.25,4.95,753,3503.35,129
22629,SPACEBOY LUNCH BOX ,1.9306694560669455,1.65,4.13,13854,24580.44,712
22630,DOLLY GIRL LUNCH BOX,1.9504113924050634,1.65,4.13,11057,19642.989999999998,625
22631,CIRCUS PARADE LUNCH BOX ,1.9400757575757575,1.65,4.13,3338,6050.48,261
22632,HAND WARMER RED RETROSPOT,2.075549597855228,1.79,2.1,4371,8704.570000000002,366
22633,HAND WARMER UNION JACK,2.082835497835498,1.79,2.1,4704,9462.36,448
22634,CHILDS BREAKFAST SET SPACEBOY ,9.695614035087718,8.5,9.95,687,6270.15,226
22635,CHILDS BREAKFAST SET DOLLY GIRL ,9.78121693121693,8.5,9.95,572,5326.0,187
22636,CHILDS BREAKFAST SET CIRCUS PARADE,8.421938775510204,7.65,8.5,536,4416.6,196
22637,PIGGY BANK RETROSPOT ,2.5219649122807017,2.1,4.96,2560,6162.17,285
22638,SET OF 4 NAPKIN CHARMS CROWNS ,2.253846153846154,0.79,4.96,254,391.87,39
22639,SET OF 4 NAPKIN CHARMS HEARTS,2.4765384615384614,0.79,4.96,762,1730.82,127
22640,SET OF 4 NAPKIN CHARMS 3 KEYS ,2.3797560975609753,0.79,2.55,185,341.66999999999996,41
22641,SET OF 4 NAPKIN CHARMS INSTRUMENT,2.4058333333333333,0.79,2.55,112,225.92,24
22642,SET OF 4 NAPKIN CHARMS STARS   ,2.2315555555555555,0.79,4.96,253,516.8,43
22643,SET OF 4 NAPKIN CHARMS LEAVES   ,2.0826666666666664,0.79,2.55,183,331.28999999999996,30
22644,CERAMIC CHERRY CAKE MONEY BANK,1.3390624999999998,0.39,3.29,2034,2302.68,192
22645,CERAMIC HEART FAIRY CAKE MONEY BANK,1.4096638655462186,0.39,3.29,1731,2219.49,237
22646,CERAMIC STRAWBERRY CAKE MONEY BANK,1.3872852233676976,0.39,3.29,3888,4703.41,288
22647,CERAMIC LOVE HEART MONEY BANK,0.9440540540540541,0.39,1.45,709,412.45,37
22649,STRAWBERRY FAIRY CAKE TEAPOT,4.927173913043478,4.25,4.95,708,3443.7000000000003,180
22650,CERAMIC PIRATE CHEST MONEY BANK,1.4425925925925924,1.25,1.45,788,1118.6,108
22651,GENTLEMAN SHIRT REPAIR KIT ,0.8942553191489362,0.72,1.63,1992,1602.7199999999998,94
22652,TRAVEL SEWING KIT,1.6592537313432836,1.45,3.29,4844,7754.36,399
22653,BUTTON BOX ,1.9392682926829268,1.63,4.13,1041,1962.21,120
22654,DELUXE SEWING KIT ,6.055822784810126,4.95,11.63,1024,5775.320000000001,236
22655,VINTAGE RED KITCHEN CABINET,150.66304347826087,50.0,295.0,50,6394.5,46
22656,VINTAGE BLUE KITCHEN CABINET,143.65384615384616,50.0,295.0,20,2885.0,26
22659,LUNCH BOX I LOVE LONDON,1.9229795158286775,1.65,4.13,10753,18770.17,522
22660,DOORMAT I LOVE LONDON,7.934782608695652,4.58,15.79,327,2157.33,69
22661,CHARLOTTE BAG DOLLY GIRL DESIGN,0.8448148148148147,0.72,1.63,5052,4000.4,347
22662,LUNCH BAG DOLLY GIRL DESIGN,1.6559380097879282,1.45,4.13,6511,10304.59,605
22663,JUMBO BAG DOLLY GIRL DESIGN,2.0546708463949845,1.65,4.13,3085,5984.88,319
22664,TOY TIDY DOLLY GIRL DESIGN,2.1170476190476193,0.79,4.13,630,1152.98,105
22665,RECIPE BOX BLUE SKETCHBOOK DESIGN,2.9739999999999998,2.55,5.79,1196,3359.96,240
22666,RECIPE BOX PANTRY YELLOW DESIGN,2.9600453001132507,1.96,5.79,7215,20417.57,875
22667,RECIPE BOX RETROSPOT ,2.918443496801706,2.55,2.95,2770,7671.5,462
22668,PINK BABY BUNTING,2.9720289855072464,2.55,5.79,1894,5258.66,207
22669,RED BABY BUNTING ,2.9404761904761907,2.55,2.95,977,2842.15,168
22670,FRENCH WC SIGN BLUE METAL,1.2653301886792452,1.06,2.46,1748,2186.49,210
22671,FRENCH LAUNDRY SIGN BLUE METAL,1.7073076923076924,1.45,3.29,917,1462.2099999999998,104
22672,FRENCH BATHROOM SIGN BLUE METAL,1.6576073619631901,1.45,3.29,1366,2201.22,161
22673,FRENCH GARDEN SIGN BLUE METAL,1.2682142857142857,1.06,2.46,757,941.83,111
22674,FRENCH TOILET SIGN BLUE METAL,1.2542953020134227,1.06,2.46,1257,1515.46,146
22675,FRENCH KITCHEN SIGN BLUE METAL,1.302265625,1.06,2.46,1146,1386.39,126
22676,FRENCH BLUE METAL DOOR SIGN 1,1.2754999999999999,1.19,2.46,1027,1287.39,140
22677,FRENCH BLUE METAL DOOR SIGN 2,1.26,1.19,2.46,863,1078.76,115
22678,FRENCH BLUE METAL DOOR SIGN 3,1.2726923076923078,1.19,2.46,739,926.18,104
22679,FRENCH BLUE METAL DOOR SIGN 4,1.2756521739130435,1.19,2.46,636,796.82,92
22680,FRENCH BLUE METAL DOOR SIGN 5,1.2726923076923078,1.19,2.46,713,892.47,102
22681,FRENCH BLUE METAL DOOR SIGN 6,1.275232558139535,1.06,2.46,615,770.76,84
22682,FRENCH BLUE METAL DOOR SIGN 7,1.2640243902439026,1.19,2.46,607,759.36,81
22683,FRENCH BLUE METAL DOOR SIGN 8,1.278780487804878,1.19,2.46,563,705.57,82
22684,FRENCH BLUE METAL DOOR SIGN 9,1.249047619047619,1.19,1.25,449,560.65,63
22685,FRENCH BLUE METAL DOOR SIGN 0,1.2491549295774647,1.19,1.25,533,665.65,71
22686,FRENCH BLUE METAL DOOR SIGN No,1.2553333333333334,1.01,2.46,835,967.2,75
22687,DOORMAT CHRISTMAS VILLAGE,8.836,4.58,16.63,568,2991.7,35
22688,DOORMAT PEACE ON EARTH BLUE,7.9585185185185185,4.58,15.79,700,3442.04,27
22689,DOORMAT MERRY CHRISTMAS RED ,8.742521739130435,4.58,16.63,562,3986.44,114
22690,DOORMAT HOME SWEET HOME BLUE ,7.875488721804512,4.58,15.79,1589,9571.69,265
22691,DOORMAT WELCOME SUNRISE,7.943711340206185,4.58,15.79,340,2236.54,97
22692,DOORMAT WELCOME TO OUR HOME,7.915352941176471,4.58,15.79,1373,9427.73,340
22693,GROW A FLYTRAP OR SUNFLOWER IN TIN,1.23551867219917,0.86,1.25,15868,17136.2,241
22694,WICKER STAR ,2.096794871794872,1.85,2.1,1556,3219.6000000000004,307
22695,WICKER WREATH SMALL,1.333469387755102,0.59,3.29,695,850.87,96
22696,WICKER WREATH LARGE,1.989375,1.65,4.13,692,1303.4599999999998,123
22697,GREEN REGENCY TEACUP AND SAUCER,2.9414285714285713,2.55,5.79,6263,17342.49,733
22698,PINK REGENCY TEACUP AND SAUCER,2.934309764309764,2.55,5.79,5169,14275.79,591
22699,ROSES REGENCY TEACUP AND SAUCER ,2.9224644549763035,2.55,5.79,8684,23682.8,836
22700,BLACK AND WHITE DOG BOWL,2.3309615384615388,0.85,3.24,1170,2547.48,52
22701,PINK DOG BOWL,2.2656896551724137,0.79,3.24,420,570.24,57
22702,BLACK AND WHITE CAT BOWL,1.7930232558139536,0.65,2.4,1357,2661.8999999999996,43
22703,PINK CAT BOWL,1.61,0.59,2.4,168,249.42000000000002,40
22704,WRAP RED APPLES ,0.4190857142857143,0.34,0.42,5200,2136.0,175
22705,WRAP GREEN PEARS ,0.42,0.42,0.42,1850,777.0,75
22706,WRAP COWBOYS  ,0.4188571428571429,0.34,0.42,2025,834.5,70
22707,WRAP MONSTER FUN ,0.42,0.42,0.42,1250,525.0,47
22708,WRAP DOLLY GIRL,0.4192,0.34,0.42,2750,1139.0,100
22709,WRAP WEDDING DAY,0.41641025641025636,0.34,0.42,1325,528.5,39
22710,WRAP I LOVE LONDON ,0.4162376237623762,0.34,0.42,4400,1732.0,101
22711,WRAP CIRCUS PARADE,0.4192079207920792,0.34,0.42,2802,1160.84,101
22712,CARD DOLLY GIRL ,0.43537037037037035,0.36,0.83,4246,1690.71,216
22713,CARD I LOVE LONDON ,0.4214569536423841,0.36,0.83,3241,1283.56,150
22714,CARD BIRTHDAY COWBOY,0.4206410256410257,0.36,0.83,3355,1319.85,156
22715,CARD WEDDING DAY,0.4181632653061224,0.36,0.42,1506,615.24,98
22716,CARD CIRCUS PARADE,0.4243457943925234,0.36,0.83,3076,1267.23,214
22717,CARD DOG AND BALL ,0.41931034482758617,0.36,0.42,1170,487.08,87
22718,CARD CAT AND TREE ,0.41886792452830185,0.36,0.42,1512,626.4,106
22719,GUMBALL MONOCHROME COAT RACK,1.19,1.06,1.25,453,496.90000000000003,38
22720,SET OF 3 CAKE TINS PANTRY DESIGN ,4.951135620915033,3.39,10.79,6857,32573.15,1218
22721,SET OF 3 CAKE TINS SKETCHBOOK,4.831295546558704,1.95,10.79,908,3942.82,246
22722,SET OF 6 SPICE TINS PANTRY DESIGN,3.9168148148148147,3.45,4.25,5330,20364.600000000002,665
22723,SET OF 6 HERB TINS SKETCHBOOK,3.7489166666666667,1.25,8.29,1052,3678.2400000000002,237
22725,ALARM CLOCK BAKELIKE CHOCOLATE,3.799410029498525,3.39,7.46,1724,6379.26,335
22726,ALARM CLOCK BAKELIKE GREEN,3.79046398046398,3.39,7.46,5598,20719.15,809
22727,ALARM CLOCK BAKELIKE RED ,3.7663794983642314,2.99,7.46,7135,25602.7,907
22728,ALARM CLOCK BAKELIKE PINK,3.786273584905661,3.39,7.46,5025,18385.34,629
22729,ALARM CLOCK BAKELIKE ORANGE,3.7647120418848163,3.39,7.46,2148,7868.49,376
22730,ALARM CLOCK BAKELIKE IVORY,3.755414937759336,3.39,7.46,2680,10105.61,480
22731,3D CHRISTMAS STAMPS STICKERS ,1.3499999999999999,1.06,2.46,1061,1344.45,106
22732,3D VINTAGE CHRISTMAS STICKERS ,1.3437795275590552,1.06,2.46,1522,1930.38,126
22733,3D TRADITIONAL CHRISTMAS STICKERS,1.3340277777777778,1.25,2.46,1471,1882.31,141
22734,SET OF 6 RIBBONS VINTAGE CHRISTMAS,2.8916326530612246,2.49,5.79,2809,7953.570000000001,333
22735,RIBBON REEL SOCKS AND MITTENS,1.7409090909090907,1.45,3.29,668,1097.88,86
22736,RIBBON REEL MAKING SNOWMEN ,1.7232467532467532,1.45,3.29,1078,1785.86,154
22737,RIBBON REEL CHRISTMAS PRESENT ,1.73586387434555,1.65,3.29,1186,2007.74,189
22738,RIBBON REEL SNOWY VILLAGE,1.698268156424581,1.45,3.29,1861,3002.53,178
22739,RIBBON REEL CHRISTMAS SOCK BAUBLE,1.7436538461538462,1.45,3.29,1561,2659.89,205
22740,POLKADOT PEN,0.8451401869158878,0.72,0.85,6625,5475.25,107
22741,FUNKY DIVA PEN,0.8541139240506328,0.72,1.63,8277,6967.589999999999,158
22742,MAKE YOUR OWN PLAYTIME CARD KIT,2.6300000000000003,0.79,2.95,622,1230.3400000000001,89
22743,MAKE YOUR OWN FLOWERPOWER CARD KIT,2.8089333333333335,0.79,5.79,857,2001.1100000000001,149
22744,MAKE YOUR OWN MONSOON CARD KIT,2.6926666666666668,0.79,5.79,822,1868.5400000000002,148
22745,POPPY'S PLAYHOUSE BEDROOM ,2.115077881619938,1.85,4.13,1767,3645.8500000000004,319
22746,POPPY'S PLAYHOUSE LIVINGROOM ,2.128901960784314,1.85,4.13,1303,2699.42,254
22747,POPPY'S PLAYHOUSE BATHROOM,2.0956140350877193,1.85,2.1,876,1794.6000000000001,169
22748,POPPY'S PLAYHOUSE KITCHEN,2.125994318181818,1.85,4.13,1874,3889.61,349
22749,FELTCRAFT PRINCESS CHARLOTTE DOLL,3.7540686274509807,3.39,7.46,2210,8022.76,401
22750,FELTCRAFT PRINCESS LOLA DOLL,3.7668407310704963,3.39,7.46,1939,7073.19,380
22751,FELTCRAFT PRINCESS OLIVIA DOLL,3.794251968503937,3.39,7.46,1509,5427.35,252
22752,SET 7 BABUSHKA NESTING BOXES,8.39953947368421,3.95,16.63,1527,11687.79,302
22753,SMALL YELLOW BABUSHKA NOTEBOOK ,0.7711976047904191,0.2,1.63,917,613.78,166
22754,SMALL RED BABUSHKA NOTEBOOK ,0.7683505154639175,0.2,1.63,1800,1104.74,194
22755,SMALL PURPLE BABUSHKA NOTEBOOK ,0.7906666666666667,0.2,1.63,1574,1010.2299999999999,193
22756,LARGE YELLOW BABUSHKA NOTEBOOK ,1.1112903225806452,0.39,2.46,554,546.88,93
22757,LARGE RED BABUSHKA NOTEBOOK ,1.1217543859649122,0.39,2.46,1007,947.96,114
22758,LARGE PURPLE BABUSHKA NOTEBOOK  ,1.115625,0.39,2.46,1120,939.52,127
22759,SET OF 3 NOTEBOOKS IN PARCEL,1.6882978723404254,1.45,3.29,5173,8227.65,321
22760,"TRAY, BREAKFAST IN BED",12.5,10.95,12.75,253,3015.1499999999996,72
22761,CHEST 7 DRAWER MA CAMPAGNE,24.47,21.95,24.95,32,777.4,25
22762,CUPBOARD 3 DRAWER MA CAMPAGNE,14.73936170212766,12.75,14.95,127,1826.05,94
22763,KEY CABINET MA CAMPAGNE,9.9046875,8.5,9.95,185,1805.9499999999998,96
22764,"RUSTIC WOODEN CABINET, GLASS DOORS",24.95,24.95,24.95,2,49.9,3
22765,NEWSPAPER STAND,13.263333333333334,9.89,14.95,25,257.37,3
22766,PHOTO FRAME CORNICE,2.954936440677966,2.55,5.79,3135,9156.33,469
22767,TRIPLE PHOTO FRAME CORNICE ,9.856844444444445,6.72,9.95,726,6584.58,225
22768,FAMILY PHOTO FRAME CORNICE,9.90212355212355,6.72,19.96,800,7281.589999999999,258
22769,CHALKBOARD KITCHEN ORGANISER,23.75,21.95,24.95,-4,-87.8,5
22770,MIRROR CORNICE,14.912711864406779,12.75,14.95,79,1163.45,59
22771,CLEAR DRAWER KNOB ACRYLIC EDWARDIAN,1.2448036253776433,0.85,1.49,5627,6765.67,325
22772,PINK DRAWER KNOB ACRYLIC EDWARDIAN,1.2471676300578034,0.85,2.46,3266,3827.97,172
22773,GREEN DRAWER KNOB ACRYLIC EDWARDIAN,1.2489261744966442,0.85,1.49,1840,2227.52,145
22774,RED DRAWER KNOB ACRYLIC EDWARDIAN,1.2371287128712871,0.85,1.49,1967,2272.46,100
22775,PURPLE DRAWERKNOB ACRYLIC EDWARDIAN,1.2574172185430463,1.06,2.46,2464,2982.37,147
22776,SWEETHEART CAKESTAND 3 TIER,9.84938775510204,8.5,9.95,1022,9697.65,489
22777,GLASS CLOCHE LARGE,8.333695652173914,7.65,8.5,326,2556.8,46
22778,GLASS CLOCHE SMALL,3.8423076923076924,3.39,3.95,693,2520.63,125
22779,WOODEN OWLS LIGHT GARLAND ,4.185225806451613,3.37,4.25,1507,5662.35,153
22780,LIGHT GARLAND BUTTERFILES PINK,4.188142857142857,3.37,4.25,1315,4912.59,138
22781,GUMBALL MAGAZINE RACK,7.688323699421966,6.75,14.96,483,3556.79,173
22782,SET 3 WICKER STORAGE BASKETS ,19.355405405405406,9.95,24.95,241,3399.95,74
22783,SET 3 WICKER OVAL BASKETS W LIDS,13.858125,7.95,19.95,462,5922.12,32
22784,LANTERN CREAM GAZEBO ,4.973448275862069,4.25,10.79,1164,5476.02,286
22785,SQUARECUSHION COVER PINK UNION JACK,6.388148148148148,1.25,16.63,212,797.44,54
22786,CUSHION COVER PINK UNION JACK,5.934864864864865,1.25,15.79,108,576.64,37
22788,BROCANTE COAT RACK,9.7996,6.78,9.95,199,1677.25,50
22789,T-LIGHT HOLDER SWEETHEART HANGING,1.989375,1.65,4.13,821,1572.69,127
22791,T-LIGHT GLASS FLUTED ANTIQUE,1.2314022140221401,1.06,2.46,7087,8096.14,270
22792,FLUTED ANTIQUE CANDLE HOLDER,0.8651162790697674,0.72,1.63,2277,1857.7099999999998,129
22794,SWEETHEART WIRE MAGAZINE RACK,7.942546583850931,6.75,7.95,295,2333.25,161
22795,SWEETHEART RECIPE BOOK STAND,6.66655290102389,0.7,6.75,1081,6999.45,290
22796,PHOTO FRAME 3 CLASSIC HANGING,9.888559322033897,8.5,9.95,497,4833.5,234
22797,CHEST OF DRAWERS GINGHAM HEART ,17.066179775280897,14.95,33.29,132,2221.74,89
22798,ANTIQUE GLASS DRESSING TABLE POT,2.974,2.55,5.79,1597,4551.31,205
22799,SWEETHEART WIRE FRUIT BOWL,8.127215189873418,2.95,8.5,197,1489.3,79
22800,ANTIQUE TALL SWIRLGLASS TRINKET POT,3.7943356643356645,3.39,7.46,758,2790.88,143
22801,ANTIQUE GLASS PEDESTAL BOWL,3.7616091954022988,3.39,7.46,868,3141.21,170
22802,FAUX FUR CHOCOLATE THROW,18.008823529411764,7.95,19.95,65,1035.75,34
22803,IVORY EMBROIDERED QUILT ,38.102000000000004,35.75,39.95,46,1715.9,25
22804,CANDLEHOLDER PINK HANGING HEART,2.9785781990521327,1.0,5.79,2682,6760.26,417
22805,BLUE DRAWER KNOB ACRYLIC EDWARDIAN,1.2454032258064516,1.06,1.25,1547,1890.43,124
22806,SET OF 6 T-LIGHTS WEDDING CAKE ,2.632142857142857,1.25,2.95,243,595.6500000000001,28
22807,SET OF 6 T-LIGHTS TOADSTOOLS,2.79348623853211,1.25,5.79,669,1786.1900000000003,107
22808,SET OF 6 T-LIGHTS EASTER CHICKS,2.8572727272727274,1.25,2.95,302,846.7000000000002,55
22809,SET OF 6 T-LIGHTS SANTA,3.124463276836158,2.55,5.79,1160,3410.36,175
22810,SET OF 6 T-LIGHTS SNOWMEN,3.158857142857143,2.55,5.79,846,2628.38,139
22811,SET OF 6 T-LIGHTS CACTI ,3.008771929824561,1.25,5.79,774,1984.98,56
22812,PACK 3 BOXES CHRISTMAS PANNETONE,2.1388372093023253,1.65,4.13,1549,2921.87,125
22813,PACK 3 BOXES BIRD PANNETONE ,2.0618181818181816,1.65,4.13,2265,4203.33,154
22814,CARD PARTY GAMES ,0.4168421052631579,0.36,0.42,1569,628.74,95
22815,CARD PSYCHEDELIC APPLES,0.4184070796460177,0.36,0.42,1798,742.2,113
22816,CARD MOTORBIKE SANTA,0.41830508474576267,0.36,0.42,3402,1405.08,176
22817,CARD SUKI BIRTHDAY,0.4180952380952381,0.36,0.42,1858,763.08,126
22818,CARD CHRISTMAS VILLAGE,0.41927272727272724,0.36,0.42,3042,1269.0,165
22819,"BIRTHDAY CARD, RETRO SPOT",0.41857142857142854,0.36,0.42,1848,758.88,126
22820,GIFT BAG BIRTHDAY,0.6538297872340426,0.65,0.83,759,493.53000000000003,46
22821,GIFT BAG PSYCHEDELIC APPLES,0.6553731343283583,0.65,0.83,810,526.86,67
22822,CREAM WALL PLANTER HEART SHAPED,5.946643835616438,4.95,12.46,414,2384.81,146
22823,CHEST NATURAL WOOD 20 DRAWERS,118.07692307692308,110.0,125.0,24,2745.0,13
22824,3 TIER SWEETHEART GARDEN SHELF,35.67727272727273,32.95,35.95,54,1902.3000000000002,44
22825,DECORATIVE PLANT POT WITH FRIEZE,7.857692307692308,6.75,7.95,68,531.0,26
22826,LOVE SEAT ANTIQUE WHITE METAL,115.38888888888889,42.5,195.0,54,5692.5,45
22827,RUSTIC  SEVENTEEN DRAWER SIDEBOARD,156.0344827586207,85.0,165.0,32,5000.0,29
22828,REGENCY MIRROR WITH SHUTTERS,156.42857142857142,145.0,165.0,10,1530.0,7
22829,SWEETHEART WIRE WALL TIDY,9.847474747474747,8.5,9.95,203,1958.9499999999998,99
22830,UTILTY CABINET WITH HOOKS,21.771666666666665,10.0,26.95,131,2610.29,6
22831,WHITE BROCANTE SOAP DISH,2.9462264150943396,2.55,2.95,684,1960.2000000000003,104
22832,BROCANTE SHELF WITH HOOKS,10.728378378378379,9.95,10.75,148,1570.2,74
22833,HALL CABINET WITH 3 DRAWERS,45.635000000000005,32.69,49.95,75,2503.5299999999997,4
22834,HAND WARMER BABUSHKA DESIGN,1.8784333333333332,0.85,4.13,4401,5812.38,295
22835,HOT WATER BOTTLE I AM SO POORLY,4.855625,4.25,9.13,2593,12209.43,510
22837,HOT WATER BOTTLE BABUSHKA ,4.617883211678833,4.25,4.65,954,4316.900000000001,136
22838,3 TIER CAKE TIN RED AND CREAM,14.728933333333332,9.98,29.13,524,7066.18,150
22839,3 TIER CAKE TIN GREEN AND CREAM,14.94061224489796,9.98,29.13,348,4715.36,146
22840,ROUND CAKE TIN VINTAGE RED,7.9189056603773595,5.49,15.79,868,6418.88,265
22841,ROUND CAKE TIN VINTAGE GREEN,7.958461538461539,5.49,15.79,502,3784.1800000000003,208
22842,BISCUIT TIN VINTAGE RED,6.6450000000000005,5.95,6.75,553,3482.3500000000004,160
22843,BISCUIT TIN VINTAGE GREEN,6.697377049180329,4.67,13.29,423,2617.63,122
22844,VINTAGE CREAM DOG FOOD CONTAINER,8.533953488372092,6.42,16.63,795,6526.05,300
22845,VINTAGE CREAM CAT FOOD CONTAINER,6.376163265306122,4.27,12.46,689,4113.639999999999,244
22846,BREAD BIN DINER STYLE RED ,16.34642857142857,5.0,16.95,601,9197.56,266
22847,BREAD BIN DINER STYLE IVORY,16.514731182795696,11.63,33.29,808,12494.84,372
22848,BREAD BIN DINER STYLE PINK,16.22504201680672,10.0,16.95,290,4404.95,119
22849,BREAD BIN DINER STYLE MINT,16.230944881889762,11.63,16.95,291,4438.21,127
22851,SET 20 NAPKINS FAIRY CAKES DESIGN ,0.8633561643835617,0.72,1.63,2588,2130.38,288
22852,DOG BOWL VINTAGE CREAM,4.248818181818182,3.75,4.62,349,1486.67,110
22853,CAT BOWL VINTAGE CREAM,3.2470588235294118,2.75,3.45,425,1377.45,102
22854,CREAM SWEETHEART EGG HOLDER,4.917763157894737,4.25,4.95,747,3532.4500000000003,150
22855,FINE WICKER HEART ,1.2352222222222222,1.06,1.25,2494,2967.02,180
22856,ASSORTED EASTER DECORATIONS  BELLS,1.2420833333333332,1.06,1.25,543,624.03,24
22857,ASSORTED EASTER GIFT TAGS,0.8455172413793103,0.72,0.85,1142,933.26,58
22858,EASTER TIN KEEPSAKE,1.644736842105263,1.45,1.65,1068,1697.3999999999999,113
22859,EASTER TIN BUNNY BOUQUET,1.6455555555555554,1.45,1.65,1112,1769.9999999999998,133
22860,EASTER TIN CHICKS PINK DAISY,1.65,1.65,1.65,545,899.2499999999999,87
22861,EASTER TIN CHICKS IN GARDEN,1.65,1.65,1.65,292,481.79999999999995,38
22862,LOVE HEART NAPKIN BOX ,4.25,4.25,4.25,139,590.75,45
22863,SOAP DISH BROCANTE,2.9289473684210527,2.55,2.95,678,1904.1000000000001,95
22865,HAND WARMER OWL DESIGN,2.112235294117647,1.79,4.13,7933,15855.680000000002,583
22866,HAND WARMER SCOTTY DOG DESIGN,2.0884836065573773,1.79,2.1,5998,12020.760000000002,475
22867,HAND WARMER BIRD DESIGN,2.1100616016427107,1.85,4.13,5940,11953.330000000002,480
22868,NUMBER TILE COTTAGE GARDEN 0 ,1.95,1.95,1.95,53,103.35,10
22869,NUMBER TILE COTTAGE GARDEN 1,1.95,1.95,1.95,68,132.6,20
22870,NUMBER TILE COTTAGE GARDEN 2,1.95,1.95,1.95,66,128.7,15
22871,NUMBER TILE COTTAGE GARDEN 3 ,1.95,1.95,1.95,52,101.39999999999999,10
22872,NUMBER TILE COTTAGE GARDEN 4,1.9499999999999997,1.95,1.95,55,107.25,13
22873,NUMBER TILE COTTAGE GARDEN 5,1.9499999999999997,1.95,1.95,47,91.64999999999999,13
22874,NUMBER TILE COTTAGE GARDEN 6,1.95,1.95,1.95,54,105.3,11
22875,NUMBER TILE COTTAGE GARDEN 7,1.95,1.95,1.95,51,99.45,14
22876,NUMBER TILE COTTAGE GARDEN 8,1.95,1.95,1.95,52,101.39999999999999,11
22877,NUMBER TILE COTTAGE GARDEN 9,1.95,1.95,1.95,55,107.25,14
22878,NUMBER TILE COTTAGE GARDEN No,2.1,2.1,2.1,51,107.10000000000001,12
22879,NUMBER TILE VINTAGE FONT 0,1.595,0.42,2.17,62,69.34,8
22880,NUMBER TILE VINTAGE FONT 1,1.6918181818181817,0.42,2.17,70,84.94,11
22881,NUMBER TILE VINTAGE FONT 2,1.7315384615384615,0.42,2.17,79,102.49,13
22882,NUMBER TILE VINTAGE FONT 3,1.8147619047619048,0.42,2.17,82,108.33999999999999,21
22883,NUMBER TILE VINTAGE FONT 4,1.7133333333333332,0.42,2.17,77,98.59,12
22884,NUMBER TILE VINTAGE FONT 5,1.7725,0.42,2.17,75,94.69,16
22885,NUMBER TILE VINTAGE FONT 6 ,1.7315384615384615,0.42,2.17,78,100.53999999999999,13
22886,NUMBER TILE VINTAGE FONT 7,1.7315384615384615,0.42,2.17,74,92.74,13
22887,NUMBER TILE VINTAGE FONT 8,1.6918181818181817,0.42,2.17,66,77.14,11
22888,NUMBER TILE VINTAGE FONT 9 ,1.595,0.42,2.17,63,71.28999999999999,8
22889,NUMBER TILE VINTAGE FONT No ,1.7242857142857144,0.75,2.17,143,156.18,7
22890,NOVELTY BISCUITS CAKE STAND 3 TIER,9.976089743589743,8.5,19.96,331,3177.1699999999996,155
22891,TEA FOR ONE POLKADOT,4.575619834710744,3.75,8.29,312,1378.76,121
22892,SET OF SALT AND PEPPER TOADSTOOLS,1.243474178403756,1.0,1.25,2359,2885.16,213
22893,MINI CAKE STAND T-LIGHT HOLDER,0.4174647887323944,0.36,0.42,1443,583.02,70
22894,TABLECLOTH RED APPLES DESIGN ,9.696363636363635,8.15,9.95,291,2821.95,109
22895,SET OF 2 TEA TOWELS APPLE AND PEARS,3.185850622406639,2.55,6.63,1969,5821.89,239
22896,PEG BAG APPLES DESIGN,2.5922666666666667,2.1,4.96,1472,3500.47,223
22897,OVEN MITT APPLES DESIGN,1.546629213483146,1.25,3.29,1254,1786.86,177
22898,CHILDRENS APRON APPLES DESIGN,1.946774193548387,1.65,4.13,2189,4097.45,277
22899,CHILDREN'S APRON DOLLY GIRL ,2.126136363636364,1.85,4.13,1976,3974.28,262
22900, SET 2 TEA TOWELS I LOVE LONDON ,3.122596401028278,2.32,3.25,4352,12478.1,379
22902,TOTE BAG I LOVE LONDON,2.0530208333333335,1.69,2.1,1180,2239.38,96
22903,CALENDAR FAMILY FAVOURITES,2.7590625,1.25,2.95,153,427.43,32
22904,CALENDAR PAPER CUT DESIGN,2.977394957983193,2.55,5.79,1762,5054.9400000000005,235
22905,CALENDAR IN SEASON DESIGN,2.7483823529411766,1.25,2.95,477,1222.54,67
22906,12 MESSAGE CARDS WITH ENVELOPES,1.6417525773195876,1.45,1.65,1621,2578.6499999999996,187
22907,PACK OF 20 NAPKINS PANTRY DESIGN,0.850644007155635,0.64,1.63,6048,4920.42,538
22908,PACK OF 20 NAPKINS RED APPLES,0.8477950310559006,0.64,1.63,4226,3323.84,315
22909,SET OF 20 VINTAGE CHRISTMAS NAPKINS,0.8451669941060904,0.64,0.85,7852,6325.719999999999,496
22910,PAPER CHAIN KIT VINTAGE CHRISTMAS,2.934958217270195,2.55,5.79,9072,24708.32,709
22911,PAPER CHAIN KIT LONDON,2.974578313253012,2.55,5.79,433,1232.19,83
22912,YELLOW COAT RACK PARIS FASHION,4.933010752688173,3.37,4.95,264,1193.0400000000002,92
22913,RED COAT RACK PARIS FASHION,4.926494845360825,3.37,4.95,323,1459.89,97
22914,BLUE COAT RACK PARIS FASHION,4.933597122302158,3.37,4.95,422,1949.94,138
22915,ASSORTED BOTTLE TOP  MAGNETS ,0.3997810218978102,0.19,0.42,2874,1081.68,136
22916,HERB MARKER THYME,0.6494791666666667,0.55,0.65,1804,1160.6000000000001,187
22917,HERB MARKER ROSEMARY,0.6494791666666667,0.55,0.65,1839,1183.3500000000001,191
22918,HERB MARKER PARSLEY,0.6489528795811519,0.55,0.65,1759,1111.3500000000001,188
22919,HERB MARKER MINT,0.6494871794871795,0.55,0.65,1653,1062.45,192
22920,HERB MARKER BASIL,0.6484375,0.55,0.65,1798,1156.7,190
22921,HERB MARKER CHIVES ,0.6494047619047619,0.55,0.65,1631,1048.15,167
22922,FRIDGE MAGNETS US DINER ASSORTED,0.8546739130434782,0.72,1.8,1320,1104.3,92
22923,FRIDGE MAGNETS LES ENFANTS ASSORTED,0.8435802469135802,0.72,0.85,1093,897.8499999999999,81
22924,FRIDGE MAGNETS LA VIE EN ROSE,0.845,0.72,0.85,1013,845.4499999999999,78
22925,BLUE GIANT GARDEN THERMOMETER,5.982797619047619,4.95,12.46,418,2464.1200000000003,167
22926,IVORY GIANT GARDEN THERMOMETER,5.939417989417989,4.95,5.95,551,3206.4500000000003,188
22927,GREEN GIANT GARDEN THERMOMETER,5.935294117647059,4.95,5.95,381,2194.9500000000003,136
22928,YELLOW GIANT GARDEN THERMOMETER,6.363695652173914,4.95,12.46,245,1499.8700000000001,92
22929,SCHOOL DESK AND CHAIR ,64.06,57.95,65.0,16,1004.75,15
22930,BAKING MOULD HEART MILK CHOCOLATE,2.562380952380952,2.1,4.96,944,2311.52,146
22931,BAKING MOULD HEART WHITE CHOCOLATE,2.5514414414414412,2.1,4.96,792,1873.51,110
22932,BAKING MOULD TOFFEE CUP CHOCOLATE,2.495454545454545,2.1,2.55,752,1688.1000000000001,66
22933,BAKING MOULD EASTER EGG MILK CHOC,2.9143617021276595,2.1,2.95,720,1934.4,93
22934,BAKING MOULD EASTER EGG WHITE CHOC,2.915714285714286,2.55,2.95,557,1518.3500000000001,70
22935,BAKING MOULD ROSE MILK CHOCOLATE,3.1556603773584904,2.75,3.25,601,1766.25,53
22936,BAKING MOULD ROSE WHITE CHOCOLATE,3.288333333333333,2.75,6.63,186,568.88,34
22937,BAKING MOULD CHOCOLATE CUPCAKES,2.6119858156028366,2.1,4.96,926,2386.94,138
22938,CUPCAKE LACE PAPER SET 6,1.941931818181818,1.65,4.13,2261,4238.33,174
22939,APRON APPLE DELIGHT,5.273461538461539,4.25,10.79,432,2109.28,104
22940,FELTCRAFT CHRISTMAS FAIRY,4.34022435897436,0.5,8.29,1852,7580.68,306
22941,CHRISTMAS LIGHTS 10 REINDEER,8.444871794871794,6.5,8.5,1519,11703.75,273
22942,CHRISTMAS LIGHTS 10 SANTAS ,7.515034965034966,2.95,8.5,504,3495.9,143
22943,CHRISTMAS LIGHTS 10 VINTAGE BAUBLES,4.95698224852071,4.25,10.79,1246,5803.4800000000005,169
22944,CHRISTMAS METAL POSTCARD WITH BELLS,0.5287096774193548,0.39,1.25,2691,1120.01,59
22945,CHRISTMAS METAL TAGS ASSORTED ,0.8901398601398601,0.72,1.8,2677,2261.6499999999996,140
22946,WOODEN ADVENT CALENDAR CREAM,16.278350515463917,8.0,16.95,352,5085.3,96
22947,WOODEN ADVENT CALENDAR RED,10.256542056074768,7.95,16.95,531,5007.85,107
22948,METAL DECORATION NAUGHTY CHILDREN ,0.9234285714285714,0.72,1.66,1448,1279.76,99
22949,36 DOILIES DOLLY GIRL,1.45,1.45,1.45,921,1335.4499999999998,88
22950,36 DOILIES VINTAGE CHRISTMAS,1.4358823529411764,1.25,1.45,4854,6630.299999999999,170
22951,60 CAKE CASES DOLLY GIRL DESIGN,0.5630219780219781,0.42,1.25,7091,3669.61,359
22952,60 CAKE CASES VINTAGE CHRISTMAS,0.5422107438016529,0.42,0.55,14424,7278.0,471
22953,BIRTHDAY PARTY CORDON BARRIER TAPE,1.2791566265060241,1.25,2.46,460,578.63,82
22954,HEN PARTY CORDON BARRIER TAPE,1.25,1.25,1.25,159,198.75,29
22955,36 FOIL STAR CAKE CASES ,2.0110185185185183,0.79,2.1,997,1912.3400000000001,106
22956,36 FOIL HEART CAKE CASES,2.0491477272727274,0.79,4.13,1846,3531.1700000000005,173
22957,SET 3 PAPER VINTAGE CHICK PAPER EGG,2.9282178217821784,2.55,2.95,1720,4800.400000000001,200
22959,WRAP CHRISTMAS VILLAGE,0.41846153846153844,0.34,0.42,4576,1877.92,143
22960,JAM MAKING SET WITH JARS,4.180787564766839,2.95,8.29,7894,31611.72,964
22961,JAM MAKING SET PRINTED,1.4709399773499432,1.25,3.29,14708,20721.8,880
22962,JAM JAR WITH PINK LID,0.8456179775280899,0.72,1.63,3590,2875.35,267
22963,JAM JAR WITH GREEN LID,0.8441441441441442,0.72,1.63,2955,2360.2999999999997,222
22964,3 PIECE SPACEBOY COOKIE CUTTER SET,2.133267973856209,1.85,4.13,2496,4996.84,303
22965,3 TRADITIONAl BISCUIT CUTTERS  SET,2.1253080568720377,1.85,4.13,1290,2667.6200000000003,210
22966,GINGERBREAD MAN COOKIE CUTTER,1.2613756613756615,1.06,2.46,7191,8608.880000000001,556
22967,SET 3 SONG BIRD PAPER EGGS ASSORTED,2.9292592592592595,2.55,2.95,1137,3159.75,135
22968,ROSE COTTAGE KEEPSAKE BOX ,9.714610389610389,8.5,9.95,708,6376.15,154
22969,HOMEMADE JAM SCENTED CANDLES,1.4503422053231938,1.25,3.29,11940,17318.399999999998,526
22970,LONDON BUS COFFEE MUG,2.487544483985765,2.1,2.55,4197,9548.550000000001,279
22971,QUEENS GUARD COFFEE MUG,2.5187916666666665,2.1,4.96,2349,5565.92,238
22972,CHILDREN'S SPACEBOY MUG,1.6533862433862434,1.45,3.29,1678,2729.66,188
22973,CHILDREN'S CIRCUS PARADE MUG,1.6713793103448276,1.45,3.29,1164,1878.2799999999997,115
22974,CHILDRENS DOLLY GIRL MUG,1.684909090909091,1.45,3.29,1494,2410.14,164
22975,SPACEBOY CHILDRENS EGG CUP,1.2750344827586206,1.25,2.46,1117,1404.72,143
22976,CIRCUS PARADE CHILDRENS EGG CUP ,1.2605217391304349,1.25,2.46,1009,1266.09,114
22977,DOLLY GIRL CHILDRENS EGG CUP,1.26070796460177,1.25,2.46,903,1129.96,112
22978,PANTRY ROLLING PIN,3.7504306220095693,3.39,7.46,2331,8907.92,209
22979,PANTRY WASHING UP BRUSH,1.495176848874598,1.25,3.29,3822,5668.16,309
22980,PANTRY SCRUBBING BRUSH,1.6731999999999998,1.45,3.29,2205,3532.8899999999994,248
22981,PANTRY APPLE CORER,1.4474025974025975,1.25,1.45,429,593.25,74
22982,PANTRY PASTRY BRUSH,1.3141216216216216,1.06,2.46,1020,1277.05,148
22983,CARD BILLBOARD FONT,0.42715568862275444,0.36,0.83,4893,2019.15,334
22984,CARD GINGHAM ROSE ,0.42157142857142854,0.36,0.83,2654,1063.66,140
22985,WRAP BILLBOARD FONTS DESIGN,0.4183333333333333,0.34,0.42,3750,1487.0,96
22986,WRAP GINGHAM ROSE ,0.4196129032258064,0.36,0.42,4076,1699.92,155
22987,WRAP SUMMER ROSE DESIGN,0.42,0.42,0.42,100,42.0,4
22988,SOLDIERS EGG CUP ,1.2557227138643068,1.06,2.46,8645,9937.44,335
22989,SET 2 PANTRY DESIGN TEA TOWELS,3.229719626168224,2.55,3.28,2669,8232.17,315
22990,COTTON APRON PANTRY DESIGN,4.76921568627451,1.95,10.79,476,2116.84,151
22991,GIRAFFE WOODEN RULER,2.0461475409836067,1.65,4.13,3000,5642.639999999999,239
22992,REVOLVER WOODEN RULER ,1.9597999999999998,1.65,4.13,4204,7762.74,292
22993,SET OF 4 PANTRY JELLY MOULDS,1.256932584269663,1.06,2.46,11701,14066.42,875
22994,TRAVEL CARD WALLET RETROSPOT,0.4196407185628742,0.36,0.42,2074,869.64,166
22995,TRAVEL CARD WALLET SUKI,0.4193617021276596,0.36,0.42,2179,912.3,186
22996,TRAVEL CARD WALLET VINTAGE TICKET,0.41940397350993375,0.36,0.42,4514,1864.2,296
22997,TRAVEL CARD WALLET UNION JACK,0.41968421052631577,0.36,0.42,2399,1006.14,189
22998,TRAVEL CARD WALLET KEEP CALM,0.42762749445676274,0.36,0.83,11468,4566.98,448
22999,TRAVEL CARD WALLET VINTAGE LEAF,0.41968421052631577,0.36,0.42,2806,1177.08,187
23000,TRAVEL CARD WALLET TRANSPORT,0.4197142857142857,0.36,0.42,3003,1258.38,209
23002,TRAVEL CARD WALLET SKULLS,0.4196,0.36,0.42,1924,806.64,148
23003,TRAVEL CARD WALLET VINTAGE ROSE ,0.41886792452830185,0.36,0.42,541,225.78,52
23004,TRAVEL CARD WALLET PANTRY,0.42946153846153845,0.42,0.83,1669,702.62,127
23005,TRAVEL CARD WALLET I LOVE LONDON,0.4193296089385475,0.36,0.42,4345,1767.3,176
23006,TRAVEL CARD WALLET FLOWER MEADOW,0.41955555555555557,0.36,0.42,1615,676.86,135
23007, SPACEBOY BABY GIFT SET,16.52241379310345,14.95,16.95,443,6946.849999999999,145
23008,DOLLY GIRL BABY GIFT SET,16.433870967741935,14.95,16.95,412,6415.4,124
23009,I LOVE LONDON BABY GIFT SET,16.425409836065572,14.95,16.95,209,3262.5499999999997,61
23010,CIRCUS PARADE BABY GIFT SET,16.48846153846154,14.95,16.95,282,4393.9,91
23012,GLASS APOTHECARY BOTTLE PERFUME,3.8833658536585367,3.45,8.29,1006,3732.0400000000004,203
23013,GLASS APOTHECARY BOTTLE TONIC,3.886630434782609,3.45,8.29,859,3187.3900000000003,183
23014,GLASS APOTHECARY BOTTLE ELIXIR,3.908666666666667,3.45,8.29,789,2916.2300000000005,163
23015,CORDIAL GLASS JUG,8.25,8.25,8.25,29,239.25,18
23016,GLASS TWIST BON BON JAR,7.67,6.65,7.85,66,492.9,20
23017,APOTHECARY MEASURING JAR,12.193181818181818,11.15,12.5,63,738.9000000000001,22
23018,LARGE APOTHECARY MEASURING JAR ,12.2975,11.15,12.5,50,587.2,20
23019,SMALL APOTHECARY MEASURING JAR ,8.078571428571427,7.45,8.25,81,629.0500000000001,28
23020,GLASS  SONGBIRD STORAGE JAR,12.326923076923077,11.15,12.5,170,2018.35,78
23021,GLASS BONNE JAM JAR,4.134,3.75,4.15,117,475.95000000000005,25
23022,SMALL BONNE JAM JAR  T-LIGHT HOLDER,2.0336000000000003,1.79,2.08,386,733.28,23
23023,RIDGED BONNE JAM JAR T-LIGHT HOLDER,1.7016666666666664,1.45,3.29,258,408.13999999999993,24
23024,LARGE BONNE JAM JAR  T-LIGHT HOLDER,2.7081818181818185,2.49,2.89,252,657.08,11
23025,DRAWER KNOB VINTAGE GLASS BALL,2.123617021276596,2.08,4.13,311,657.13,47
23026,DRAWER KNOB VINTAGE GLASS STAR,2.1057894736842107,1.79,4.13,489,987.85,55
23027,DRAWER KNOB VINTAGE GLASS HEXAGON,2.08,2.08,2.08,287,596.96,27
23028,DRAWER KNOB CRACKLE GLAZE BLUE,1.6588135593220337,1.45,3.29,1234,1978.7399999999998,117
23029,DRAWER KNOB CRACKLE GLAZE GREEN,1.6472602739726028,1.45,1.65,1256,2033.9999999999998,146
23031,DRAWER KNOB CRACKLE GLAZE PINK,1.6472789115646258,1.45,1.65,1208,1954.7999999999997,147
23032,DRAWER KNOB CRACKLE GLAZE IVORY,1.64492385786802,1.45,1.65,2204,3530.9999999999995,193
23033,DRAWER KNOB CERAMIC RED,1.4398305084745764,1.25,1.45,679,943.75,59
23034,DRAWER KNOB CERAMIC BLACK,1.4425925925925924,1.25,1.45,929,1306.25,79
23035,DRAWER KNOB CERAMIC IVORY,1.4537869822485208,1.25,3.29,2062,2902.54,168
23036,T-LIGHT HOLDER SILVER PETIT FOUR ,1.25,1.25,1.25,182,227.5,15
23037,CANDLE HOLDER SILVER MADELINE,1.7299999999999998,1.45,3.29,193,315.28999999999996,18
23038,T-LIGHT HOLDER SILVER SAUCER,1.2299999999999998,0.83,1.63,41,38.029999999999994,6
23039,T-LIGHT HOLDER SILVER HEART HANDLE,1.9375,1.65,1.95,186,359.09999999999997,23
23040,PAPER LANTERN 9 POINT SNOW STAR ,5.728947368421053,4.95,5.75,246,1318.5,36
23041,PAPER LANTERN 9 POINT SNOW STAR,4.15,4.15,4.15,236,979.4000000000001,49
23042,PAPER LANTERN 7 POINT SNOW STAR,6.65,6.65,6.65,89,591.85,26
23043,PAPER LANTERN 9 POINT HOLLY STAR L,6.25,6.25,6.25,75,468.75,19
23044,PAPER LANTERN 9 POINT HOLLY STAR S,4.15,4.15,4.15,100,415.00000000000006,24
23045,PAPER LANTERN 5 POINT STAR MOON ,4.15,4.15,4.15,96,398.40000000000003,24
23046,PAPER LANTERN 9 POINT DELUXE STAR,6.623529411764706,5.75,6.65,347,2091.55,34
23047,PAPER LANTERN 5 POINT SEQUIN STAR,5.75,5.75,5.75,58,333.5,25
23048,SET OF 10 LANTERNS FAIRY LIGHT STAR,4.190652173913044,3.75,8.29,528,2115.34,89
23049,RECYCLED ACAPULCO MAT RED,8.245321637426901,7.45,8.25,432,3548.0,171
23050,RECYCLED ACAPULCO MAT GREEN,8.240960451977402,7.45,8.25,458,3755.3,177
23051,RECYCLED ACAPULCO MAT BLUE,8.238148148148149,7.45,8.25,333,2724.85,135
23052,RECYCLED ACAPULCO MAT TURQUOISE,8.246396396396397,7.45,8.25,570,4686.5,222
23053,RECYCLED ACAPULCO MAT PINK,8.231538461538461,7.45,8.25,317,2581.65,130
23054,RECYCLED ACAPULCO MAT LAVENDER,8.242727272727274,7.45,8.25,265,2181.45,110
23055,IVORY CHANDELIER T-LIGHT HOLDER,5.244761904761905,1.0,6.25,224,692.0,40
23056,FLOWERS CHANDELIER T-LIGHT HOLDER,5.890681818181818,1.0,12.46,383,1026.5900000000001,43
23057,BEADED CHANDELIER T-LIGHT HOLDER,4.35304347826087,1.0,10.79,337,1105.99,46
23058,CHRISTMAS HANGING SNOWFLAKE,1.1129545454545455,0.79,4.96,486,421.02000000000004,44
23060,HEART BEADED TRELLIS DECORATION,2.08,2.08,2.08,244,507.52000000000004,39
23061,VINTAGE EMBOSSED HEART,1.2476404494382023,1.04,1.25,943,1173.71,89
23064,CINDERELLA CHANDELIER ,42.1703125,10.0,49.95,149,2103.55,32
23065,LARGE DECO JEWELLERY STAND,12.470967741935484,11.15,12.5,255,3090.3,93
23066,SMALL DECO JEWELLERY STAND,8.229220779220778,7.45,8.25,244,1955.4,77
23067,HANGING ENGRAVED METAL HEART,4.15,4.15,4.15,274,1137.1000000000001,71
23068,ALUMINIUM STAMPED HEART,2.4775757575757575,2.08,2.49,801,1927.2500000000002,130
23069,EDWARDIAN PHOTO FRAME,6.25,6.25,6.25,87,543.75,31
23070,EDWARDIAN HEART PHOTO FRAME,4.15,4.15,4.15,147,610.0500000000001,33
23071,MARIE ANTOINETTE TRINKET BOX GOLD,10.006818181818183,1.0,12.5,237,746.1,21
23072,MARIE ANTOINETTE TRINKET BOX SILVER,10.270833333333334,1.0,12.5,254,715.0,24
23073,GEORGIAN TRINKET BOX,12.41,11.15,12.5,140,1669.0,60
23074,EMBOSSED HEART TRINKET BOX,2.0638888888888887,1.79,2.08,215,431.54,36
23075,PARLOUR CERAMIC WALL HOOK,4.145180722891566,3.75,4.15,431,1769.45,83
23076,ICE CREAM SUNDAE LIP GLOSS,1.24496,1.04,1.25,7868,9603.16,250
23077,DOUGHNUT LIP GLOSS ,1.241897106109325,1.04,1.25,9582,11540.7,311
23078,ICE CREAM PEN LIP GLOSS ,1.2451162790697674,1.04,1.25,6559,8017.31,215
23079,TOADSTOOL BEDSIDE LIGHT ,8.937499999999998,8.25,8.95,234,2073.2999999999997,111
23080,RED METAL BOX TOP SECRET,8.355689655172414,7.5,16.63,987,7830.03,228
23081,GREEN METAL BOX ARMY SUPPLIES,8.334830508474576,7.5,16.63,447,3556.89,118
23082,SET 6 PAPER TABLE LANTERN HEARTS ,3.721563636363636,3.29,3.75,2232,8007.52,269
23083,SET 6 PAPER TABLE LANTERN STARS ,3.7588372093023255,3.29,7.46,1796,6521.71,212
23084,RABBIT NIGHT LIGHT,2.0129355608591886,1.67,4.13,27045,51042.840000000004,816
23085,ANTIQUE SILVER BAUBLE LAMP  ,10.037349397590361,8.25,10.4,356,3308.9500000000003,77
23086,ZINC  STAR T-LIGHT HOLDER ,1.2329729729729728,1.04,1.25,1175,1347.79,37
23087,ZINC  HEART T-LIGHT HOLDER,1.2374,1.04,1.25,815,978.4300000000001,50
23088,ZINC HEART FLOWER T-LIGHT HOLDER,1.306315789473684,1.04,2.46,760,947.18,57
23089,GLASS BON BON JAR,1.7718055555555554,1.45,3.29,2120,3469.62,141
23090,VINTAGE GLASS T-LIGHT HOLDER,0.8573809523809524,0.72,1.63,2120,1715.32,123
23091,ZINC HERB GARDEN CONTAINER,6.2868527918781725,5.39,12.46,552,3375.75,196
23092,LARGE ANTIQUE WHITE PHOTO FRAME,7.798731343283582,5.49,7.9,497,3490.51,134
23093,SMALL PARISIENNE HEART PHOTO FRAME ,2.47312,1.64,2.49,912,2115.2000000000003,125
23094,LE GRAND TRAY CHIC SET,12.5,12.5,12.5,145,1812.5,76
23096,PETIT TRAY CHIC,1.728974358974359,1.45,3.29,993,1606.7299999999998,117
23099,FRENCH CARRIAGE LANTERN,6.588983050847458,5.75,6.65,124,805.7,58
23100,SILVER BELLS TABLE DECORATION,1.2461818181818183,1.04,1.25,2089,2560.85,214
23101,SILVER STARS TABLE DECORATION,0.8265445026178011,0.72,0.83,1942,1569.62,190
23102,SILVER HEARTS TABLE DECORATION,0.8268794326241135,0.72,0.83,1231,995.3299999999999,139
23103,JINGLE BELL HEART DECORATION,1.6475757575757575,1.45,1.65,3903,6396.749999999999,319
23104,IVORY CAFE HANGING LAMP ,12.30909090909091,10.4,12.5,116,1355.5,44
23106,ZINC HEARTS PLANT POT HOLDER,2.774313725490196,0.79,5.79,271,734.59,51
23107,WHITE HEARTS WIRE PLANT POT HOLDER,2.7391803278688527,0.79,2.89,340,919.8000000000001,61
23108,SET OF 10 LED DOLLY LIGHTS,6.135783783783783,3.39,12.46,2128,12655.13,369
23109,PACK OF SIX LED TEA LIGHTS,2.902875536480687,2.49,5.79,2214,6245.86,229
23110,PARISIENNE KEY CABINET ,5.717741935483871,4.95,5.75,611,3380.45,247
23111,PARISIENNE SEWING BOX,12.291489361702126,10.4,12.5,272,3181.6,140
23112,PARISIENNE CURIO CABINET,7.449504950495049,6.65,7.5,438,3197.4500000000003,202
23113,PANTRY CHOPPING BOARD,4.930000000000001,4.15,5.15,192,892.8000000000002,49
23114,VINTAGE LEAF CHOPPING BOARD  ,4.93139534883721,4.15,4.95,141,669.1500000000001,43
23115,RED APPLES CHOPPING BOARD   ,4.928947368421053,4.15,4.95,144,684.0,38
23116,VEGETABLE GARDEN CHOPPING BOARD,4.902941176470589,4.15,4.95,70,317.70000000000005,17
23117,POPPY FIELDS CHOPPING BOARD,4.95,4.95,4.95,84,415.8,40
23118,PARISIENNE JEWELLERY DRAWER ,7.462892561983471,5.32,7.5,741,5219.02,242
23119,PACK OF 6 LARGE FRUIT STRAWS ,0.6474576271186441,0.53,1.25,2119,1253.39,118
23120,PACK OF 6 SMALL FRUIT STRAWS,0.4186046511627907,0.36,0.42,1545,614.34,81
23121,PACK OF 6 COCKTAIL PARASOL STRAWS,0.41608695652173916,0.36,0.42,2460,958.3199999999999,87
23122,PARTY CHARMS 50 PIECES,0.8204040404040404,0.65,0.83,2088,1550.1599999999999,96
23123,COCKTAIL SWORDS 50 PIECES,0.8237142857142856,0.72,0.83,893,700.27,70
23124,18PC WOODEN CUTLERY SET DISPOSABLE,1.24125,1.04,1.25,503,595.15,24
23125,6PC WOOD PLATE SET DISPOSABLE,1.236875,1.04,1.25,405,443.25,16
23126,FELTCRAFT GIRL AMELIE KIT,5.013655913978495,4.15,10.79,1068,5193.08,277
23127,FELTCRAFT GIRL NICOLE KIT,4.968395721925134,4.15,10.79,700,3442.0400000000004,185
23128,FELTCRAFT BOY JEAN-PAUL KIT,4.970381679389313,4.15,10.79,424,2050.48,131
23129,HEART SHAPED HOLLY WREATH,4.41710843373494,3.75,8.29,941,3929.03,166
23130,MISTLETOE HEART WREATH GREEN,4.233786982248521,3.75,8.29,909,3711.07,169
23131,MISTLETOE HEART WREATH CREAM,4.206576576576577,3.75,8.29,887,3607.73,110
23132,SMALL IVORY HEART WALL ORGANISER,5.735833333333334,3.57,12.46,1004,4966.08,144
23133,LARGE IVORY HEART WALL ORGANISER,7.994074074074074,5.66,8.25,758,5134.66,135
23134,LARGE ZINC HEART WALL ORGANISER,7.6710810810810806,5.88,8.25,1064,6414.48,37
23135,SMALL ZINC HEART WALL ORGANISER,5.191190476190476,3.32,5.75,1538,5378.8,42
23136,IVORY WIRE SWEETHEART LETTER TRAY,3.7290909090909095,3.29,3.75,127,467.05,44
23137,ZINC WIRE SWEETHEART LETTER TRAY,3.4539999999999997,1.25,3.75,80,253.24,20
23138,SINGLE WIRE HOOK IVORY HEART,1.4448717948717948,1.25,1.45,858,1184.5,76
23139,SINGLE WIRE HOOK PINK HEART,1.2566666666666666,0.39,1.45,394,484.98,23
23140,TRIPLE WIRE HOOK IVORY HEART,4.2538888888888895,3.75,8.29,148,608.74,36
23141,TRIPLE WIRE HOOK PINK HEART,3.5900000000000003,0.79,4.15,68,215.00000000000003,18
23142,IVORY WIRE KITCHEN ORGANISER,10.301315789473684,9.15,10.4,114,1118.1000000000001,38
23143,ZINC WIRE KITCHEN ORGANISER,7.175000000000001,3.95,10.4,25,156.8,12
23144,ZINC T-LIGHT HOLDER STARS SMALL,0.8368879668049792,0.72,1.63,4850,3843.4599999999996,240
23145,ZINC T-LIGHT HOLDER STAR LARGE,0.9605882352941176,0.79,2.08,2043,1908.8899999999999,152
23146,TRIPLE HOOK ANTIQUE IVORY ROSE,3.2815254237288136,2.89,3.29,728,2361.92,233
23147,SINGLE ANTIQUE ROSE HOOK IVORY,1.4492307692307693,1.25,1.45,1828,2648.2,256
23148,MINIATURE ANTIQUE ROSE HOOK IVORY,0.8299596774193547,0.72,0.85,2100,1741.56,241
23149,ANTIQUE IVORY WIRE BOWL SMALL,2.49,2.49,2.49,86,214.14000000000001,21
23150,IVORY SWEETHEART SOAP DISH,2.49,2.49,2.49,138,343.62,41
23151,ZINC SWEETHEART SOAP DISH,1.953157894736842,0.79,2.49,59,104.41000000000001,19
23152,IVORY SWEETHEART WIRE LETTER RACK ,3.742941176470588,3.39,3.75,534,1972.26,152
23153,ZINC SWEETHEART WIRE LETTER RACK,3.7878481012658227,3.39,7.46,244,908.63,79
23154,SET OF 4 JAM JAR MAGNETS,2.0809459459459463,1.85,4.13,2380,4795.13,217
23155,KNICKERBOCKERGLORY MAGNET ASSORTED ,0.8220799999999999,0.72,0.83,1925,1539.6699999999998,125
23156,SET OF 5 MINI GROCERY MAGNETS,2.094468085106383,1.85,4.13,1607,3247.3,186
23157,SET OF 6 NATIVITY MAGNETS ,2.148815789473684,1.85,4.13,2290,4587.55,146
23158,SET OF 5 LUCKY CAT MAGNETS ,2.1662105263157896,1.85,4.13,2476,4992.52,190
23159,SET OF 5 PANCAKE DAY MAGNETS,2.082211055276382,1.85,4.13,2230,4510.7300000000005,198
23160,REGENCY TEA SPOON,1.2296774193548385,1.04,1.25,1386,1644.3,62
23161,REGENCY CAKE FORK,1.228695652173913,1.04,1.25,1596,1881.6000000000001,69
23162,REGENCY TEA STRAINER,3.7471830985915493,3.29,7.46,1362,4789.24,142
23163,REGENCY SUGAR TONGS,2.4297058823529416,2.08,2.49,1659,3835.3,136
23164,REGENCY CAKE SLICE,4.922962962962963,4.15,9.96,563,2574.26,81
23165,LARGE CERAMIC TOP STORAGE JAR,1.63,1.45,1.65,2848,4463.4,238
23166,MEDIUM CERAMIC TOP STORAGE JAR,1.2176923076923076,1.04,1.25,3422,3937.09,205
23167,SMALL CERAMIC TOP STORAGE JAR ,0.8250259067357513,0.69,1.63,5141,3818.99,186
23168,CLASSIC CAFE SUGAR DISPENSER,1.2270416666666668,1.04,2.46,2795,3218.81,238
23169,CLASSIC GLASS COOKIE JAR,4.109595959595961,3.75,4.15,1358,5450.5,296
23170,REGENCY TEA PLATE ROSES ,1.6549411764705881,1.45,3.29,5845,9124.689999999999,340
23171,REGENCY TEA PLATE GREEN ,1.6707246376811595,1.45,3.29,5869,9038.65,275
23172,REGENCY TEA PLATE PINK,1.6391845493562232,1.45,3.29,3586,5638.98,233
23173,REGENCY TEAPOT ROSES ,9.682621621621621,8.0,19.96,2610,22597.12,367
23174,REGENCY SUGAR BOWL GREEN,4.125228070175439,3.75,8.29,2866,11222.04,285
23175,REGENCY MILK JUG PINK ,3.191696113074205,2.75,3.25,2982,8769.5,283
23176,ABC TREASURE BOOK BOX ,2.262994923857868,1.95,4.58,2043,4272.01,196
23177,TREASURE ISLAND BOOK BOX,2.2418918918918918,1.95,2.25,2408,4984.8,219
23178,JAM CLOCK MAGNET,2.841379310344828,1.25,5.79,304,824.02,58
23179,CLOCK MAGNET MUM'S KITCHEN,2.9330000000000003,1.25,5.79,304,837.88,40
23180,MUM'S KITCHEN CLOCK,4.771621621621622,1.65,4.95,103,466.95,37
23181,BULL DOG BOTTLE TOP WALL CLOCK,8.188356164383562,7.5,8.25,181,1451.25,73
23182,TOILET SIGN OCCUPIED OR VACANT,0.8781439393939393,0.72,2.46,3364,2796.0699999999997,260
23183,MOTHER'S KITCHEN SPOON REST ,4.04655737704918,3.29,7.46,171,664.46,60
23184,BULL DOG BOTTLE OPENER,5.095024630541872,4.15,10.79,765,3685.15,201
23185,FRENCH STYLE STORAGE JAR JAM,0.3496875,0.28,1.25,316,114.55999999999999,31
23186,FRENCH STYLE STORAGE JAR CAFE ,0.3527397260273973,0.28,1.25,1970,810.2199999999999,72
23187,FRENCH STYLE STORAGE JAR BONBONS,0.3263291139240506,0.28,1.25,2301,678.5699999999999,78
23188,VINTAGE  2 METER FOLDING RULER,1.7053633217993078,1.45,3.29,3082,5077.0599999999995,285
23189,SET OF 12 FORK CANDLES,2.858695652173913,2.49,2.89,1214,3316.46,114
23190,BUNDLE OF 3 SCHOOL EXERCISE BOOKS  ,1.651318681318681,1.45,3.29,1676,2687.8399999999997,181
23191,BUNDLE OF 3 RETRO NOTE BOOKS,1.6752964426877468,1.45,3.29,2156,3487.3999999999996,247
23192,BUNDLE OF 3 ALPHABET EXERCISE BOOKS,1.6541249999999998,1.45,3.29,3266,5192.219999999999,314
23193,BUFFALO BILL TREASURE BOOK BOX,2.265244755244755,1.95,4.58,1827,3705.57,143
23194,GYMKHANA TREASURE BOOK BOX,2.249889502762431,1.95,4.58,1713,3596.42,178
23196,VINTAGE LEAF MAGNETIC NOTEPAD,1.4442148760330578,1.25,1.45,1743,2460.1499999999996,236
23197,SKETCHBOOK MAGNETIC SHOPPING LIST,1.5390052356020942,1.25,3.29,1329,1914.49,190
23198,PANTRY MAGNETIC  SHOPPING LIST,1.479570707070707,1.04,3.29,2999,4248.389999999999,388
23199,JUMBO BAG APPLES,2.0597852348993286,1.65,4.13,13152,25117.05,739
23200,JUMBO BAG PEARS,2.0709603340292277,1.65,4.13,6595,12791.29,476
23201,JUMBO BAG ALPHABET,2.0571335927367054,1.65,4.13,11939,23084.420000000002,766
23202,JUMBO BAG VINTAGE LEAF,2.0778343949044586,1.65,4.13,10453,20479.09,778
23203,JUMBO BAG VINTAGE DOILY ,2.0548014440433215,1.65,2.08,18908,36570.54,1097
23204,CHARLOTTE BAG APPLES DESIGN,0.8422298850574713,0.72,0.85,6853,5493.81,433
23205,CHARLOTTE BAG VINTAGE ALPHABET ,0.8510985915492958,0.72,1.63,4959,3964.77,353
23206,LUNCH BAG APPLE DESIGN,1.6412359550561795,1.45,1.65,11472,18125.0,878
23207,LUNCH BAG ALPHABET DESIGN,1.6520208023774146,1.45,4.13,7085,11334.81,660
23208,LUNCH BAG VINTAGE LEAF DESIGN,1.644736842105263,1.45,1.65,6118,9840.5,601
23209,LUNCH BAG VINTAGE DOILY ,1.6461978661493695,1.45,4.13,12945,20720.41,1017
23210,WHITE ROCKING HORSE HAND PAINTED,1.2425000000000002,1.04,1.25,2550,3091.74,158
23211,RED ROCKING HORSE HAND PAINTED,1.241176470588235,1.04,1.25,2182,2601.5,117
23212,HEART WREATH DECORATION WITH BELL,1.2390196078431372,1.04,1.25,2115,2502.63,148
23213,STAR WREATH DECORATION WITH BELL,1.24328,1.04,1.25,1582,1906.94,122
23214,JINGLE BELL HEART ANTIQUE GOLD,2.1870967741935483,1.79,4.13,772,1624.83,92
23215,JINGLE BELL HEART ANTIQUE SILVER,2.138407960199005,1.79,4.13,3424,6741.0,198
23216,LAUREL HEART ANTIQUE GOLD,1.348048780487805,1.04,2.46,518,613.51,40
23217,LAUREL HEART ANTIQUE SILVER,1.4022093023255815,1.04,2.5,1290,1567.0,84
23218,LAUREL STAR ANTIQUE GOLD,1.383939393939394,1.04,2.46,372,465.81,33
23219,LAUREL STAR ANTIQUE SILVER ,1.3117307692307691,1.04,2.46,404,504.6,49
23220,REINDEER HEART DECORATION GOLD,0.9106410256410257,0.72,1.63,929,774.43,77
23221,REINDEER HEART DECORATION SILVER,0.9104237288135593,0.72,1.63,1403,1193.4499999999998,113
23222,CHRISTMAS TREE HANGING GOLD,0.9597014925373134,0.72,1.63,764,680.68,65
23223,CHRISTMAS TREE HANGING SILVER ,0.9460294117647059,0.72,1.63,745,670.1099999999999,67
23224,CHERUB HEART DECORATION GOLD,0.9295081967213114,0.72,1.63,705,608.8299999999999,61
23225,CHERUB HEART DECORATION SILVER ,0.9526388888888889,0.72,1.63,1224,1029.84,72
23226,FILIGREE HEART DAISY WHITE,1.2413698630136987,1.04,1.25,1151,1418.59,72
23227,FILIGREE HEART BUTTERFLY WHITE ,1.267752808988764,1.04,2.46,1586,1939.56,89
23228,FILIGREE HEART BIRD WHITE ,1.388125,1.04,2.46,1253,1576.54,79
23229,VINTAGE DONKEY TAIL GAME ,3.7818303571428573,2.62,7.46,1793,6295.54,224
23230,WRAP ALPHABET DESIGN,0.4173504273504273,0.34,0.42,7875,3175.5,234
23231,WRAP DOILEY DESIGN,0.4190661478599222,0.34,0.42,7225,2986.5,257
23232,WRAP VINTAGE LEAF DESIGN,0.41752066115702474,0.34,0.42,8475,3415.5,241
23233,WRAP POPPIES  DESIGN,0.418625,0.34,0.42,5150,2095.0,159
23234,BISCUIT TIN VINTAGE CHRISTMAS,2.925294117647059,2.49,5.79,1616,4521.14,237
23235,STORAGE TIN VINTAGE LEAF,2.759126213592233,1.25,2.89,712,1855.2,103
23236,STORAGE TIN VINTAGE DOILY ,2.9314473684210527,2.49,5.79,2410,6686.7,301
23237,SET OF 4 KNICK KNACK TINS LEAF,4.132122905027933,3.75,4.15,1026,4138.7,179
23238,SET OF 4 KNICK KNACK TINS LONDON ,4.130408163265306,3.75,4.15,1759,7051.05,241
23239,SET OF 4 KNICK KNACK TINS POPPIES,3.915868263473054,1.65,4.15,784,3026.6000000000004,164
23240,SET OF 4 KNICK KNACK TINS DOILY ,4.1319960861056755,3.75,4.15,4044,16188.2,502
23241,TREASURE TIN GYMKHANA DESIGN,2.07527397260274,1.85,2.08,1998,4045.44,289
23242,TREASURE TIN BUFFALO BILL ,2.074041450777202,1.85,2.08,1403,2829.92,190
23243,SET OF TEA COFFEE SUGAR TINS PANTRY,4.888928571428571,1.71,5.17,4543,21573.43,419
23244,ROUND STORAGE TIN VINTAGE LEAF,1.9705454545454544,1.65,4.13,916,1675.9599999999998,110
23245,SET OF 3 REGENCY CAKE TINS,4.930369393139842,4.15,10.79,5754,26144.780000000002,755
23247,BISCUIT TIN 50'S CHRISTMAS,2.968623188405797,2.49,5.79,2002,5641.9800000000005,276
23249,VINTAGE RED ENAMEL TRIM PLATE,1.6398666666666666,1.45,1.65,735,1186.9899999999998,75
23250,VINTAGE RED TRIM ENAMEL BOWL ,1.2435051546391753,1.04,1.25,982,1216.79,97
23251,VINTAGE RED ENAMEL TRIM MUG ,1.2401869158878505,1.04,1.25,1587,1882.95,107
23252,VINTAGE RED ENAMEL TRIM JUG ,3.7430303030303027,3.29,3.75,553,2029.5900000000001,132
23253,16 PIECE CUTLERY SET PANTRY DESIGN,15.668367346938776,12.5,15.95,212,3050.2,49
23254,CHILDRENS CUTLERY DOLLY GIRL ,4.143006993006994,3.75,4.15,1637,6591.950000000001,284
23255,CHILDRENS CUTLERY CIRCUS PARADE,4.164657534246576,3.75,8.29,953,3815.09,146
23256,CHILDRENS CUTLERY SPACEBOY ,4.1504166666666675,3.75,8.29,1928,7777.4800000000005,332
23263,SET OF 3 WOODEN HEART DECORATIONS,1.317210401891253,1.04,2.5,3670,4732.83,394
23264,SET OF 3 WOODEN SLEIGH DECORATIONS,1.3227169811320754,1.04,2.5,1841,2395.45,250
23265,SET OF 3 WOODEN TREE DECORATIONS,1.3193076923076923,1.04,2.5,1650,2134.96,248
23266,SET OF 3 WOODEN STOCKING DECORATION,1.3109215017064848,1.04,2.5,1952,2514.64,275
23267,SET OF 4 SANTA PLACE SETTINGS,1.2477894736842106,1.04,1.25,1110,1367.34,92
23268,SET OF 2 CERAMIC CHRISTMAS REINDEER,1.5168354430379747,1.25,2.92,1422,1962.78,79
23269,SET OF 2 CERAMIC CHRISTMAS TREES,1.4474025974025975,1.25,1.45,748,1065.3999999999999,76
23270,SET OF 2 CERAMIC PAINTED HEARTS ,1.4434426229508197,1.25,1.45,1151,1604.1499999999999,119
23271,CHRISTMAS TABLE SILVER CANDLE SPIKE,0.8367532467532467,0.69,1.63,1619,1314.33,75
23272,TREE T-LIGHT HOLDER WILLIE WINKIE,1.5637142857142856,0.39,3.29,352,522.7399999999999,35
23273,HEART T-LIGHT HOLDER WILLIE WINKIE,1.6782352941176468,1.45,3.29,924,1527.2399999999998,101
23274,STAR T-LIGHT HOLDER WILLIE WINKIE,1.742549019607843,1.45,3.29,1136,1865.1599999999999,101
23275,SET OF 3 HANGING OWLS OLLIE BEAK,1.2869503546099292,1.04,2.46,3536,4195.76,274
23280,FOLDING BUTTERFLY MIRROR HOT PINK ,0.833925925925926,0.72,2.46,1992,1544.42,134
23281,FOLDING BUTTERFLY MIRROR RED  ,0.8229787234042553,0.72,0.83,1270,976.22,91
23282,FOLDING BUTTERFLY MIRROR IVORY ,0.8738461538461538,0.72,2.46,753,612.7199999999999,102
23283,DOORMAT VINTAGE LEAF,7.914644549763033,4.58,15.79,960,6542.82,211
23284,DOORMAT KEEP CALM AND COME IN,7.909271623672231,4.58,16.63,5113,34279.6,655
23285,PINK VINTAGE SPOT BEAKER,0.8466165413533834,0.72,1.08,4677,4383.13,133
23286,BLUE VINTAGE SPOT BEAKER,0.8465269461077845,0.72,1.08,4852,4486.64,167
23287,RED VINTAGE SPOT BEAKER,0.8456666666666667,0.72,0.85,1723,1402.1499999999999,148
23288,GREEN VINTAGE SPOT BEAKER,0.8476978417266187,0.72,1.08,4487,4246.72,138
23289,DOLLY GIRL CHILDRENS BOWL,1.2458904109589042,1.05,1.25,1541,1839.8500000000001,145
23290,SPACEBOY CHILDRENS BOWL,1.2420454545454545,1.05,1.25,2357,2744.65,176
23291,DOLLY GIRL CHILDRENS CUP,1.2691216216216217,1.05,2.46,1538,1867.64,147
23292,SPACEBOY CHILDRENS CUP,1.2630409356725145,1.05,2.46,2060,2460.12,170
23293,SET OF 12 FAIRY CAKE BAKING CASES,0.8239406779661016,0.72,0.83,8196,6430.44,470
23294,SET OF 6 SNACK LOAF BAKING CASES,0.8248494983277592,0.72,0.83,4251,3326.1499999999996,295
23295,SET OF 12 MINI LOAF BAKING CASES,0.8246486486486486,0.72,0.83,5944,4659.84,364
23296,SET OF 6 TEA TIME BAKING CASES,1.239787234042553,1.04,1.25,4850,5650.900000000001,325
23297,SET 40 HEART SHAPE PETIT FOUR CASES,1.6363013698630136,1.45,1.65,4234,6634.099999999999,144
23298,SPOTTY BUNTING,4.914162633107454,3.74,5.14,7669,35661.44,1021
23299,FOOD COVER WITH BEADS SET 2 ,3.7924193548387097,3.39,7.46,972,3526.42,124
23300,GARDENERS KNEELING PAD CUP OF TEA ,1.6649922958397534,1.18,3.29,6133,9702.089999999998,642
23301,GARDENERS KNEELING PAD KEEP CALM ,1.663208279430789,1.18,3.29,7608,12294.88,767
23302,KNEELING MAT HOUSEWORK  DESIGN,1.5763076923076922,0.79,1.65,1437,1926.4699999999998,192
23303,SET 4 PICNIC CUTLERY FONDANT,1.95,1.95,1.95,65,126.75,6
23304,SET 4 PICNIC CUTLERY CHERRY ,1.9500000000000002,1.95,1.95,71,138.45,9
23305,SET 4 PICNIC CUTLERY BLUEBERRY,1.9500000000000002,1.95,1.95,82,159.9,9
23306,SET OF 36 DOILIES PANTRY DESIGN,1.4609859154929576,1.25,2.92,2685,3809.79,211
23307,SET OF 60 PANTRY DESIGN CAKE CASES ,0.5562571976967371,0.42,1.25,11573,5925.990000000001,509
23308,SET OF 60 VINTAGE LEAF CAKE CASES ,0.5637820512820513,0.42,1.25,5955,3091.61,305
23309,SET OF 60 I LOVE LONDON CAKE CASES ,0.5686495176848876,0.42,1.25,7606,3662.5,298
23310,BUBBLEGUM RING ASSORTED,0.4292523364485981,0.36,0.83,11891,4894.83,213
23311,VINTAGE CHRISTMAS STOCKING ,2.5452961672473866,2.1,2.55,2190,5541.299999999999,284
23312,VINTAGE CHRISTMAS GIFT SACK,4.13989898989899,3.75,4.15,1363,5518.85,194
23313,VINTAGE CHRISTMAS BUNTING,4.951304347826087,4.15,10.79,2735,12895.77,361
23314,VINTAGE CHRISTMAS TABLECLOTH,12.440841121495328,10.39,12.5,386,4576.02,106
23315,IVORY REFECTORY CLOCK,9.80974025974026,8.15,9.95,190,1796.8999999999999,77
23316,RED REFECTORY CLOCK ,9.81875,8.15,9.95,234,2202.2999999999997,96
23317,BLUE REFECTORY CLOCK ,9.872857142857141,8.15,9.95,161,1547.95,70
23318,BOX OF 6 MINI VINTAGE CRACKERS,2.452836257309942,2.08,2.49,3477,7976.72,336
23319,BOX OF 6 MINI 50'S CRACKERS,2.459709762532982,2.08,2.49,3404,7924.51,371
23320,GIANT 50'S CHRISTMAS CRACKER,2.660094637223975,1.25,2.89,2615,6869.95,312
23321,SMALL WHITE HEART OF WICKER,1.6436666666666666,1.11,1.69,4223,6733.749999999999,586
23322,LARGE WHITE HEART OF WICKER,2.9468500948766603,1.97,5.79,2829,7967.650000000001,521
23323,WHITE WICKER STAR ,2.09644128113879,1.85,2.1,1419,2948.4,273
23324,RUSTIC STRAWBERRY JAM POT LARGE ,2.0631707317073174,1.85,2.08,346,702.89,41
23325,RUSTIC STRAWBERRY JAM POT SMALL,1.6257575757575757,1.45,1.65,426,671.6999999999999,33
23326,HANGING MINI COLOURED BOTTLES,0.6192727272727273,0.52,0.63,3369,1999.5900000000001,55
23327,HANGING CLEAR MINI BOTTLE,0.617027027027027,0.55,0.63,1702,1007.3000000000001,36
23328,SET 6 SCHOOL MILK BOTTLES IN CRATE,3.72048275862069,3.39,6.71,2055,7465.65,286
23329,DECORATIVE WICKER HEART LARGE,1.648283261802575,1.45,1.65,1698,2789.7,216
23330,DECORATIVE WICKER HEART MEDIUM,1.2489655172413792,1.04,1.25,1745,2173.69,196
23331,DECORATIVE WICKER HEART SMALL,0.6290697674418605,0.55,0.63,1492,932.2800000000001,81
23332,IVORY WICKER HEART LARGE,1.6485559566787003,1.45,1.65,1977,3252.45,268
23333,IVORY WICKER HEART MEDIUM,1.2481497797356826,1.04,1.25,1997,2483.65,217
23334,IVORY WICKER HEART SMALL,0.6284158415841584,0.55,0.63,2154,1345.5,95
23335,EGG FRYING PAN IVORY ,2.07452380952381,1.85,2.08,346,697.6,83
23336,EGG FRYING PAN PINK ,2.1120312500000002,2.08,4.13,199,415.97,63
23337,EGG FRYING PAN MINT ,2.08,2.08,2.08,169,351.52000000000004,60
23338,EGG FRYING PAN RED ,2.075,1.85,2.08,399,807.84,92
23339,EGG FRYING PAN BLUE ,2.08,2.08,2.08,150,312.0,58
23340,VINTAGE CHRISTMAS CAKE FRILL,1.645121951219512,1.45,1.65,2453,3879.45,122
23341,PINK DINER WALL CLOCK,8.456632653061224,7.65,8.5,281,2317.1,98
23342,MINT DINER WALL CLOCK,8.483653846153846,7.65,8.5,364,3043.0,156
23343,JUMBO BAG VINTAGE CHRISTMAS ,2.077,1.75,4.13,4634,9236.42,392
23344,JUMBO BAG 50'S CHRISTMAS ,2.0692821368948247,1.75,4.13,8671,17149.08,593
23345, DOLLY GIRL BEAKER,1.2437956204379563,1.08,1.25,2387,2745.75,135
23346,SPACEBOY BEAKER,1.2439716312056739,1.08,1.25,2561,2963.25,139
23347,I LOVE LONDON BEAKER,1.2477027027027028,1.08,1.25,793,957.25,73
23348,CHILDRENS TOY COOKING UTENSIL SET,2.069015151515152,1.79,2.08,653,1315.9,130
23349,ROLL WRAP VINTAGE CHRISTMAS,1.24501976284585,1.04,1.25,2835,3435.39,247
23350,ROLL WRAP VINTAGE SPOT ,1.2466798418972334,1.04,1.25,2572,3139.4,247
23351,ROLL WRAP 50'S CHRISTMAS,1.2431768953068592,1.04,1.25,2970,3604.14,273
23352,ROLL WRAP 50'S RED CHRISTMAS ,1.2474233128834356,1.04,1.25,1593,1961.01,162
23353,6 GIFT TAGS VINTAGE CHRISTMAS ,0.8295736434108527,0.72,0.83,3714,3058.8599999999997,254
23354,6 GIFT TAGS 50'S CHRISTMAS ,0.8295940959409593,0.72,0.83,3295,2711.0899999999997,263
23355,HOT WATER BOTTLE KEEP CALM,4.865853658536586,4.15,4.95,5265,24084.15,726
23356,LOVE HOT WATER BOTTLE,5.891431670281996,4.95,5.95,2316,12901.2,451
23357,HOT WATER BOTTLE SEX BOMB,4.479213483146068,1.65,4.95,432,1832.0,88
23358,HOT STUFF HOT WATER BOTTLE,3.4423529411764706,1.25,3.75,525,1678.65,68
23359,SET OF 12 T-LIGHTS VINTAGE DOILY,1.9302631578947367,1.65,1.95,976,1834.8,76
23360,SET 8 CANDLES VINTAGE DOILY,1.941743119266055,1.65,1.95,1146,2148.2999999999997,107
23365,SET 12 COLOUR PENCILS LOVE LONDON,0.649236641221374,0.55,0.65,1529,991.45,128
23366,SET 12 COLOURING PENCILS DOILY,0.6493055555555556,0.55,0.65,1919,1208.95,141
23367,SET 12 COLOUR PENCILS SPACEBOY ,0.6495744680851064,0.55,0.65,2762,1792.9,232
23368,SET 12 COLOUR PENCILS DOLLY GIRL ,0.6494565217391305,0.55,0.65,2146,1392.5,180
23369,SET 36 COLOUR PENCILS LOVE LONDON,1.2441836734693879,1.06,1.25,901,1053.29,95
23370,SET 36 COLOURING PENCILS DOILY,1.24651376146789,1.06,1.25,1353,1642.6100000000001,107
23371,SET 36 COLOUR PENCILS SPACEBOY ,1.2443283582089553,1.06,1.25,1498,1775.22,133
23372,SET 36 COLOUR PENCILS DOLLY GIRL,1.2426923076923078,1.06,1.25,1278,1500.22,100
23373,VINTAGE CHRISTMAS PAPER GIFT BAG,0.8177272727272726,0.72,0.82,1563,1241.6599999999999,88
23374,RED SPOT PAPER GIFT BAG,0.8175999999999999,0.72,0.82,2428,1930.9599999999998,125
23375,50'S CHRISTMAS PAPER GIFT BAG,0.8188764044943819,0.72,0.82,1316,1059.12,89
23376,PACK OF 12 VINTAGE CHRISTMAS TISSUE,0.389406779661017,0.32,0.39,2606,986.1,114
23377,PACK OF 12 DOLLY GIRL TISSUES,0.39,0.39,0.39,1192,464.88,81
23378,PACK OF 12 50'S CHRISTMAS TISSUES,0.3890728476821192,0.32,0.39,3413,1270.59,144
23379,PACK OF 12 RED APPLE TISSUES,0.38862745098039214,0.32,0.39,1175,428.01,50
23380,PACK OF 12 VINTAGE DOILY TISSUES,0.3892857142857143,0.32,0.39,2123,797.73,96
23381,PACK OF 12 VINTAGE LEAF TISSUES ,0.3889230769230769,0.32,0.39,1474,544.62,64
23382,BOX OF 6 CHRISTMAS CAKE DECORATIONS,3.711437125748503,3.29,3.75,1695,6091.29,166
23388,WOODLAND MINI BACKPACK,4.138148148148149,3.75,4.15,789,3154.3500000000004,135
23389,SPACEBOY MINI BACKPACK,4.142307692307693,3.75,4.15,1041,4180.150000000001,206
23390,DOLLY GIRL MINI BACKPACK,4.139333333333334,3.75,4.15,720,2868.0,147
23391, I LOVE LONDON MINI BACKPACK,4.138571428571429,3.75,4.15,360,1454.0,69
23392,SPACEBOY ROCKET LOLLY MAKERS,2.07275,1.79,2.08,563,1115.3600000000001,79
23393,HOME SWEET HOME CUSHION COVER ,3.75,3.75,3.75,742,2782.5,207
23394,POSTE FRANCE CUSHION COVER,3.75,3.75,3.75,392,1470.0,119
23395,BELLE JARDINIERE CUSHION COVER,3.7474585635359112,3.29,3.75,676,2529.48,180
23396,LE JARDIN BOTANIQUE CUSHION COVER,3.7472941176470584,3.29,3.75,605,2263.23,165
23397,FOOT STOOL HOME SWEET HOME ,9.850552486187844,8.15,9.95,428,4010.2,181
23398,HANGING HEART BONHEUR,0.8479687499999999,0.72,0.85,586,494.97999999999996,58
23399,HOME SWEET HOME HANGING HEART,0.8492972972972973,0.72,0.85,1815,1539.6299999999999,176
23400,SHELF WITH 4 HOOKS HOME SWEET HOME,6.154329896907217,4.14,6.25,446,2234.86,96
23401,RUSTIC MIRROR WITH LACE HEART,6.09958904109589,4.15,6.25,440,2136.76,73
23402,HOME SWEET HOME 3 PEG HANGER ,3.7416363636363634,3.29,3.75,280,1027.92,55
23403,LETTER HOLDER HOME SWEET HOME,3.707894736842105,2.48,3.75,592,1969.06,113
23404,HOME SWEET HOME BLACKBOARD,4.871733333333333,3.26,4.95,940,3965.03,150
23405,HOME SWEET HOME 2 DRAWER CABINET,4.909322033898306,4.15,4.95,234,1123.1000000000001,58
23406,HOME SWEET HOME KEY HOLDER,6.144583333333333,4.15,6.25,431,2129.79,96
23407,SET OF 2 TRAYS HOME SWEET HOME,9.926065573770492,8.49,9.95,242,2367.02,122
23408,PHOTO FRAME LINEN AND LACE SMALL,2.08,2.08,2.08,296,615.6800000000001,62
23409,PHOTO FRAME LINEN AND LACE LARGE,3.728604651162791,3.29,3.75,201,745.47,43
23410,CURIO CABINET LINEN AND LACE ,8.034210526315789,7.05,8.15,35,281.95,19
23411, TRELLIS COAT RACK,4.916666666666667,4.15,4.95,216,1011.6000000000001,47
23412,HEART MIRROR ANTIQUE WHITE,7.396027397260274,4.98,7.5,349,2254.14,72
23413,VINTAGE COFFEE GRINDER BOX,4.877272727272728,4.15,4.95,144,693.6,44
23414,ZINC BOX SIGN HOME,9.903650793650792,8.49,9.95,135,1308.2099999999998,63
23415,HOME SWEET HOME HOOK,1.376086956521739,0.39,1.65,321,397.34999999999997,46
23416,CHAMBRE HOOK,1.16,0.39,1.65,123,155.06999999999996,18
23417,BATHROOM HOOK,1.1345454545454545,0.39,1.65,140,137.76,21
23418,LAVENDER TOILETTE BOTTLE,2.0655,1.79,2.08,533,1066.88,60
23419,HOME SWEET HOME BOTTLE ,2.0753225806451616,1.79,2.08,436,892.96,62
23420,PANTRY HOOK TEA STRAINER ,2.08,2.08,2.08,159,330.72,28
23421,PANTRY HOOK SPATULA,2.08,2.08,2.08,152,316.16,26
23422,PANTRY HOOK BALLOON WHISK ,2.08,2.08,2.08,196,407.68,31
23423,PANTRY 3 HOOK ROLLING PIN HANGER,3.75,3.75,3.75,197,738.75,54
23424,GINGHAM RECIPE BOOK BOX,4.926923076923076,4.15,4.95,408,1962.0,104
23425,STORAGE TIN HOME SWEET HOME,2.087368421052632,0.79,2.49,230,418.00000000000006,38
23426,METAL SIGN DROP YOUR PANTS,2.854655172413793,1.6,2.89,1224,3169.44,172
23427,STOOL HOME SWEET HOME ,12.288073394495413,10.4,12.5,225,2613.0,108
23428,IVORY RETRO KITCHEN WALL CLOCK,8.10925925925926,7.05,8.15,68,543.2,27
23429,RED RETRO KITCHEN WALL CLOCK,8.15,8.15,8.15,44,358.6,20
23430,BLUE RETRO KITCHEN WALL CLOCK,8.15,8.15,8.15,35,285.25,17
23431,NATURAL HANGING QUILTED HEARTS ,0.8254166666666667,0.72,0.83,1411,1099.85,70
23432,PRETTY HANGING QUILTED HEARTS,0.8268571428571428,0.72,0.83,1272,1045.1999999999998,70
23433,HANGING QUILTED PATCHWORK APPLES,0.8287058823529412,0.72,0.83,1168,964.16,85
23434,3 RAFFIA RIBBONS 50'S CHRISTMAS ,0.9038235294117647,0.79,2.08,1772,1616.6000000000001,135
23435,3 RAFFIA RIBBONS VINTAGE CHRISTMAS,0.9072727272727273,0.79,2.08,676,606.28,44
23436,VINTAGE CHRISTMAS GIFT BAG LARGE ,1.241063829787234,1.04,1.25,1914,2232.9,94
23437, 50'S CHRISTMAS GIFT BAG LARGE,1.248125,1.04,1.25,1907,2299.75,112
23438, RED SPOT GIFT BAG LARGE,1.247857142857143,1.04,1.25,1782,2143.5,98
23439,HAND WARMER RED LOVE HEART,2.0941709844559586,1.85,2.1,3721,7574.1,371
23440,PAINT YOUR OWN EGGS IN CRATE,2.022,1.79,2.08,164,299.36,5
23441,HAND PAINTED HANGING EASTER EGG,0.42,0.42,0.42,22,9.24,3
23442,12 HANGING EGGS HAND PAINTED,2.08,2.08,2.08,40,83.2,7
23444,Next Day Carriage,15.1875,15.0,30.0,78,1185.0,80
23445,ICE CREAM BUBBLES,0.8265625,0.72,0.83,2627,2114.41,95
23446,BLUE BUNNY EASTER EGG BASKET,1.5833333333333333,1.45,1.65,157,230.24999999999997,3
23447,PINK BUNNY EASTER EGG BASKET,1.5999999999999999,1.45,1.65,158,231.89999999999998,4
23448,CREAM BUNNY EASTER EGG BASKET,1.6499999999999997,1.65,1.65,25,41.24999999999999,3
23449,SET OF 6 EASTER RAINBOW CHICKS,1.25,1.25,1.25,12,15.0,1
23451,SQUARE MINI PORTRAIT FRAME,1.9433333333333334,1.65,1.95,268,519.0,44
23452,HEART MINI PORTRAIT FRAME,1.946341463414634,1.65,1.95,509,988.9499999999999,82
23453,OVAL  MINI PORTRAIT FRAME,1.9437499999999999,1.65,1.95,315,611.85,46
23454,THREE MINI HANGING FRAMES,4.142,3.75,4.15,159,650.25,47
23455,SMALL PARLOUR PICTURE FRAME,2.8671428571428574,2.49,2.89,206,566.5400000000001,34
23456,MEDIUM PARLOUR PICTURE FRAME ,4.117567567567568,3.75,4.15,156,625.8000000000001,37
23457,LARGE PARLOUR PICTURE FRAME,4.9189655172413795,4.5,4.95,104,498.6,29
23458,DOLLY CABINET 3 DRAWERS ,14.95,14.95,14.95,46,687.6999999999999,34
23459,DOLLY CABINET 2 DRAWERS ,12.5,12.5,12.5,30,375.0,21
23460,SWEETHEART WALL TIDY ,9.905106382978722,7.84,9.95,103,957.3299999999999,47
23461,SWEETHEART BIRD HOUSE,4.136111111111112,3.3,4.15,825,2891.95,84
23462,ROCOCO WALL MIRROR WHITE,19.735714285714288,16.95,19.95,59,1132.05,56
23463,VINTAGE ZINC WATERING CAN,9.95,9.95,9.95,12,119.39999999999999,7
23464,VINTAGE ZINC WATERING CAN SMALL,4.95,4.95,4.95,16,79.2,6
23465,TUSCAN VILLA BIRD FEEDER,8.25,8.25,8.25,28,231.0,15
23466,TUSCAN VILLA DOVECOTE BIRD FEEDER,8.215909090909092,7.5,8.25,48,390.0,22
23467,VINTAGE ZINC PLANTER  ,3.29,3.29,3.29,23,75.67,5
23468,TUSCAN VILLA BIRD TABLE ,8.25,8.25,8.25,19,156.75,11
23469,CARD HOLDER LOVE BIRD SMALL,4.123538461538462,3.29,4.15,316,1239.16,65
23470,CARD HOLDER LOVE BIRD LARGE ,6.198192771084338,5.39,6.25,208,1252.7,83
23471,SIX DRAWER OFFICE TIDY,9.753846153846153,8.25,9.95,64,596.0,26
23472, NINE DRAWER OFFICE TIDY,14.786666666666665,12.5,14.95,54,777.9,30
23473,WOODLAND SMALL RED FELT HEART,0.8274418604651163,0.72,0.83,665,530.8299999999999,43
23474,WOODLAND SMALL BLUE FELT HEART,0.83,0.83,0.83,297,246.51,27
23475,WOODLAND SMALL PINK FELT HEART,0.83,0.83,0.83,280,232.39999999999998,26
23476,WOODLAND LARGE RED FELT HEART,1.25,1.25,1.25,198,247.5,18
23477,WOODLAND LARGE BLUE FELT HEART,1.25,1.25,1.25,85,106.25,8
23478,WOODLAND LARGE PINK FELT HEART,1.2289999999999999,1.04,1.25,278,307.18,10
23479,WIRE EGG BASKET ,7.775,6.65,7.85,109,819.65,40
23480,MINI LIGHTS WOODLAND MUSHROOMS,3.724157303370786,3.29,3.75,1697,6050.49,175
23481,PEARLISED IVORY HEART SMALL ,1.2429999999999999,1.04,1.25,217,266.21,27
23482,PEARLISED IVORY HEART LARGE ,1.6388888888888888,1.45,1.65,415,651.15,36
23483,HANGING  BUTTERFLY T-LIGHT HOLDER,1.226,1.04,1.25,1300,1515.3799999999999,69
23484,HEART TRELLIS TRIPLE T-LIGHT HOLDER,2.8592307692307695,2.49,2.89,174,483.66,25
23485,BOTANICAL GARDENS WALL CLOCK ,24.003225806451614,20.5,25.0,241,5311.6,93
23486,ANTIQUE HEART SHELF UNIT,16.406756756756756,13.35,16.65,254,3679.5,74
23487,SWEET HEART CAKE CARRIER,9.879166666666666,8.25,9.95,69,664.4499999999999,48
23489,VINTAGE BELLS GARLAND,2.8872027972027974,2.49,2.89,876,2512.44,137
23490,T-LIGHT HOLDER HANGING LOVE BIRD,3.7404166666666665,3.29,3.75,530,1954.38,96
23491,VINTAGE JINGLE BELLS HEART,8.25,8.25,8.25,225,1856.25,77
23492,VINTAGE JINGLE BELLS WREATH,8.25,8.25,8.25,74,610.5,26
23493,VINTAGE DOILY TRAVEL SEWING KIT,1.9475069252077561,1.65,1.95,3510,6724.8,352
23494,VINTAGE DOILY DELUXE SEWING KIT ,5.93404255319149,4.95,5.95,657,3808.15,187
23495,SET OF 3 PANTRY WOODEN SPOONS,1.25,1.25,1.25,192,240.0,24
23496,PANTRY KITCHEN THERMOMETER ,1.25,1.25,1.25,88,110.0,22
23497,CLASSIC CHROME BICYCLE BELL ,1.4383707865168538,1.25,1.45,2499,3491.35,173
23498,CLASSIC BICYCLE CLIPS ,1.4402247191011237,1.25,1.45,1587,2200.15,86
23499,SET 12 VINTAGE DOILY CHALK ,0.42,0.42,0.42,1244,522.48,93
23500,KEY RING BASEBALL BOOT ASSORTED ,1.2428409090909092,1.04,1.25,1580,1928.8,84
23501,KEY RING BASEBALL BOOT UNION JACK,1.2379310344827588,1.04,1.25,1770,2103.3,85
23502,PLAYING CARDS VINTAGE DOILY ,1.2452272727272726,1.04,1.25,690,838.98,87
23503,PLAYING CARDS KEEP CALM & CARRY ON,1.248125,1.04,1.25,3430,4240.46,329
23504,PLAYING CARDS JUBILEE UNION JACK,1.2489447236180904,1.04,1.25,1661,2073.73,190
23505,PLAYING CARDS I LOVE LONDON ,1.2420754716981133,1.04,1.25,1058,1238.5,104
23506,MINI PLAYING CARDS SPACEBOY ,0.41909090909090907,0.36,0.42,2694,1106.28,127
23507,MINI PLAYING CARDS BUFFALO BILL ,0.41834862385321103,0.36,0.42,2839,1128.18,101
23508,MINI PLAYING CARDS DOLLY GIRL ,0.41895652173913045,0.36,0.42,2470,1012.2,107
23509,MINI PLAYING CARDS FUN FAIR ,0.4178181818181818,0.36,0.42,1040,433.2,54
23510,MINI PLAYING CARDS GYMKHANA,0.41879999999999995,0.36,0.42,2297,901.74,95
23511,EMBROIDERED RIBBON REEL EMILY ,2.0733333333333333,1.79,2.08,519,1036.02,86
23512,EMBROIDERED RIBBON REEL ROSIE,2.0622448979591836,1.79,2.08,484,921.46,49
23513,EMBROIDERED RIBBON REEL SUSIE ,2.070793650793651,1.79,2.08,550,1060.48,63
23514,EMBROIDERED RIBBON REEL SALLY ,2.070793650793651,1.79,2.08,452,896.66,63
23515,EMBROIDERED RIBBON REEL DAISY ,2.0655,1.79,2.08,558,1075.3799999999999,59
23516,EMBROIDERED RIBBON REEL SOPHIE  ,3.7280952380952384,3.29,3.75,291,1025.01,40
23517,EMBROIDERED RIBBON REEL REBECCA ,2.8743137254901963,2.49,2.89,312,860.88,51
23518,EMBROIDERED RIBBON REEL RACHEL ,2.870952380952381,2.49,2.89,351,937.59,42
23519,EMBROIDERED RIBBON REEL CLAIRE,3.701578947368421,3.29,3.75,219,755.01,19
23520,EMBROIDERED RIBBON REEL RUBY ,3.734666666666667,3.29,3.75,165,585.63,30
23521,WALL ART CAT AND BIRD ,2.618181818181818,1.12,2.89,388,648.62,22
23522,WALL ART DOG AND BALL ,2.575714285714286,1.25,2.89,341,652.17,21
23523,WALL ART TREASURE AHOY ,3.658717948717949,2.66,3.75,351,1128.93,39
23524,WALL ART HORSE & PONY ,3.660576923076923,2.66,3.75,459,1419.48,52
23525,WALL ART BUFFALO BILL ,3.6604444444444444,2.65,3.75,561,1755.39,45
23526,WALL ART DOG LICENCE ,5.817446808510638,3.88,5.95,866,4251.62,93
23527,WALL ART ANIMALS AND NATURE ,3.6848888888888887,2.66,3.75,408,1368.72,45
23528,WALL ART SPACEBOY,3.626764705882353,2.66,3.75,462,1381.38,34
23529,WALL ART DOLLY GIRL ,3.6103333333333336,2.66,3.75,629,1952.3100000000002,30
23530,WALL ART ONLY ONE PERSON ,4.7518918918918915,3.57,4.95,1037,4241.25,74
23531,WALL ART BIG LOVE ,6.744897959183674,4.76,6.95,960,5319.36,97
23532,WALL ART WORK REST AND PLAY  ,4.470769230769231,1.95,4.95,205,853.47,26
23533,WALL ART GARDEN HAVEN ,5.151935483870968,1.95,5.95,210,936.34,31
23534,WALL ART STOP FOR TEA ,5.881928934010152,3.88,5.95,1199,6279.23,195
23535,WALL ART BICYCLE SAFETY,5.86670731707317,3.88,5.95,1122,5892.66,163
23536,WALL ART VILLAGE SHOW ,5.870933333333333,3.88,5.95,609,3250.23,75
23537,WALL ART I LOVE LONDON ,4.835714285714286,4.15,4.95,98,446.70000000000005,21
23538,WALL ART VINTAGE HEART,4.78925925925926,3.58,4.95,326,1273.92,27
23539,WALL ART LOVES' SECRET ,5.797428571428571,3.88,5.95,237,1129.71,35
23540,WALL ART THE MAGIC FOREST ,6.142,2.55,6.95,146,890.54,10
23541,WALL ART CLASSIC PUDDINGS ,8.111652892561983,6.67,8.25,827,6138.19,121
23542,WALL ART 70'S ALPHABET ,8.043150684931506,6.67,8.25,478,3393.98,73
23543,WALL ART KEEP CALM ,7.858958333333334,4.15,8.25,1227,6869.47,94
23544,WALL ART MID CENTURY MODERN ,7.557619047619048,3.95,8.25,163,1007.53,21
23545,WRAP RED VINTAGE DOILY,0.419047619047619,0.34,0.42,2475,1023.5,83
23546,WRAP PAISLEY PARK ,0.42,0.42,0.42,3250,1365.0,120
23547,WRAP FLOWER SHOP  ,0.42,0.42,0.42,1575,661.5,62
23548,WRAP MAGIC FOREST ,0.42,0.42,0.42,1075,451.5,43
23549,WRAP BIRD GARDEN ,0.42,0.42,0.42,1300,546.0,51
23550,WRAP ALPHABET POSTER  ,0.41873015873015873,0.34,0.42,1850,761.0,63
23551,PACK OF 12 PAISLEY PARK TISSUES ,0.38999999999999996,0.39,0.39,1614,629.4599999999999,95
23552,BICYCLE PUNCTURE REPAIR KIT ,2.062181818181818,1.79,2.08,1730,3336.7200000000003,103
23553,LANDMARK FRAME CAMDEN TOWN ,12.375,10.95,12.5,557,6244.85,62
23554,LANDMARK FRAME OXFORD STREET,12.385185185185184,10.95,12.5,419,4730.65,54
23555,LANDMARK FRAME NOTTING HILL ,12.405102040816328,10.95,12.5,419,4730.65,48
23556,LANDMARK FRAME COVENT GARDEN ,12.383018867924527,10.95,12.5,434,4899.55,53
23557,LANDMARK FRAME BAKER STREET ,12.39310344827586,10.95,12.5,347,3867.85,29
23558,LANDMARK FRAME LONDON BRIDGE ,12.401063829787235,10.95,12.5,410,4604.2,47
23559,WOODLAND BUNNIES LOLLY MAKERS,2.0722666666666667,1.79,2.08,563,1129.28,75
23560,SET OF 6 RIBBONS COUNTRY STYLE,2.87,2.49,2.89,163,447.07,20
23561,SET OF 6 RIBBONS PARTY,2.8592307692307695,2.49,2.89,167,458.63,13
23562,SET OF 6 RIBBONS PERFECTLY PRETTY  ,2.8791891891891894,2.49,2.89,243,678.27,37
23564,EGG CUP MILKMAID INGRID,1.2449999999999999,1.04,1.25,587,703.51,42
23565,EGG CUP MILKMAID HELGA ,1.25,1.25,1.25,343,428.75,33
23566,EGG CUP MILKMAID HEIDI,1.241063829787234,1.04,1.25,780,914.52,47
23567,EGG CUP HENRIETTA HEN PINK,1.25,1.25,1.25,186,232.5,19
23568,EGG CUP HENRIETTA HEN CREAM ,1.2355172413793103,1.04,1.25,579,663.27,29
23569,TRADTIONAL ALPHABET STAMP SET,4.945530726256983,4.15,4.95,924,4487.400000000001,175
23570,TRADITIONAL PICK UP STICKS GAME ,1.25,1.25,1.25,1836,2295.0,231
23571,TRADITIONAL NAUGHTS & CROSSES,1.6490950226244343,1.45,1.65,2018,3300.8999999999996,216
23574,PACKING CHARGE,7.5,7.5,7.5,12,90.0,16
23575,SNACK TRAY PAISLEY PARK,1.9375,1.65,1.95,164,305.4,22
23576,SNACK TRAY RED VINTAGE DOILY,1.94,1.65,1.95,185,346.34999999999997,29
23578,SNACK TRAY RED GINGHAM,1.95,1.95,1.95,56,109.2,11
23579,SNACK TRAY I LOVE LONDON,1.9375,1.65,1.95,149,276.15,24
23580,SNACK TRAY HAPPY FOREST  ,1.9499999999999997,1.95,1.95,110,214.5,21
23581,JUMBO BAG PAISLEY PARK,2.058562300319489,1.75,2.08,4236,8273.28,306
23582,VINTAGE DOILY JUMBO BAG RED ,2.0653333333333332,1.75,2.08,4313,8285.54,237
23583,LUNCH BAG PAISLEY PARK  ,1.6447712418300653,1.45,1.65,3295,5234.75,299
23597,PAPER BUNTING PAISLEY PARK,2.9086206896551725,2.55,2.95,240,644.0,29
23598,PAPER BUNTING VINTAGE PARTY,2.930952380952381,2.55,2.95,420,1175.0,42
23630,SET 10 CARDS HANGING BAUBLES 17080,2.99,2.99,2.99,0,0.0,2
23660,HENRIETTA HEN MUG ,1.65,1.65,1.65,277,457.04999999999995,35
23661,MILK MAIDS MUG ,1.65,1.65,1.65,184,303.59999999999997,27
23664,FLOWER SHOP DESIGN MUG,1.65,1.65,1.65,1,1.65,1
23681,LUNCH BAG RED VINTAGE DOILY,1.6415966386554621,1.45,1.65,1547,2432.55,118
23691,WRAP KEEP CALM BIRTHDAY,0.4184210526315789,0.36,0.42,1175,481.5,38
23692,WRAP A PRETTY THANK YOU,0.42,0.42,0.42,50,21.0,2
23694,PAISLEY PARK CARD,0.4175,0.36,0.42,348,141.84,24
23695,DOILY THANK YOU CARD,0.41727272727272724,0.36,0.42,703,286.62,44
23697,A PRETTY THANK YOU CARD,0.41777777777777775,0.36,0.42,438,179.64,26
23702,High Resolution Image,8.5,1.5,21.0,4,27.0,3
23843,"PAPER CRAFT , LITTLE BIRDIE",2.08,2.08,2.08,0,0.0,2
35001G,HAND OPEN SHAPE GOLD,3.602692307692308,1.25,4.25,156,506.58,24
35001W,HAND OPEN SHAPE DECO.WHITE,3.151666666666667,2.0,3.49,91,266.53000000000003,6
35004B,SET OF 3 BLACK FLYING DUCKS,4.981578947368421,1.95,5.45,445,2114.35,55
35004C,SET OF 3 COLOURED  FLYING DUCKS,5.171739130434783,4.65,5.45,357,1712.0500000000002,46
35004G,SET OF 3 GOLD FLYING DUCKS,5.140476190476191,1.95,6.35,124,444.4,21
35004P,SET OF 3 PINK FLYING DUCKS,5.45,5.45,5.45,1,5.45,1
35095A,BLUE VICTORIAN FABRIC OVAL BOX,0.41617647058823526,0.29,0.42,811,293.82,34
35095B,RED VICTORIAN FABRIC OVAL BOX,0.4168292682926829,0.29,0.42,772,277.44,41
35241,ENAMEL BLUE RIM BISCUIT BIN,4.786666666666666,4.25,4.95,89,413.95000000000005,30
35265,COLOURFUL FLOWER FRUIT BOWL,2.3181818181818183,1.0,6.95,16,50.25,11
35271S,GOLD PRINT PAPER BAG,0.19,0.19,0.19,19,3.6100000000000003,2
35400,WOODEN BOX ADVENT CALENDAR ,8.796153846153846,7.95,8.95,-6,-45.7,13
35443,RASTA IN BATH W SPLIFF ASHTRAY,0.85,0.85,0.85,7,5.949999999999999,5
35471D,SET OF 3 BIRD LIGHT PINK FEATHER ,0.48537414965986403,0.39,1.25,1652,687.5,139
35591T,TURQUOISE CHRISTMAS TREE ,1.25,1.25,1.25,5,6.25,4
35597A,DUSTY PINK CHRISTMAS TREE 30CM,1.25,1.25,1.25,1,1.25,1
35597B,BLACKCHRISTMAS TREE 30CM,1.25,1.25,1.25,1,1.25,1
35597D,PINK/WHITE CHRISTMAS TREE 30CM,0.38,0.38,0.38,46,17.48,2
35598A,DUSTY PINK CHRISTMAS TREE 60CM,2.95,2.95,2.95,9,26.550000000000004,2
35598B,BLACK CHRISTMAS TREE 60CM,1.2772727272727273,0.65,2.95,554,433.70000000000005,22
35598C,WHITE CHRISTMAS TREE 60CM,2.95,2.95,2.95,2,5.9,2
35598D,PINK/WHITE CHRISTMAS TREE 60CM,0.7464,0.65,2.46,659,432.57,25
35599B,BLACK CHRISTMAS TREE 120CM,3.033478260869565,1.95,8.49,209,503.85,23
35599D,PINK AND WHITE CHRISTMAS TREE 120CM,2.573157894736842,1.95,5.79,186,465.38,19
35607A,PINK FLUFFY CHRISTMAS DECORATION,0.19,0.19,0.19,24,4.5600000000000005,1
35607B,BLACK FEATHER CHRISTMAS DECORATION,0.19,0.19,0.19,96,18.240000000000002,7
35610A,PINK CHRISTMAS FLOCK DROPLET ,1.25,1.25,1.25,8,10.0,1
35610B,BLACK CHRISTMAS FLOCK DROPLET ,1.25,1.25,1.25,24,30.0,1
35610C,WHITE CHRISTMAS FLOCK DROPLET ,1.25,1.25,1.25,24,30.0,1
35637A,IVORY STRING CURTAIN WITH POLE ,2.6166666666666667,1.95,5.95,166,363.7,24
35637C,PINK STRING CURTAIN WITH POLE,2.5214285714285714,1.95,5.95,28,62.6,7
35638A,PINK AND BLACK STRING CURTAIN,3.55,1.95,5.95,38,82.1,5
35638B,PINK/BLUE STRING CURTAIN ,1.95,1.95,1.95,56,109.2,4
35645,VINTAGE BEAD PINK JEWEL BOX,4.25,4.25,4.25,4,17.0,3
35646,VINTAGE BEAD PINK EVENING BAG,1.4330434782608696,1.25,4.25,513,668.88,44
35647,VINTAGE BEAD PINK SHADE ,1.25,1.25,1.25,13,16.25,2
35648,VINTAGE BEAD PINK PURSE ,0.9899999999999999,0.83,2.95,787,754.01,62
35649,VINTAGE BEAD COSMETIC BAG ,3.095714285714286,2.46,3.35,16,51.82,6
35650,VINTAGE BEAD PINK JEWEL STAND,4.95,4.95,4.95,1,4.95,1
35651,VINTAGE BEAD PINK SCARF ,1.8299999999999998,1.65,7.95,318,537.3,34
35653,VINTAGE BEAD NOTEBOOK,2.95,2.95,2.95,47,138.65,17
35809A,ENAMEL PINK TEA CONTAINER,1.1087804878048781,0.83,2.1,388,374.10999999999996,40
35809B,ENAMEL BLUE RIM TEA CONTAINER,1.6766666666666667,0.83,2.1,8,9.18,3
35810A,ENAMEL PINK COFFEE CONTAINER,1.021698113207547,0.83,2.1,602,545.38,52
35810B,ENAMEL BLUE RIM COFFEE CONTAINER,1.161304347826087,0.83,2.1,134,144.23999999999998,23
35815P,"ACRYLIC JEWEL SNOWFLAKE, PINK",0.724,0.38,2.1,162,63.28000000000001,5
35816P,"ACRYLIC JEWEL ANGEL,PINK",0.38,0.38,0.38,78,29.64,2
35817P,"ACRYLIC JEWEL SNOWFLAKE,PINK",1.4649999999999999,0.38,2.55,18,19.86,2
35818B,"ACRYLIC JEWEL ICICLE, BLUE",0.38000000000000006,0.38,0.38,31,11.780000000000001,3
35818P,"ACRYLIC JEWEL ICICLE, PINK",0.38,0.38,0.38,261,99.18,17
35819B,"ACRYLIC HANGING JEWEL,BLUE",0.38,0.38,0.38,266,101.08,22
35819P,"ACRYLIC HANGING JEWEL,PINK",0.5042857142857143,0.38,1.25,95,66.55,7
35832,WOOLLY HAT SOCK GLOVE ADVENT STRING,2.95,2.95,2.95,-1,-2.95,1
35833P,4 PINK FLOCK CHRISTMAS BALLS,1.25,1.25,1.25,36,45.0,11
35909A,RABBIT EASTER DECORATION,2.9500000000000006,2.95,2.95,8,23.6,3
35909B,PINK FLOWERS RABBIT EASTER,2.95,2.95,2.95,8,23.6,2
35910A,MULTICOLOUR EASTER RABBIT ,1.95,1.95,1.95,20,39.0,4
35910B,PINK FLOWERS RABBIT EASTER,1.95,1.95,1.95,13,25.349999999999998,3
35911A,MULTICOLOUR RABBIT EGG WARMER,1.0984,0.83,2.1,205,194.14999999999998,25
35911B,PINK/FLOWER RABBIT EGG WARMER ,2.1,2.1,2.1,17,35.7,4
35912B,WHITE/PINK CHICK DECORATION,1.228888888888889,1.06,1.25,249,283.89,18
35913B,WHITE/PINK CHICK EASTER DECORATION,0.85,0.85,0.85,34,28.9,9
35914,PINK CHICK EGG WARMER + EGG CUP,1.2666666666666666,0.85,2.1,135,162.25,18
35915B,BLUE KNITTED HEN ,1.65,1.65,1.65,91,150.14999999999998,14
35915C,PEACH KNITTED HEN ,1.65,1.65,1.65,49,80.85,8
35916A,YELLOW FELT HANGING HEART W FLOWER,0.85,0.85,0.85,20,17.0,3
35916B,BLUE FELT HANGING HEART WITH FLOWER,0.85,0.85,0.85,6,5.1,1
35916C,PINK FELT HANGING HEART W FLOWER,0.85,0.85,0.85,54,45.9,5
35920,FOUR RABBIT EASTER DECORATIONS,1.25,1.25,1.25,67,83.75,11
35921,EASTER BUNNY HANGING GARLAND,1.25,1.25,1.25,53,66.25,12
35922,EASTER BUNNY WREATH,4.95,4.95,4.95,28,138.6,10
35923,CANDY HEART HANGING DECORATION,0.4811627906976744,0.39,1.25,1264,631.32,42
35924,HANGING FAIRY CAKE DECORATION,1.9597368421052632,1.69,2.1,545,959.5899999999999,36
35933,PINK STOCKING CHRISTMAS DECORATION,0.38,0.38,0.38,222,84.36,16
35953,FOLKART STAR CHRISTMAS DECORATIONS,0.4962921348314607,0.39,1.25,2992,1251.1599999999999,86
35954,SMALL FOLKART STAR CHRISTMAS DEC,0.2596969696969697,0.19,0.42,1076,244.23000000000002,32
35957,SMALLFOLKART BAUBLE CHRISTMAS DEC,0.305,0.19,0.42,462,127.80000000000001,8
35958,FOLKART ZINC STAR CHRISTMAS DEC,0.85,0.85,0.85,12,10.2,3
35961,FOLKART ZINC HEART CHRISTMAS DEC,0.8467088607594937,0.72,0.85,2678,2126.54,154
35964,FOLKART CLIP ON STARS,0.43500000000000005,0.39,2.1,621,245.61,37
35965,FOLKART HEART NAPKIN RINGS,1.3858620689655174,0.79,2.95,157,162.91,29
35966,FOLKART CHRISTMAS TREE T-LIGHT HOLD,0.38,0.38,0.38,27,10.260000000000002,2
35967,FOLK ART METAL STAR T-LIGHT HOLDER,0.39655172413793105,0.38,0.85,381,150.54000000000002,29
35968,FOLK ART METAL HEART T-LIGHT HOLDER,0.37,0.2,0.38,145,52.760000000000005,18
35970,ZINC FOLKART SLEIGH BELLS,1.7343428571428572,1.49,4.13,4554,7510.14,345
35971,ROSE FOLKART HEART DECORATIONS,1.4025862068965516,0.42,2.46,406,483.39,55
35972,DAISY FOLKART HEART DECORATION,1.25,1.25,1.25,96,120.0,16
37327,ASSTD MULTICOLOUR CIRCLES MUG,0.4189583333333333,0.39,1.69,1370,546.42,46
37330,BIG POLKADOT MUG,0.39,0.39,0.39,6,2.34,1
37333,"RETRO ""TEA FOR ONE"" ",3.5863636363636364,1.95,4.95,14,54.3,11
37340,MULTICOLOUR SPRING FLOWER MUG,0.40393939393939393,0.39,0.85,2039,802.5699999999999,65
37342,POLKADOT COFFEE CUP & SAUCER PINK,0.7962686567164179,0.79,0.85,1379,1096.6100000000001,66
37343,POLKADOT MUG PINK ,1.4925,0.39,1.65,62,89.69999999999999,8
37351,ORANGE FLOWER MUG ,0.39,0.39,0.39,4,1.56,1
37370,RETRO COFFEE MUGS ASSORTED,1.232314049586777,1.06,1.65,2481,2801.48,118
37379A,PINK CHERRY BLOSSOM CUP & SAUCER,1.25,1.25,1.25,6,7.5,1
37413,ICON MUG REVOLUTIONARY,0.4112345679012346,0.39,1.25,701,283.71,79
37423,WHITE WITH BLACK CATS PLATE,0.5433333333333333,0.39,0.85,78,33.18,3
37444A,YELLOW BREAKFAST CUP AND SAUCER,0.9385714285714286,0.39,2.95,47,31.130000000000003,14
37444B,BLUE BREAKFAST CUP AND SAUCER ,2.9500000000000006,2.95,2.95,4,11.8,3
37444C,PINK BREAKFAST CUP AND SAUCER ,1.487142857142857,0.39,2.95,19,30.45,7
37446,MINI CAKE STAND WITH HANGING CAKES,1.426969696969697,1.25,1.45,1221,1676.05,160
37447,CERAMIC CAKE DESIGN SPOTTED PLATE,1.4782926829268292,1.25,1.49,740,1081.0,82
37448,CERAMIC CAKE DESIGN SPOTTED MUG,1.4828994082840237,1.25,1.49,1354,1968.5,166
37449,CERAMIC CAKE STAND + HANGING CAKES,9.709265536723164,6.75,9.95,511,4628.13,177
37450,CERAMIC CAKE BOWL + HANGING CAKES,2.882142857142857,2.55,2.95,629,1735.95,110
37461,FUNKY MONKEY MUG,1.25,1.25,1.25,1,1.25,1
37462E,"PET MUG, GOLDFISH",0.2475,0.19,0.42,27,5.59,4
37464,ROBOT MUG IN DISPLAY BOX,1.25,1.25,1.25,3,3.75,2
37467,PIG MUG IN TWO COLOUR DESIGNS,0.5154545454545455,0.39,0.85,128,60.04,11
37468,HARDMAN MUG 3 ASSORTED,0.38999999999999996,0.39,0.39,63,24.57,12
37471,MULTICOLOUR POLKADOT PLATE,0.85,0.85,0.85,12,10.2,1
37475,SET/4 COLOURFUL MIXING BOWLS,9.748620689655171,8.49,9.95,56,522.16,29
37476,CONDIMENT TRAY 4 BOWLS AND 4 SPOONS,9.787777777777777,8.49,9.95,17,160.39,9
37479B,CUBIC MUG FLOCK BLUE ON BROWN,0.898235294117647,0.39,2.55,127,60.33,17
37479P,CUBIC MUG FLOCK PINK ON BROWN,0.5957142857142858,0.39,2.55,118,52.5,20
37482P,CUBIC MUG PINK POLKADOT,0.6368571428571428,0.39,2.55,477,216.26999999999998,34
37487B,YELLOW/ORANGE FLOWER DESIGN PLATE,0.29,0.29,0.29,68,19.72,2
37488A,YELLOW PINK FLOWER DESIGN BIG BOWL,0.38999999999999996,0.39,0.39,28,10.92,3
37489A,YELLOW/PINK FLOWER DESIGN BIG MUG,0.494,0.39,1.95,33,14.43,14
37489B,BLUE/YELLOW FLOWER DESIGN BIG MUG,0.65,0.39,1.95,31,16.77,12
37489C,GREEN/BLUE FLOWER DESIGN BIG MUG,0.78,0.39,1.95,23,13.65,8
37489D,PINK/GREEN FLOWER DESIGN BIG MUG,0.48176470588235293,0.39,1.95,40,17.16,16
37491B,BLUE/YELLOW CERAMIC CANDLE HOLDER,1.65,1.65,1.65,4,6.6,1
37491C,GREEN/BLUE CERAMIC CANDLE HOLDER,1.65,1.65,1.65,8,13.2,1
37491D,PURPLE/BLUE CERAMIC CANDLE HOLDER,1.65,1.65,1.65,2,3.3,1
37495,FAIRY CAKE BIRTHDAY CANDLE SET,3.733333333333333,2.95,3.75,379,1363.65,96
37500,TEA TIME TEAPOT IN GIFT BOX,6.294878048780487,4.95,9.95,336,1957.56,82
37501,TEA TIME TEA SET IN GIFT BOX,6.95,6.95,6.95,100,695.0,30
37503,TEA TIME CAKE STAND IN GIFT BOX,10.75,10.75,10.75,-1,-10.75,1
37509,NEW ENGLAND MUG W GIFT BOX,2.55,2.55,2.55,2,5.1,2
40001,WHITE BAMBOO RIBS LAMPSHADE,0.7936585365853658,0.64,0.85,736,561.55,41
40003,WHITE BAMBOO RIBS LAMPSHADE,1.2227272727272727,0.95,1.25,147,154.95,11
40005B,BLUE ORGANDY ROUND LAMPSHADE W BEA,0.85,0.85,0.85,12,10.2,4
40016,CHINESE DRAGON PAPER LANTERNS,0.5113333333333333,0.25,8.29,5524,1870.7,75
40046A,RED DAISY PAPER LAMPSHADE,1.25,1.25,1.25,50,62.5,6
44089A,PINK GAUZE BUTTERFLY LAMPSHADE,0.42,0.42,0.42,15,6.3,4
44089C,LILAC GAUZE BUTTERFLY LAMPSHADE,0.42,0.42,0.42,24,10.08,6
44091A,BLUE CRUSOE CHECK LAMPSHADE,0.42,0.42,0.42,9,3.78,3
44092B,BLUE WHITE PLASTIC RINGS LAMPSHADE,0.85,0.85,0.85,14,11.899999999999999,5
44092C,PURPLE/COPPER HANGING LAMPSHADE,0.85,0.85,0.85,18,15.299999999999999,6
44228,CANNABIS LEAF BEAD CURTAIN,0.85,0.85,0.85,36,30.599999999999998,2
44234,ASSORTED CIRCULAR MOBILE,0.20714285714285713,0.18,0.21,638,119.57999999999998,20
44235,ASSORTED COLOURED CIRCLE MOBILE ,0.41600000000000004,0.36,0.42,538,200.04,13
44236,PINK/PURPLE CIRCLE CURTAIN,1.3414285714285714,0.79,4.65,52,56.52,6
44242A,LILAC FEATHERS CURTAIN,0.79,0.79,0.79,12,9.48,1
44242B,PINK FEATHERS CURTAIN,0.9433333333333334,0.79,1.25,52,50.28,3
44265,M/COLOUR POM-POM CURTAIN,4.25,4.25,4.25,2,8.5,1
45013,FOLDING SHOE TIDY,2.95,2.95,2.95,3,8.850000000000001,2
46000M,POLYESTER FILLER PAD 45x45cm,1.55,1.55,1.55,1007,1560.8500000000001,134
46000P,POLYESTER FILLER PAD 65CMx65CM,4.25,4.25,4.25,17,72.25,5
46000R,POLYESTER FILLER PAD 45x30cm,1.45,1.45,1.45,101,146.45,37
46000S,POLYESTER FILLER PAD 40x40cm,1.45,1.45,1.45,1507,2185.15,185
46000U,POLYESTER FILLER PAD 30CMx30CM,1.25,1.25,1.25,107,133.75,26
46115B,GREEN POP ART MAO CUSHION COVER ,0.19,0.19,0.19,12,2.2800000000000002,2
46118,FUNKY MONKEY CUSHION COVER,0.85,0.85,0.85,193,164.04999999999998,18
46126A,ELVIS WALLHANGING / CURTAIN,1.25,1.25,1.25,48,60.0,6
46138B,BLUE CHENILLE SHAGGY CUSHION COVER ,1.0071428571428571,0.85,1.95,30,32.1,14
46775D,SUNSET COLOUR CHUNKY KNITTED THROW,16.95,16.95,16.95,24,406.79999999999995,13
46776A,WOVEN BUBBLE GUM CUSHION COVER,4.95,4.95,4.95,14,69.30000000000001,6
46776B,WOVEN BERRIES CUSHION COVER ,4.95,4.95,4.95,15,74.25,7
46776C,WOVEN FROST CUSHION COVER,4.95,4.95,4.95,11,54.45,6
46776D,WOVEN SUNSET CUSHION COVER ,4.95,4.95,4.95,12,59.400000000000006,3
46776E,WOVEN CANDY CUSHION COVER ,4.95,4.95,4.95,14,69.3,5
46776F,WOVEN ROSE GARDEN CUSHION COVER ,4.95,4.95,4.95,19,94.05000000000001,8
47013A,WINE BOTTLE DRESSING LT.BLUE,0.205,0.12,0.29,14,3.0399999999999996,4
47013C,WINE BOTTLE DRESSING DARK BLUE,0.14125,0.12,0.29,31,4.0600000000000005,8
47016,LIGHT DECORATION BATTERY OPERATED,2.1,2.1,2.1,2,4.2,1
47021G,SET/6 BEAD COASTERS GAUZE BAG GOLD,0.6193333333333334,0.39,1.25,518,230.39999999999998,15
47310M,SMALL POP BOX FUNKY MONKEY,1.3279166666666666,1.05,3.29,265,326.73,47
47341A,FUSCHIA TABLE RUN FLOWER ,1.75,1.25,3.75,27,38.75,5
47341B,BLUE TABLE RUN FLOWER,1.25,1.25,1.25,45,56.25,11
47343A,FUSCHIA FLOWER PURSE WITH BEADS,0.9714285714285714,0.83,1.49,159,145.17,14
47344B,BLUE FLOWER DES PURSE,0.9700000000000001,0.83,1.25,44,43.66,6
47348A,FUSCHIA VOILE POINTY SHOE DEC,0.702,0.39,1.95,97,50.31,15
47351B,BLUE  VOILE LAMPSHADE,2.87,2.55,2.95,38,112.10000000000002,10
47367B,PAIR PADDED HANGERS PINK CHECK,3.6772727272727277,2.95,3.75,57,194.55,11
47369A,PINK GREEN EMBROIDERY COSMETIC BAG,2.9500000000000006,2.95,2.95,8,23.6,6
47369B,BLUE GREEN EMBROIDERY COSMETIC BAG,3.896666666666667,2.95,5.79,3,11.690000000000001,3
47420,ASSORTED COLOUR SUCTION CUP HOOK,0.19,0.19,0.19,196,37.24,13
47421,ASSORTED COLOUR LIZARD SUCTION HOOK,0.41600000000000004,0.36,0.42,970,382.92,54
47422,ASSORTED MONKEY SUCTION CUP HOOK,0.41608695652173916,0.36,0.42,518,204.6,43
47469,ASSORTED SHAPES PHOTO CLIP SILVER ,0.6335714285714287,0.42,0.65,355,164.51,11
47471,RAINBOW PEGS PHOTO CLIP STRING,0.7075,0.53,1.46,262,148.88,24
47480,HANGING PHOTO CLIP ROPE LADDER,1.8553846153846152,1.45,3.29,690,1089.58,52
47481,50CM METAL STRING WITH  7 CLIPS,0.8410526315789474,0.68,0.85,221,163.37,19
47503A,ASS FLORAL PRINT MULTI SCREWDRIVER,0.5077976190476191,0.42,1.25,2694,1226.53,163
47503H,ASS FLORAL PRINT SPIRIT LEVEL ,1.1214285714285714,0.79,1.95,95,90.13,32
47503J,SET/3 FLORAL GARDEN TOOLS IN BAG,7.95,7.95,7.95,1,7.95,1
47504H,ENGLISH ROSE SPIRIT LEVEL ,1.2373118279569892,0.79,3.29,944,855.88,93
47504K,ENGLISH ROSE GARDEN SECATEURS,1.0931284916201118,0.79,1.95,1945,1816.51,175
47518F,ICON PLACEMAT POP ART ELVIS,0.14142857142857143,0.12,0.42,827,113.64,28
47556B,TEA TIME TEA TOWELS ,2.325,2.1,2.55,2600,6045.0,2
47559B,TEA TIME OVEN GLOVE,1.2809795918367346,1.06,2.46,1971,2375.42,243
47563A,RETRO LONGBOARD IRONING BOARD COVER,1.3043478260869565,1.25,3.75,194,245.0,46
47566,PARTY BUNTING,4.874083806818182,3.74,10.79,15011,67628.43000000001,1398
47566B,TEA TIME PARTY BUNTING,4.833021806853583,0.7,4.95,864,6737.450000000001,320
47567B,TEA TIME KITCHEN APRON,5.939761904761905,4.65,12.46,577,3201.7700000000004,125
47570B,TEA TIME TABLE CLOTH,10.400769230769232,8.49,10.65,180,1642.68,26
47574A,ENGLISH ROSE SCENTED HANGING FLOWER,1.2211538461538463,0.75,4.25,420,364.0,51
47574B,ENGLISH ROSE SCENTED HANGING HEART,4.25,4.25,4.25,4,17.0,2
47578A,ENGLISH ROSE SMALL SCENTED FLOWER,0.85,0.85,0.85,192,163.2,27
47579,TEA TIME BREAKFAST BASKET,2.1,2.1,2.1,1,2.1,1
47580,TEA TIME DES TEA COSY,2.569358974358974,2.1,4.96,316,783.01,78
47585A,PINK FAIRY CAKE CUSHION COVER,3.75,3.75,3.75,102,382.5,27
47586A,PINK FAIRY CAKE CUSHION COVER,2.55,2.55,2.55,21,53.55,8
47589,CONGRATULATIONS BUNTING,5.45,5.45,5.45,13,70.85000000000001,3
47590A,BLUE HAPPY BIRTHDAY BUNTING,5.4656983240223465,4.65,10.79,1924,9981.820000000002,358
47590B,PINK HAPPY BIRTHDAY BUNTING,5.408241758241759,4.65,5.45,2257,11542.250000000002,363
47591B,SCOTTIES CHILDRENS APRON,1.65,1.65,1.65,38,62.699999999999996,10
47591D,PINK FAIRY CAKE CHILDRENS APRON,1.9739598997493735,1.65,4.13,3138,5811.66,399
47593A,CAROUSEL PONIES BABY BIB,0.5853846153846154,0.29,1.25,33,14.37,12
47593B,SCOTTIE DOGS BABY BIB,0.4895833333333333,0.39,1.25,1663,676.39,94
47594A,CAROUSEL DESIGN WASHBAG,1.95,1.95,1.95,43,83.85,31
47594B,SCOTTIES DESIGN WASHBAG,1.9499999999999997,1.95,1.95,87,169.65,33
47599A,PINK PARTY BAGS,2.0693197278911564,1.69,2.1,2403,4469.02,145
47599B,BLUE PARTY BAGS ,2.0776363636363637,1.69,2.1,1399,2619.7400000000002,110
48111,DOORMAT 3 SMILEY CATS,7.789829545454546,4.58,8.25,1102,6674.9,175
48116,DOORMAT MULTICOLOUR STRIPE,7.703496503496503,4.58,15.79,1415,8021.12,143
48129,DOORMAT TOPIARY,7.955187165775402,4.58,15.79,857,5485.31,186
48138,DOORMAT UNION FLAG,7.80047619047619,4.58,15.79,3602,23525.04,523
48173C,DOORMAT BLACK FLOCK ,7.7444,4.58,8.25,1780,9764.75,175
48184,DOORMAT ENGLISH ROSE ,7.7774651810584965,4.58,8.25,1966,13399.4,359
48185,DOORMAT FAIRY CAKE,7.903061224489796,4.58,15.79,2753,16616.89,244
48187,DOORMAT NEW ENGLAND,7.814504672897197,4.58,8.25,3694,22752.0,533
48188,DOORMAT WELCOME PUPPIES,7.910901960784313,4.58,15.79,2022,11496.2,255
48194,DOORMAT HEARTS,7.949068322981367,4.58,15.79,3265,19900.81,482
51008,AFGHAN SLIPPER SOCK PAIR,3.425,2.95,3.45,509,1656.05,20
51014A,"FEATHER PEN,HOT PINK",0.5151265822784811,0.2,0.85,3501,1697.6899999999998,158
51014C,"FEATHER PEN,COAL BLACK",0.5360869565217391,0.39,0.85,2328,1128.0,114
51014L,"FEATHER PEN,LIGHT PINK",0.5352777777777779,0.2,0.85,1840,875.4599999999999,107
51020A,SUMMER FUN DESIGN SHOWER CAP,0.5426315789473685,0.29,1.25,323,115.74999999999999,19
51020B,STRIPY DESIGN SHOWER CAP,0.65,0.29,1.25,196,70.27999999999999,16
62018,SOMBRERO ,1.8076271186440676,1.25,1.95,4402,5691.5,59
62043B,BLUE CHECK BAG W HANDLE 34X20CM,0.83,0.83,0.83,16,13.28,6
62074B,ELEPHANT CLIP W SUCTION CUP,0.42,0.42,0.42,16,6.72,4
62086A,PINK RETRO BIG FLOWER BAG,1.9499999999999997,1.95,1.95,86,167.7,13
62094B,TURQ ICE CREAM BUM BAG ,2.55,2.55,2.55,13,33.15,3
62096A,PINK/YELLOW FLOWERS HANDBAG,1.25,1.25,1.25,106,132.5,8
62096B,PURPLE/TURQ FLOWERS HANDBAG,1.25,1.25,1.25,2,2.5,1
62097B,BLUE STRIPES SHOULDER BAG,0.83,0.83,0.83,9,7.469999999999999,3
70006,LOVE HEART POCKET WARMER,1.2315,0.42,1.65,2619,1656.05,78
70007,HI TEC ALPINE HAND WARMER,1.3907272727272726,0.42,1.65,716,612.96,54
71038,WHITE HANGING BEADS CANDLE HOLDER,5.402,4.65,5.45,233,1212.25,49
71050,SMALL SINGLE FLAME CANDLE HOLDER,0.3499999999999999,0.35,0.35,33,11.549999999999999,6
71053,WHITE METAL LANTERN,3.765488721804511,3.39,8.29,1594,5753.68,259
71101E,STANDING FAIRY POLE SUPPORT ,0.8322727272727272,0.72,0.85,346,278.5,22
71143,SILVER BOOK MARK WITH BEADS,0.85,0.85,0.85,10,8.5,1
71215,METAL BASE FOR CANDLES,0.42,0.42,0.42,11,4.62,2
71270,PHOTO CLIP LINE,1.2878125,1.25,2.46,204,256.21,31
71279,PINK GLASS CANDLEHOLDER,2.9375,2.55,2.95,150,432.90000000000003,31
71403,"PINK/WHITE ""KEEP CLEAN"" BULLET BIN",2.95,2.95,2.95,53,156.35000000000002,13
71406C,BLACK ORANGE SQUEEZER,0.42000000000000004,0.42,0.42,138,57.96,21
71459,HANGING JAM JAR T-LIGHT HOLDER,0.8325319693094628,0.72,1.66,12812,9925.57,390
71477,COLOUR GLASS. STAR T-LIGHT HOLDER,3.516296296296296,2.75,6.63,5422,16597.6,294
71495A,CD WALL TIDY BLUE OFFICE,0.36,0.36,0.36,96,34.56,2
71495B,CD WALL TIDY RED FLOWERS,0.384,0.36,0.42,160,58.56,5
71496A,A4 WALL TIDY BLUE OFFICE,0.554,0.53,0.65,114,61.86000000000001,5
71496B,A4 WALL TIDY RED FLOWERS,0.56,0.53,0.65,13,7.37,4
71510,SQUARE METAL CANDLEHOLDER BASE,0.8099999999999999,0.53,0.85,52,36.519999999999996,8
72024U,LILAC VOTIVE CANDLE,0.21,0.21,0.21,72,15.120000000000001,3
72051S,BAG OF SILVER STONES,0.42000000000000004,0.42,0.42,45,18.9,5
72122,COFFEE SCENT PILLAR CANDLE,0.95,0.95,0.95,291,276.45,44
72127,COLUMBIAN CANDLE ROUND ,1.2436666666666667,1.06,1.25,168,208.1,29
72128,COLUMBIAN CANDLE ROUND,0.8372727272727273,0.64,0.85,189,145.53,33
72130,COLUMBIAN CANDLE ROUND,0.6356,0.53,0.65,215,126.79,24
72131,COLUMBIAN CANDLE RECTANGLE,1.8999999999999997,1.65,1.95,136,236.39999999999998,18
72132,COLUMBIAN CUBE CANDLE,1.95,1.95,1.95,28,54.599999999999994,12
72133,COLUMBIAN CANDLE RECTANGLE,1.25,1.25,1.25,39,48.75,13
72134,COLUMBIAN  CUBE CANDLE ,0.7424999999999999,0.42,0.85,98,47.18,8
72140E,BEST DAD CANDLE LETTERS,0.85,0.85,0.85,30,25.499999999999996,9
72225C,LAVENDER SCENT CAKE CANDLE,0.27999999999999997,0.21,0.29,600,158.64,16
72232,FENG SHUI PILLAR CANDLE,0.19,0.19,0.19,3317,630.23,65
72349B,SET/6 PURPLE BUTTERFLY T-LIGHTS,2.0823655913978496,1.69,2.1,687,1314.78,91
72351A,SET/6 TURQUOISE BUTTERFLY T-LIGHTS,2.0819117647058825,1.69,2.1,1234,2384.76,133
72351B,SET/6 PINK  BUTTERFLY T-LIGHTS,2.0718125,1.69,2.1,2055,3849.7400000000002,159
72369A,PINK CLEAR GLASS CANDLE PLATE,1.25,1.25,1.25,28,35.0,3
72586,SET OF 6 HALLOWEEN GHOST T-LIGHTS,0.42,0.42,0.42,588,246.95999999999998,38
72598,SET/12 TAPER CANDLES,0.8402325581395349,0.64,0.85,459,364.95,41
72709,IVORY SCULPTED RND CANDLE ,0.85,0.85,0.85,44,37.4,7
72741,GRAND CHOCOLATECANDLE,1.4290697674418604,1.25,1.45,5758,7722.7,257
72760B,VINTAGE CREAM 3 BASKET CAKE STAND,9.847372262773723,4.65,9.95,383,3652.6299999999997,137
72780,BLACK SILOUETTE CANDLE PLATE,0.85,0.85,0.85,137,116.44999999999999,20
72783,BLACK SIL'T SQU CANDLE PLATE ,2.1,2.1,2.1,16,33.6,2
72798C,SET/4 GARDEN ROSE DINNER CANDLE,1.6499999999999997,1.65,1.65,7,11.549999999999999,3
72799C,PINK PILLAR CANDLE SILVER FLOCK,2.23,0.79,2.95,80,123.68,18
72799E,IVORY PILLAR CANDLE SILVER FLOCK,2.5612,0.79,2.95,387,707.4900000000001,49
72799F,IVORY PILLAR CANDLE GOLD FLOCK,2.930952380952381,2.55,2.95,127,365.05,21
72800B, 4 PURPLE FLOCK DINNER CANDLES,2.312162162162162,0.79,2.55,138,265.65999999999997,36
72800C,4 PINK DINNER CANDLE SILVER FLOCK,2.2566666666666664,0.79,2.55,124,229.95999999999998,30
72800D,4 BLUE DINNER CANDLES SILVER FLOCK,2.55,2.55,2.55,85,216.74999999999997,29
72800E,4 IVORY DINNER CANDLES SILVER FLOCK,2.308989898989899,0.79,2.55,450,913.74,96
72801C,4 ROSE PINK DINNER CANDLES,1.2364285714285714,1.06,1.25,138,163.38,14
72801D,4 SKY BLUE DINNER CANDLES,1.25,1.25,1.25,58,72.5,12
72801G,4 BURGUNDY WINE DINNER CANDLES,1.25,1.25,1.25,43,53.75,11
72802A,ROSE SCENT CANDLE IN JEWELLED BOX,4.364,3.81,8.29,311,1255.55,59
72802B,OCEAN SCENT CANDLE IN JEWELLED BOX,3.90775,0.5,4.25,568,1293.44,80
72802C,VANILLA SCENT CANDLE JEWELLED BOX,3.94,0.5,4.25,869,1961.31,92
72803A,ROSE SCENT CANDLE JEWELLED DRAWER,4.160714285714286,0.5,4.25,526,705.5,42
72807A,SET/3 ROSE CANDLE IN JEWELLED BOX,4.2316666666666665,3.81,4.25,330,1363.78,71
72807B,SET/3 OCEAN SCENT CANDLE JEWEL BOX,4.2337037037037035,3.81,4.25,345,1422.25,79
72807C,SET/3 VANILLA SCENTED CANDLE IN BOX,4.2247540983606555,3.81,4.25,535,2211.27,122
72811,SMALL ZINC/GLASS CANDLEHOLDER,1.45,1.25,1.49,49,67.25,6
72812,LARGE ZINC GLASS CANDLEHOLDER,3.115,2.1,4.13,18,49.980000000000004,4
72815,3 WICK CHRISTMAS BRIAR CANDLE ,3.75,3.75,3.75,-2,-7.5,2
72816,SET/3 CHRISTMAS DECOUPAGE CANDLES,1.258125,0.95,2.46,802,811.56,32
72817,SET OF 2 CHRISTMAS DECOUPAGE CANDLE,0.9382474226804124,0.79,1.63,1024,931.4,95
72818,CHRISTMAS DECOUPAGE CANDLE,0.5984848484848485,0.39,1.63,1785,756.85,64
72819,CUPID DESIGN SCENTED CANDLES,2.188333333333333,1.25,2.55,208,436.4,30
72821,CUPID SCENTED CANDLE IN GLASS,1.65,1.65,1.65,11,18.15,4
75011,BLUE DAISY MOBILE,0.7999999999999999,0.79,0.85,172,138.76,12
75013B,"STRING OF 8 BUTTERFLIES,PINK",1.65,1.65,1.65,25,41.24999999999999,6
75049L,LARGE CIRCULAR MIRROR MOBILE,1.0866197183098592,0.85,1.25,6581,5887.849999999999,138
75131,METAL TUBE CHIME ON BAMBOO,1.5692307692307692,1.0,1.69,488,522.5600000000001,13
75172,PAINTED SEA SHELL METAL WINDCHIME,1.53,0.79,3.75,93,85.31,8
75178,ASSTD COL BUTTERFLY/CRYSTAL W/CHIME,0.9733333333333333,0.42,1.25,455,210.19,9
77079,DOLPHIN WINDMILL,2.12,2.12,2.12,1,2.12,1
77101A,UNION FLAG WINDSOCK,1.231,1.06,1.25,385,421.97,20
78033,FLAG OF ST GEORGE CHAIR,5.572222222222222,4.25,5.95,34,161.5,9
78034B,BLUE NETTING STORAGE HANGER,1.95,1.95,1.95,8,15.6,6
78124,MAGAZINE RACK GEBRA ASSORTED ,1.338235294117647,1.25,2.75,190,246.5,17
79000,MOROCCAN TEA GLASS,0.8156565656565656,0.65,0.85,3775,2735.15,99
79026B,"S/4 ICON COASTER,ELVIS LIVES",0.4855555555555556,0.39,1.25,25,10.61,9
79030D,TUMBLER BAROQUE,0.5525806451612902,0.39,1.65,455,215.24999999999997,31
79030G,TUMBLER NEW ENGLAND,0.5596153846153846,0.39,1.65,1358,607.74,52
79051A,SMOKEY GREY COLOUR D.O.F. GLASS,0.33421052631578946,0.29,0.65,783,261.63,37
79062D,"RETRO TIN ASHTRAY,REVOLUTIONARY",0.38,0.29,0.65,52,19.4,4
79063C,"RETRO PILL BOX KEY CHAIN,THE KING",0.18928571428571428,0.18,0.19,235,43.65,14
79063D,"RETRO PILL BOX , REVOLUTIONARY",0.189,0.18,0.19,188,34.72,10
79066K,RETRO MOD TRAY,0.901504424778761,0.64,1.63,727,607.93,113
79067,CORONA MEXICAN TRAY,3.7055555555555557,2.95,3.75,143,496.25,18
79071B,ENGLISH ROSE METAL WASTE BIN,2.95,2.95,2.95,20,59.0,11
79144B,PAINTED LIGHTBULB STAR+ MOON,0.41333333333333333,0.37,0.42,107,42.54,15
79144C,PAINTED LIGHTBULB RAINBOW DESIGN,0.4033333333333333,0.37,0.42,63,24.06,6
79149B,SILICON STAR BULB  BLUE,0.42,0.42,0.42,18,7.56,8
79151B,"SILICON CUBE 25W, BLUE",0.42,0.42,0.42,11,4.62,2
79157B,UBO-LIGHT TRIOBASE BLUE,0.85,0.85,0.85,4,3.4,2
79157V,UBO-LIGHT TRIOBASE PURPLE,0.85,0.85,0.85,5,4.25,3
79160,HEART SHAPE WIRELESS DOORBELL,2.062037037037037,1.69,2.1,435,775.74,51
79161A,ST GEORGE SET OF 10 PARTY LIGHTS,2.95,2.95,2.95,2,5.9,2
79163,BLACK CHAMPAGNE GLASS,0.5299999999999999,0.39,1.65,1507,616.71,36
79164,BLACK WINE GLASS,0.6900000000000001,0.39,1.65,1663,692.6700000000001,20
79190A,RETRO PLASTIC 70'S TRAY,0.42,0.42,0.42,337,141.54,35
79190B,RETRO PLASTIC POLKA TRAY,0.4172972972972973,0.32,0.42,639,238.38,37
79190D,RETRO PLASTIC DAISY TRAY,0.42,0.42,0.42,227,95.34,25
79191B,RETRO PLASTIC POLKA TRAY,0.85,0.85,0.85,142,120.69999999999999,27
79191C,RETRO PLASTIC ELEPHANT TRAY,0.8387179487179487,0.63,0.85,947,678.23,78
79191D,RETRO PLASTIC DAISY TRAY,0.85,0.85,0.85,13,11.049999999999999,8
79192A,RETRO PLASTIC 70'S TRAY,1.25,1.25,1.25,3,3.75,2
79302M,"ART LIGHTS,FUNK MONKEY",2.85,2.55,2.95,355,950.45,47
79320,FLAMINGO LIGHTS,4.95,4.95,4.95,-1,-4.95,1
79321,CHILLI LIGHTS,5.424895635673624,3.82,12.46,9566,45915.41,525
79323B,BLACK CHERRY LIGHTS,6.75,6.75,6.75,0,0.0,3
79323P,PINK CHERRY LIGHTS,6.75,6.75,6.75,-4,-27.0,3
79323W,WHITE CHERRY LIGHTS,6.75,6.75,6.75,-8,-54.0,1
79329,PINK FLOCK GLASS CANDLEHOLDER,1.015,0.38,1.65,12,12.18,2
79331,PINK FLOCK GLASS CANDLEHOLDER,0.8033333333333333,0.38,1.65,26,17.5,3
79336,LIGHT PINK FLOCK GLASS CANDLEHOLDER,0.38000000000000006,0.38,0.38,36,13.680000000000003,3
79337,BLUE FLOCK GLASS CANDLEHOLDER,0.6109090909090908,0.38,1.65,638,257.68,11
79403,FROSTED WHITE BASE ,0.85,0.85,0.85,89,75.64999999999999,11
79406,FROSTED WHITE BASE ,0.22,0.22,0.22,140,30.8,6
81950B,FLOWER BLUE CLOCK WITH SUCKER,0.29,0.29,0.29,116,33.64,8
81950V,FLOWER PURPLE CLOCK W/SUCKER,0.57,0.29,0.85,20,8.6,6
81952B,ROUND BLUE CLOCK WITH SUCKER,0.19,0.19,0.19,200,38.0,9
81952V,ROUND PURPLE CLOCK WITH SUCKER,0.19,0.19,0.19,365,69.35,24
81953B,ROUND BLUE CLOCK WITH SUCKER,0.19,0.19,0.19,11,2.09,3
81953P,ROUND ARTICULATED PINK CLOCK W/SUCK,0.19000000000000003,0.19,0.19,28,5.32,3
82001S,VINYL RECORD FRAME SILVER,3.8181818181818183,3.39,7.46,1501,5205.55,109
82011A,"BATHROOM SCALES, TROPICAL BEACH",3.75,3.75,3.75,16,60.0,10
82011B,BATHROOM SCALES RUBBER DUCKS,3.6657894736842107,2.95,3.75,41,139.35,19
82011C,BATHROOM SCALES FOOTPRINTS IN SAND,3.6700000000000004,2.95,3.75,51,172.05,20
82095,HEART BUTTONS JEWELLERY BOX,7.65,7.65,7.65,7,53.550000000000004,4
82482,WOODEN PICTURE FRAME WHITE FINISH,2.6534888888888886,1.92,5.79,8023,19363.9,894
82483,WOOD 2 DRAWER CABINET WHITE FINISH,6.698303249097473,4.95,14.13,2121,13347.87,549
82484,WOOD BLACK BOARD ANT WHITE FINISH,7.462959349593496,4.77,16.63,5889,34243.76,615
82486,WOOD S/3 CABINET ANT WHITE FINISH,8.678096054888508,6.95,16.63,2001,16881.43,580
82494L,WOODEN FRAME ANTIQUE WHITE ,2.9303365384615385,2.55,7.46,5963,16795.22,826
82551,LAUNDRY 15C METAL SIGN,1.4906976744186045,1.25,2.46,2787,4224.5199999999995,256
82552,WASHROOM METAL SIGN,1.4685472972972973,1.25,2.46,2918,4456.57,292
82567,"AIRLINE LOUNGE,METAL SIGN",2.0566442953020134,1.63,2.1,495,1007.21,149
82578,KITCHEN METAL SIGN,0.5614349775784754,0.42,1.25,1942,1080.8600000000001,221
82580,BATHROOM METAL SIGN,0.5637340153452686,0.42,1.25,5213,2889.9500000000003,388
82581,TOILET METAL SIGN,0.5541233766233766,0.42,1.25,3728,1985.97,307
82582,AREA PATROLLED METAL SIGN,2.109,1.69,4.13,4269,8508.12,378
82583,HOT BATHS METAL SIGN,2.0757960199004977,1.49,2.4,6295,12597.880000000001,393
82599,FANNY'S REST STOPMETAL SIGN,2.0952873563218395,1.69,2.1,421,879.1800000000001,85
82600,NO SINGING METAL SIGN,2.0824647887323944,1.69,2.41,5794,12021.980000000001,423
82605,OLD DOC RUSSEL METAL SIGN,2.1,2.1,2.1,14,29.400000000000002,3
82613A,"METAL SIGN,CUPCAKE SINGLE HOOK",1.25,1.25,1.25,66,82.5,14
82613B,"METAL SIGN,CUPCAKE SINGLE HOOK",1.0154347826086956,0.42,1.25,380,259.2,46
82613C,"METAL SIGN,CUPCAKE SINGLE HOOK",0.9878947368421053,0.42,1.25,340,225.8,38
82613D,METAL SIGN CUPCAKE SINGLE HOOK,0.9407843137254901,0.42,1.25,449,262.45,51
82615,PINK MARSHMALLOW SCARF KNITTING KIT,2.55,2.55,2.55,36,91.8,1
82616B,FRAPPUCINO SCARF KNITTING KIT,1.6574,1.25,2.95,298,402.58,48
82616C,MIDNIGHT GLAMOUR SCARF KNITTING KIT,1.570188679245283,1.25,2.95,274,381.77,53
84006,MAGIC TREE -PAPER FLOWERS,0.85,0.85,0.85,830,705.5,78
84012,MAGIC SHEEP WOOL GROWING FROM PAPER,1.0802083333333334,0.85,2.55,1092,1088.0,95
84016,FLAG OF ST GEORGE CAR FLAG,0.42,0.42,0.42,25,10.5,1
84029E,RED WOOLLY HOTTIE WHITE HEART.,4.055365853658537,2.95,8.29,3657,13234.810000000001,326
84029G,KNITTED UNION FLAG HOT WATER BOTTLE,4.002354740061162,3.39,7.46,2451,9255.17,323
84030E,ENGLISH ROSE HOT WATER BOTTLE,4.271921708185054,3.75,8.29,1411,5716.91,279
84031A,CHARLIE+LOLA RED HOT WATER BOTTLE ,3.9272000000000005,1.25,4.65,153,459.53000000000003,50
84031B,CHARLIE LOLA BLUE HOT WATER BOTTLE ,3.9463157894736844,1.25,4.65,72,297.14000000000004,38
84032A,CHARLIE+LOLA PINK HOT WATER BOTTLE,2.7440740740740743,0.79,3.29,419,1024.41,107
84032B,CHARLIE + LOLA RED HOT WATER BOTTLE,2.6414705882352942,0.79,3.29,585,1199.65,134
84033,FLAG OF ST GEORGE ,1.65,1.65,1.65,23,37.95,7
84050,PINK HEART SHAPE EGG FRYING PAN,1.6389320388349515,1.25,4.13,3120,4348.08,203
84051,ASS COLOUR GLOWING TIARAS,0.8416,0.64,0.85,279,211.95,24
84077,WORLD WAR 2 GLIDERS ASSTD DESIGNS,0.2920335429769392,0.11,0.63,53119,13304.49,477
84078A,SET/4 WHITE RETRO STORAGE CUBES ,38.765789473684215,34.95,39.95,322,11758.900000000001,114
84086B,YELLOW/BLUE RETRO RADIO,2.95,2.95,2.95,15,44.25,8
84086C,PINK/PURPLE RETRO RADIO,2.95,2.95,2.95,136,401.20000000000005,19
84192,ASSORTED COLOUR METAL CAT ,1.25,1.25,1.25,111,138.75,25
84199,GLOW IN DARK DOLPHINS,0.21,0.21,0.21,128,26.88,28
84201B,HAPPY BIRTHDAY CARD STRIPEY TEDDY,0.19,0.19,0.19,13,2.47,2
84201C,HAPPY BIRTHDAY CARD TEDDY/CAKE,0.19,0.19,0.19,5,0.95,1
84206A,3 BLACK CATS W HEARTS BLANK CARD,0.19000000000000003,0.19,0.19,24,4.5600000000000005,3
84206B,CAT WITH SUNGLASSES BLANK CARD,0.19,0.19,0.19,5,0.95,1
84206C,CHAMPAGNE TRAY BLANK CARD,0.19,0.19,0.19,8,1.52,2
84212,"ASSORTED FLOWER COLOUR ""LEIS""",0.61873786407767,0.42,0.65,10297,4871.45,103
84218,BOX/12 CHICK & EGG IN BASKET,1.9434999999999998,1.69,1.95,122,222.29999999999998,40
84226,HEN HOUSE W FAMILY IN BARN & NEST,0.8266666666666667,0.64,0.85,49,34.510000000000005,9
84227,HEN HOUSE W CHICK IN NEST,0.42,0.42,0.42,1,0.42,1
84228,HEN HOUSE W CHICK STANDING,0.4175,0.37,0.42,283,112.86,20
84231,EASTER BUNNY WITH BASKET ON BACK,0.65,0.65,0.65,105,68.25,18
84247E,PACK OF 12 CHRISTMAS FUN CARDS,2.95,2.95,2.95,57,168.15000000000003,25
84247G,"DECOUPAGE,GREETING CARD,",0.42,0.42,0.42,336,141.12,23
84247K,"FOLK ART GREETING CARD,pack/12",2.95,2.95,2.95,11,32.45,10
84247L,FAWN AND MUSHROOM GREETING CARD,0.42,0.42,0.42,108,45.36,8
84247N,PACK/12 BLUE FOLKART CARDS,2.95,2.95,2.95,22,64.9,18
84249A,"GREETING CARD,SQUARE, DOUGHNUTS",0.483076923076923,0.42,0.83,160,68.84,13
84251B,"GREETING CARD, STICKY GORDON",0.19,0.19,0.19,145,27.550000000000004,15
84251C,"GREETING CARD, TWO SISTERS.",0.19,0.19,0.19,24,4.5600000000000005,2
84251G,"GREETING CARD, OVERCROWDED POOL.",0.19,0.19,0.19,180,34.2,15
84279B,CHERRY BLOSSOM DECORATIVE FLASK,3.7439999999999998,3.39,3.75,172,640.68,60
84279P,CHERRY BLOSSOM  DECORATIVE FLASK,3.7358823529411764,3.39,3.75,320,1182.72,101
84306,S/3 PINK SQUARE PLANTERS ROSES,10.95,10.95,10.95,2,21.9,2
84313B,BLUE TV TRAY TABLE ,3.1884615384615387,1.95,4.25,76,175.8,13
84313C,ORANGE TV TRAY TABLE ,2.2375,1.95,4.25,461,908.15,24
84341B,SMALL PINK MAGIC CHRISTMAS TREE,0.5044117647058823,0.38,0.85,618,252.23,33
84347,ROTATING SILVER ANGELS T-LIGHT HLDR,2.5987306501547986,0.03,4.96,-1475,17255.62,308
84352,SILVER CHRISTMAS TREE BAUBLE STAND ,16.79,14.95,16.95,29,475.54999999999995,25
84356,POMPOM CURTAIN,5.645652173913043,1.95,6.95,337,1570.15,46
84358,FLOOR LAMP SHADE WOOD BASE,9.341666666666667,8.49,9.95,32,287.74,12
84360,TABLE LAMP WHITE SHADE WOOD BASE,5.797058823529412,4.65,5.95,74,388.3,17
84375,SET OF 20 KIDS COOKIE CUTTERS,2.1497149643705464,1.85,4.13,4126,8648.970000000001,418
84378,SET OF 3 HEART COOKIE CUTTERS,1.3277067669172933,1.06,2.46,5929,7629.34,525
84380,SET OF 3 BUTTERFLY COOKIE CUTTERS,1.3279411764705882,1.06,2.46,5224,6627.25,505
84387A,BIRD ON BRANCH CANVAS SCREEN,1.95,1.95,1.95,11,21.45,1
84388,WISE MAN STAR SHAPE EGG PAN,1.02,0.39,1.65,24,13.14,6
84402B,PURPLE DRESS JEWELLERY STAND,0.79,0.79,0.79,61,48.19,3
84406B,CREAM CUPID HEARTS COAT HANGER,3.8121686746987953,2.75,4.15,1875,6958.7300000000005,247
84415A,PINK FLOCK SUEDE CUSHION COVER ,1.25,1.25,1.25,12,15.0,2
84415B,BLUE FLOCK CUSHION COVER ,2.5,1.25,3.75,6,12.5,2
84422,PINK/BLUE DISC/MIRROR STRING,0.4411111111111111,0.39,0.85,503,201.69,9
84429A,MEDIUM PINK BUDDHA HEAD ,2.95,2.95,2.95,46,135.70000000000002,14
84452,METAL RABBIT LADDER EASTER ,0.85,0.85,0.85,70,59.5,17
84457,SET/3 RABBITS FLOWER SKIPPPING ROPE,0.85,0.85,0.85,119,101.14999999999999,21
84459A,PINK METAL CHICKEN HEART ,1.4777966101694915,1.25,1.49,610,816.74,56
84459B,YELLOW METAL CHICKEN HEART ,1.4821311475409835,1.25,1.49,676,938.12,60
84461,12 PINK HEN+CHICKS IN BASKET,2.55,2.55,2.55,35,89.25,15
84462,3 PINK HEN+CHICKS IN BASKET,1.25,1.25,1.25,12,15.0,6
84465,15 PINK FLUFFY CHICKS IN BOX,2.95,2.95,2.95,10,29.5,7
84466,TOP SECRET PEN SET,1.25,1.25,1.25,46,57.5,10
84497,BUTTONS AND STRIPES NOTEBOOK ,3.75,3.75,3.75,13,48.75,7
84499,BLACK FLOWER CANDLE PLATE,0.85,0.85,0.85,7,5.949999999999999,2
84507B,STRIPES DESIGN MONKEY DOLL,2.55,2.55,2.55,31,79.05,14
84507C,BLUE CIRCLES DESIGN MONKEY DOLL,2.55,2.55,2.55,56,142.79999999999998,27
84508A,CAMOUFLAGE DESIGN TEDDY,2.4124999999999996,2.1,2.55,1629,3442.9500000000003,36
84508B,STRIPES DESIGN TEDDY,2.55,2.55,2.55,50,127.49999999999999,31
84508C,BLUE CIRCLES DESIGN TEDDY,2.55,2.55,2.55,51,130.04999999999998,20
84509A,SET OF 4 ENGLISH ROSE PLACEMATS,3.805845070422535,2.95,7.46,603,2160.89,142
84509B,SET OF 4 FAIRY CAKE PLACEMATS,3.75,3.75,3.75,156,585.0,48
84509C,SET OF 4 POLKADOT PLACEMATS ,3.715217391304348,2.95,3.75,77,269.55,23
84509E,SET OF 4 CAROUSEL PLACEMATS ,2.385,0.79,3.75,70,101.06,8
84509G,SET OF 4 FAIRY CAKE PLACEMATS ,2.717391304347826,1.25,3.75,491,856.25,46
84510A,SET OF 4 ENGLISH ROSE COASTERS,1.272108843537415,1.06,2.46,1057,1288.09,145
84510C,SET OF 4 POLKADOT COASTERS,1.325625,1.25,2.46,96,122.42,32
84510E,SET OF 4 GREEN CAROUSEL COASTERS,1.018888888888889,0.21,1.25,25,26.05,9
84519A,TOMATO CHARLIE+LOLA COASTER SET,1.4506557377049178,1.25,5.79,477,739.1899999999999,61
84519B,CARROT CHARLIE+LOLA COASTER SET,1.336304347826087,1.25,5.79,425,545.99,91
84520B,PACK 20 ENGLISH ROSE PAPER NAPKINS,0.8461818181818181,0.64,0.85,481,388.69,54
84522,PINK PARTY SUNGLASSES,1.95,1.95,1.95,12,23.4,6
84527,FLAMES SUNGLASSES PINK LENSES,1.9000000000000001,1.65,1.95,47,84.44999999999999,6
84531A,PINK KNITTED EGG COSY,0.6900000000000001,0.39,1.95,140,71.75999999999999,25
84531B,BLUE KNITTED EGG COSY,0.7020000000000001,0.39,1.95,149,81.50999999999999,25
84534B,FAIRY CAKE NOTEBOOK A5 SIZE,0.85,0.85,0.85,46,39.1,5
84535A,ENGLISH ROSE NOTEBOOK A6 SIZE,0.6385,0.42,0.65,398,185.1,20
84535B,FAIRY CAKES NOTEBOOK A6 SIZE,0.6677477477477478,0.42,1.46,1177,701.24,110
84536A,ENGLISH ROSE NOTEBOOK A7 SIZE,0.4236283185840708,0.42,0.83,2697,1133.56,222
84536B,FAIRY CAKES NOTEBOOK A7 SIZE,0.43009803921568623,0.32,0.83,1636,635.18,101
84539,KNITTED RABBIT DOLL ,1.65,1.65,1.65,16,26.4,1
84548,CROCHET BEAR RED/BLUE  KEYRING,1.65,1.65,1.65,15,24.75,3
84549,CROCHET WHITE RABBIT KEYRING ,1.5833333333333333,1.45,1.65,31,46.349999999999994,3
84550,CROCHET LILAC/RED BEAR KEYRING,1.65,1.65,1.65,1,1.65,1
84551,CROCHET DOG KEYRING,1.65,1.65,1.65,1,1.65,1
84558A,3D DOG PICTURE PLAYING CARDS,2.95,2.95,2.95,290,855.5000000000001,60
84559A,3D SHEET OF DOG STICKERS,0.8685714285714285,0.85,1.63,272,231.98,42
84559B,3D SHEET OF CAT STICKERS,0.85,0.85,0.85,212,180.2,44
84562A,PINK/WHITE RIBBED MELAMINE JUG,7.95,7.95,7.95,2,15.9,2
84563A,PINK & WHITE BREAKFAST TRAY,4.021428571428571,2.95,5.95,59,198.05,14
84563B,BLUE & WHITE BREAKFAST TRAY,3.2357142857142858,2.95,5.95,69,209.55,21
84568,GIRLS ALPHABET IRON ON PATCHES ,0.20304347826086958,0.17,0.21,11040,2088.0,23
84569A,PACK 3 IRON ON DOG PATCHES,1.2965384615384616,1.25,2.46,191,239.96,26
84569B,PACK 3 FIRE ENGINE/CAR PATCHES,1.25,1.25,1.25,75,93.75,11
84569C,PACK 4 FLOWER/BUTTERFLY PATCHES,1.25,1.25,1.25,1,1.25,1
84569D,PACK 6 HEART/ICE-CREAM PATCHES,1.2855882352941177,1.25,2.46,268,337.42,34
84575A,PINK DOG CANNISTER,4.35,1.95,5.95,13,33.35,5
84576,BLUE CAT BISCUIT BARREL PINK HEART,1.9500000000000002,1.95,1.95,57,111.14999999999999,9
84580,MOUSE TOY WITH PINK T-SHIRT,3.765573770491803,3.75,4.13,334,1256.3,120
84581,DOG TOY WITH PINK CROCHET SKIRT,3.7608571428571427,3.75,4.13,164,615.76,70
84584,PINK GINGHAM CAT WITH SCARF,2.55,2.55,2.55,83,211.64999999999998,18
84592,CROCHET ROSE PURSE WITH SUEDE BACK,2.95,2.95,2.95,70,206.50000000000003,17
84593,CROCHET ROSE DES CLOTHES HANGER,2.95,2.95,2.95,5,14.750000000000002,1
84595E,LARGE TORTILLA DESIGN RED BOWL,2.1166666666666667,1.65,3.75,64,109.79999999999998,9
84596B,SMALL DOLLY MIX DESIGN ORANGE BOWL,0.48341463414634145,0.42,1.25,4420,2033.47,362
84596E,SMALL LICORICE DES PINK BOWL,0.7702857142857144,0.42,1.25,391,252.63,35
84596F,SMALL MARSHMALLOWS PINK BOWL,0.4971140939597315,0.42,1.25,3269,1546.53,289
84596G,SMALL CHOCOLATES PINK BOWL,0.4859375,0.42,1.25,1660,774.18,158
84596J,MIXED NUTS LIGHT GREEN BOWL,0.5122222222222222,0.42,1.25,469,205.28,27
84596L,BISCUITS SMALL BOWL LIGHT BLUE,0.48303797468354426,0.42,1.25,1038,440.94,79
84597B,RETRO BROWN BALL ASHTRAY ,1.25,1.25,1.25,41,51.25,5
84597C,RETRO PINK BALL ASHTRAY ,1.25,1.25,1.25,46,57.5,13
84598,BOYS ALPHABET IRON ON PATCHES,0.21,0.21,0.21,960,201.6,6
84600,NEW BAROQUE JEWELLERY BOX ,7.854761904761905,6.95,7.95,47,359.65000000000003,21
84609,TALL ROCOCO CANDLE HOLDER,8.36111111111111,7.25,8.5,88,703.0,18
84613A,PINK NEW BAROQUE FLOCK CANDLESTICK,4.65,4.65,4.65,6,27.900000000000002,3
84613C,BLUE NEW BAROQUE FLOCK CANDLESTICK,4.65,4.65,4.65,1,4.65,1
84614A,PINK BAROQUE FLOCK CANDLE HOLDER,5.95,5.95,5.95,2,11.9,1
84616,SILVER ROCCOCO CHANDELIER,29.95,29.95,29.95,8,239.6,8
84617,NEW BAROQUE BLACK BOXES,12.75,12.75,12.75,3,38.25,3
84620,BLUE GINGHAM ROSE CUSHION COVER,5.95,5.95,5.95,2,11.9,1
84625A,PINK NEW BAROQUECANDLESTICK CANDLE,1.4863636363636366,0.85,2.95,435,447.45,33
84625C,BLUE NEW BAROQUE CANDLESTICK CANDLE,1.4227272727272728,0.85,2.95,390,436.5,33
84629,WHITE 3 FRAME BIRDS AND TREE ,9.586363636363636,4.95,21.95,19,145.05,11
84631,FRUIT TREE AND BIRDS WALL PLAQUE,7.95,7.95,7.95,13,103.35000000000001,11
84632,DECORATIVE HANGING SHELVING UNIT,59.95000000000001,59.95,59.95,5,299.75,6
84637,KITCHEN FLOWER POTS WALL PLAQUE,5.950000000000001,5.95,5.95,29,172.55,13
84638,SMALL KITCHEN FLOWER POTS PLAQUE,6.95,6.95,6.95,19,132.05,12
84658,WHITE STITCHED CUSHION COVER,7.028823529411765,6.95,8.29,44,308.48,16
84659A,WHITE TRAVEL ALARM CLOCK,2.4730434782608692,1.23,2.55,133,311.76,23
84660A,WHITE STITCHED WALL CLOCK,1.4155263157894737,0.79,7.46,835,757.36,38
84660B,BLACK STITCHED WALL CLOCK,1.3410344827586207,0.79,3.75,695,684.65,29
84660C,PINK STITCHED WALL CLOCK,1.0018518518518518,0.79,3.75,639,590.57,27
84661A,WHITE SQUARE TABLE CLOCK,2.129090909090909,0.79,4.96,94,132.99,11
84661B,BLACK SQUARE TABLE CLOCK,2.5658333333333334,0.79,4.96,95,225.48999999999998,12
84661C,PINK SQUARE TABLE CLOCK,1.494,0.79,2.55,62,70.10000000000001,5
84663A,GRASS HOPPER WOODEN WALL CLOCK ,2.162857142857143,0.79,5.95,255,314.93,28
84665,SQUARE CHERRY BLOSSOM CABINET,5.95,5.95,5.95,85,505.75,20
84666,SQUARE CHERRY BLOSSOM CABINET,3.95,3.95,3.95,24,94.80000000000001,4
84673A,PINK FLY SWAT,0.6500000000000001,0.65,0.65,63,40.95,25
84673B,BLUE FLY SWAT,0.86,0.65,1.63,135,114.21000000000001,42
84674,FLYING PIG WATERING CAN,2.8285714285714287,1.25,2.95,182,414.50000000000006,41
84675,FROG KING WATERING CAN,2.95,2.95,2.95,9,26.55,2
84678,CLASSICAL ROSE SMALL VASE,2.1166666666666667,1.25,2.55,135,222.04999999999998,12
84679,CLASSICAL ROSE TABLE LAMP,11.95,3.95,19.95,6,55.7,2
84683,CLASSICAL ROSE CANDLESTAND,0.9928571428571429,0.65,1.25,187,147.35000000000002,7
84685,BEACH HUT KEY CABINET,3.75,3.75,3.75,20,75.0,10
84686,BEACH HUT MIRROR,2.9525,0.79,4.25,49,66.39,8
84687,BEACH HUT SHELF W 3 DRAWERS,5.732608695652174,4.95,5.95,66,352.7,23
84688,BEACH HUT DESIGN BLACKBOARD,4.25,4.25,4.25,21,89.25,10
84689,S/2 BEACH HUT TREASURE CHESTS,3.975,2.0,5.95,3,9.95,2
84691,PACK 20 DOLLY PEGS,0.7525,0.72,0.85,242,174.5,4
84692,BOX OF 24 COCKTAIL PARASOLS,0.4309139784946236,0.32,0.83,6797,2806.05,366
84705C,PINK FLOCK PHOTO FRAME ,1.25,1.25,1.25,12,15.0,1
84706D,CHERRY BLOSSOM TABLE CLOCK ,4.283333333333333,1.95,8.95,6,25.7,3
84706F,RED PEONY TABLE CLOCK,2.95,2.95,2.95,16,47.2,10
84707A,SILVER JEWELLED MIRROR TRINKET TRAY,9.5512,1.95,19.96,66,440.73999999999995,25
84707B,PINK JEWELLED MIRROR TRINKET TRAY,8.873846153846154,1.95,19.96,29,178.56,13
84708B,PINK JEWELLED PHOTO FRAME ,4.8500000000000005,4.25,4.95,53,256.75,14
84709B,PINK OVAL JEWELLED MIRROR,5.95,5.95,5.95,20,119.0,11
84711A,SILVER OVAL SHAPE TRINKET BOX,9.95,9.95,9.95,14,139.29999999999998,7
84711B,PINK OVAL SHAPE TRINKET BOX,9.95,9.95,9.95,15,149.25,8
84712B,PINK JEWELLED PHOTO FRAME,7.805454545454546,6.36,7.95,19,147.87,11
84715,SET OF 6 ICE CREAM SKITTLES,2.9500000000000006,2.95,2.95,16,47.2,3
84723,CHERRY BLOSSOM CANVAS ART PICTURE,3.9499999999999997,1.95,7.95,41,97.95,6
84725,FREESTYLE CANVAS ART PICTURE,1.2444444444444445,0.75,4.25,41,39.65,18
84731,3 BIRDS CANVAS SCREEN,1.02,0.39,1.65,2,2.04,2
84732B,CUTE BIRD CEATURE SCREEN,0.39,0.39,0.39,22,8.58,2
84732D,CUTE RABBIT CEATURE SCREEN ,0.39,0.39,0.39,11,4.29,2
84741C,CITRUS GARLAND FELT FLOWERS ,1.95,1.95,1.95,60,117.0,14
84743C,ORANGE FELT VASE + FLOWERS,1.25,1.25,1.25,1,1.25,1
84744,S/6 SEW ON CROCHET FLOWERS,1.25,1.25,1.25,108,135.0,18
84745A,PINK HANGING GINGHAM EASTER HEN,0.42000000000000004,0.42,0.42,32,13.44,5
84745B,BLUE HANGING GINGHAM EASTER HEN,0.42000000000000004,0.42,0.42,32,13.44,5
84746,PINK EASTER HENS+FLOWER,3.75,3.75,3.75,3,11.25,1
84748,FOLK FELT HANGING MULTICOL GARLAND,3.75,3.75,3.75,24,90.0,8
84750A,PINK SMALL GLASS CAKE STAND,1.95,1.95,1.95,-3,-5.85,3
84750B,BLACK SMALL GLASS CAKE STAND,1.1099999999999999,0.39,1.95,60,54.6,13
84751B,BLACK MEDIUM GLASS CAKE STAND,1.7766666666666666,0.79,3.75,16,36.32,9
84754,S/15 SILVER GLASS BAUBLES IN BAG,1.235,1.06,1.25,358,433.82000000000005,37
84755,COLOUR GLASS T-LIGHT HOLDER HANGING,0.6484103512014788,0.55,1.24,15498,9524.26,540
84760S,SMALL HANGING GLASS+ZINC LANTERN,1.45,1.45,1.45,43,62.349999999999994,8
84763,ZINC FINISH 15CM PLANTER POTS,1.2422448979591836,1.06,1.25,573,679.01,49
84766,SILVER ROCOCO CANDLE STICK,3.361764705882353,1.95,5.95,131,303.45,17
84773,RED ROSE AND LACE C/COVER,2.95,2.95,2.95,3,8.850000000000001,1
84789,ENCHANTED BIRD PLANT CAGE,3.6383720930232557,2.95,3.75,180,595.8000000000001,43
84792,ENCHANTED BIRD COATHANGER 5 HOOK,4.6615816326530615,3.81,9.13,745,3355.8500000000004,194
84795B,SUNSET CHECK HAMMOCK,7.8,6.95,7.95,167,1249.65,40
84795C,OCEAN STRIPE HAMMOCK ,7.95,7.95,7.95,2,15.9,1
84796A,PINK HAWAIIAN PICNIC HAMPER FOR 2,12.75,12.75,12.75,14,178.5,10
84796B,BLUE SAVANNAH PICNIC HAMPER FOR 2,12.43235294117647,10.95,12.75,69,793.3499999999999,17
84798A,PINK FOXGLOVE ARTIIFCIAL FLOWER,2.55,2.55,2.55,2,5.099999999999998,4
84798B,PURPLE FOXGLOVE ARTIIFCIAL FLOWER,2.55,2.55,2.55,7,17.849999999999998,2
84799,SPRIG LAVENDER ARTIFICIAL FLOWER,0.9481818181818181,0.42,1.25,160,120.32,11
84800L,LARGE WHITE/PINK ROSE ART FLOWER,1.9143478260869566,1.69,2.12,336,598.8000000000001,23
84800M,MEDIUM WHITE/PINK ROSE ART FLOWER,1.55,1.27,1.69,124,169.24,12
84800S,SMALL WHITE/PINK ROSE ART FLOWER,1.2120000000000002,1.06,1.25,105,117.57000000000001,10
84801A,PINK HYDRANGEA ART FLOWER,2.1,2.1,2.1,46,96.60000000000001,5
84801B,WHITE HYDRANGEA ART FLOWER,2.1,2.1,2.1,22,46.2,3
84802A,WHITE ANEMONE ARTIFICIAL FLOWER,1.69,1.69,1.69,2,3.38,1
84802B,PURPLE ANEMONE ARTIFICIAL FLOWER,1.69,1.69,1.69,4,6.76,1
84803B,WHITE ALLIUM  ARTIFICIAL FLOWER,1.6900000000000002,1.69,1.69,15,25.35,3
84804A,CREAM DELPHINIUM ARTIFICIAL FLOWER,2.68,0.79,2.95,70,180.58,8
84804B,BLUE DELPHINIUM ARTIFICIAL FLOWER,2.23,0.79,2.95,99,188.37000000000003,6
84805A,CREAM CLIMBING HYDRANGA ART FLOWER,2.0833333333333335,1.25,3.75,30,52.5,3
84805B,BLUE CLIMBING HYDRANGA ART FLOWER,2.0833333333333335,1.25,3.75,38,52.5,3
84806A,PINK CANDYSTUFT ARTIFICIAL FLOWER,1.0645454545454545,0.39,1.45,137,96.88999999999999,11
84806B,WHITE CANDYSTUFT ARTIFICIAL FLOWER,1.3836842105263158,0.39,1.45,296,394.15999999999997,19
84809A,WHITE CHRYSANTHEMUMS ART FLOWER,2.1,2.1,2.1,38,79.80000000000001,5
84809B,PINK CHRYSANTHEMUMS ART FLOWER,2.1,2.1,2.1,18,37.800000000000004,1
84813,SET OF 4 DIAMOND NAPKIN RINGS,9.124347826086957,2.95,24.96,144,1143.02,23
84816,DANISH ROSE BEDSIDE CABINET,39.95,39.95,39.95,7,279.65000000000003,15
84817,DANISH ROSE DECORATIVE PLATE,1.499516129032258,0.39,2.1,914,632.94,61
84818,DANISH ROSE PHOTO FRAME,1.36188679245283,0.79,2.55,1328,1359.36,106
84819,DANISH ROSE ROUND SEWING BOX,2.283125,0.79,4.25,807,934.79,64
84820,DANISH ROSE TRINKET TRAYS,3.9425,0.79,5.95,255,459.25,32
84821,DANISH ROSE DELUXE COASTER,0.62,0.19,0.85,923,396.95,41
84823,DANISH ROSE FOLDING CHAIR,7.95,7.95,7.95,112,890.4000000000001,25
84824,DANISH ROSE UMBRELLA STAND,15.95,15.95,15.95,2,31.9,2
84826,ASSTD DESIGN 3D PAPER STICKERS,0.5578787878787879,0.19,0.85,1099,335.83,31
84827,ASS DES PHONE SPONGE CRAFT STICKER,0.465,0.09,0.65,509,153.09,14
84828,JUNGLE POPSICLES ICE LOLLY MOULDS,1.3103508771929824,1.06,2.46,926,1157.41,112
84832,ZINC WILLIE WINKIE  CANDLE STICK,0.8723437500000001,0.72,1.63,2594,2165.9,189
84836,ZINC METAL HEART DECORATION,1.2554918032786884,1.06,2.46,5715,7056.18,478
84839,SWEETHEART KEY CABINET,5.55,5.55,5.55,-1,-5.55,1
84840,SWEETHEART CARRY-ALL BASKET,8.5,8.5,8.5,1,8.5,4
84842,HELLO SAILOR BATHROOM SET,3.75,3.75,3.75,14,52.5,9
84843,WHITE SOAP RACK WITH 2 BOTTLES,5.859302325581396,4.65,5.95,160,858.4000000000001,42
84846A,SCENTED CANDLE IN DIGITALIS TIN,2.1,2.1,2.1,52,109.20000000000002,10
84847,FLORAL BATHROOM SET,3.75,3.75,3.75,20,75.0,11
84849A,HELLO SAILOR BLUE SOAP HOLDER,1.69,1.69,1.69,139,234.91000000000003,32
84849B,FAIRY SOAP SOAP HOLDER,1.69,1.69,1.69,231,390.39,58
84849D,HOT BATHS SOAP HOLDER,1.69,1.69,1.69,457,772.33,104
84854,GIRLY PINK TOOL SET,4.95,4.95,4.95,5,24.75,1
84856S,SMALL TAHITI BEACH BAG,3.81,3.81,3.81,-1,-3.81,1
84857B,BLUE MONTE CARLO HANDBAG,1.95,1.95,1.95,22,42.9,2
84857C,PINK MONTE CARLO HANDBAG,2.677777777777778,1.95,8.5,94,196.39999999999998,9
84858C,PINK RIVIERA HANDBAG,4.07,1.25,5.95,185,250.05,5
84859A,SILVER DISCO HANDBAG,2.2196774193548388,1.95,5.95,123,248.20999999999998,30
84859B,BLUE DISCO HANDBAG,2.168,1.95,4.13,30,60.68,10
84859C,PINK DISCO HANDBAG,2.348095238095238,1.95,5.95,83,176.39,21
84865,NEW BAROQUE BLACK PHOTO ALBUM,5.9772727272727275,2.95,8.5,24,109.65,11
84870B,BLUE GEISHA GIRL ,3.75,3.75,3.75,20,75.0,10
84870C,GREEN GEISHA GIRL ,3.75,3.75,3.75,20,75.0,10
84872A,TEATIME FUNKY FLOWER BACKPACK FOR 2,16.95,16.95,16.95,3,50.849999999999994,3
84873A,FUNKY FLOWER PICNIC BAG FOR 4,16.95,16.95,16.95,2,33.9,2
84874B,BLUE TRAVEL FIRST AID KIT,1.65,1.65,1.65,34,56.1,7
84875B,GREEN SQUARE COMPACT MIRROR,1.5833333333333333,1.25,3.75,125,168.75,15
84875D,BLUE SQUARE COMPACT MIRROR,1.25,1.25,1.25,51,63.75,8
84876B,GREEN HEART COMPACT MIRROR,1.25,1.25,1.25,201,251.25,20
84876D,BLUE HEART COMPACT MIRROR,2.2916666666666665,1.25,3.75,124,187.5,12
84877A,PINK ROUND COMPACT MIRROR,1.25,1.25,1.25,12,15.0,1
84877B,GREEN ROUND COMPACT MIRROR,1.25,1.25,1.25,126,157.5,9
84877D,BLUE ROUND COMPACT MIRROR,1.7045454545454546,1.25,3.75,87,121.25,11
84879,ASSORTED COLOUR BIRD ORNAMENT,1.6807758007117437,1.45,1.69,35215,56331.909999999996,1385
84880,WHITE WIRE EGG HOLDER,7.038235294117648,4.95,7.5,292,1826.0500000000002,67
84881,BLUE WIRE SPIRAL CANDLE HOLDER,6.349999999999999,6.35,6.35,10,63.5,6
84882,GREEN WIRE STANDING CANDLE HOLDER,3.75,3.75,3.75,34,127.5,15
84884A,ANT WHITE WIRE HEART SPIRAL,4.026923076923077,1.95,8.29,285,1072.71,65
84898F,YELLOW FLOWERS FELT HANDBAG KIT,2.1,2.1,2.1,45,94.50000000000001,18
84905,PINK BUTTERFLY CUSHION COVER ,4.95,4.95,4.95,12,59.400000000000006,2
84906,PINK B'FLY C/COVER W BOBBLES,4.131818181818182,1.95,5.95,27,96.65,11
84907,PINK YELLOW PATCH CUSHION COVER,7.650000000000001,7.65,7.65,5,38.25,3
84910A,PINK PAISLEY CUSHION COVER ,5.95,5.95,5.95,10,59.5,6
84912A,PINK ROSE WASHBAG,3.75,3.75,3.75,103,386.25,38
84912B,GREEN ROSE WASHBAG,3.75,3.75,3.75,148,555.0,46
84913A,SOFT PINK ROSE TOWEL ,4.65,4.65,4.65,37,172.05,10
84913B,MINT GREEN ROSE TOWEL,4.65,4.65,4.65,70,325.5,20
84915,HAND TOWEL PINK FLOWER AND DAISY,2.89,1.25,5.95,199,281.95,11
84916,HAND TOWEL PALE BLUE W FLOWERS,3.8055555555555554,1.25,5.95,212,407.4,18
84917,WHITE HAND TOWEL WITH BUTTERFLY,3.2642857142857147,1.25,5.95,170,400.5,14
84919,BLUE CUSHION COVER WITH FLOWER,6.95,6.95,6.95,29,201.55,9
84920,PINK FLOWER FABRIC PONY,3.75,3.75,3.75,71,266.25,26
84921,CREAM AND PINK FLOWERS PONY ,3.75,3.75,3.75,11,41.25,5
84922,PINK BUTTERFLY WASHBAG,4.25,4.25,4.25,8,34.0,5
84924A,WAKE UP COCKEREL CALENDAR SIGN ,4.059166666666667,3.75,7.46,72,281.13,24
84924F,PSYCHEDELIC METAL SIGN CALENDAR,0.79,0.79,0.79,10,7.9,3
84925D,LA PALMIERA WALL THERMOMETER,2.55,2.55,2.55,15,38.25,10
84925F,PSYCHEDELIC WALL THERMOMETER,1.9214285714285713,0.79,2.55,79,109.92999999999999,14
84926A,WAKE UP COCKEREL TILE COASTER,0.47580645161290325,0.29,1.25,597,198.08999999999997,31
84926D,LA PALMIERA TILE COASTER,0.6515624999999999,0.29,2.46,705,266.64,31
84926E,FLOWERS TILE COASTER,0.44054054054054054,0.29,2.46,966,322.88,37
84926F,PSYCHEDELIC TILE COASTER,0.8833333333333333,0.29,2.46,399,171.04,24
84927A,WAKE UP COCKEREL TILE HOOK,1.4160000000000001,0.39,2.1,45,53.46,15
84927D,LA PALMIERA TILE HOOK,0.96,0.39,2.1,42,35.190000000000005,12
84927E,FLOWERS TILE HOOK,1.573846153846154,0.39,2.1,55,67.62,12
84927F,PSYCHEDELIC TILE HOOK,0.7876744186046513,0.39,2.1,290,164.4,41
84929,ASSTD FRUIT+FLOWERS FRIDGE MAGNETS,0.2841538461538462,0.19,0.55,2225,535.07,65
84931A,PINK SCOTTIE DOG W FLOWER PATTERN,2.55,2.55,2.55,82,209.1,22
84931B,BLUE SCOTTIE DOG W FLOWER PATTERN,2.55,2.55,2.55,128,326.4,26
84944,SET OF 6 KASHMIR FOLKART BAUBLES,2.141891891891892,1.65,4.25,505,919.05,73
84945,MULTI COLOUR SILVER T-LIGHT HOLDER,0.8536474164133737,0.72,1.8,10165,8172.55,324
84946,ANTIQUE SILVER T-LIGHT GLASS,1.2372919605077575,1.06,2.46,16101,18820.21,704
84947,ANTIQUE SILVER TEA GLASS ENGRAVED,1.2451877133105802,1.06,2.46,8187,9233.550000000001,288
84949,SILVER HANGING T-LIGHT HOLDER,1.6297909407665505,1.45,1.65,4390,6761.099999999999,285
84950,ASSORTED COLOUR T-LIGHT HOLDER,0.6741304347826087,0.55,1.38,3339,1977.0700000000002,91
84951A,SET OF 4 PISTACHIO LOVEBIRD COASTER,0.9970588235294118,0.79,2.55,338,295.31,34
84951B,SET OF 4 BLACK LOVEBIRD COASTERS,1.0784375,0.79,2.55,334,318.44,31
84952A,CLEAR LOVE BIRD T-LIGHT HOLDER,4.368333333333333,3.75,7.46,38,146.21,6
84952B,BLACK LOVE BIRD T-LIGHT HOLDER,3.3007142857142857,1.25,7.46,142,236.21,14
84952C,MIRROR LOVE BIRD T-LIGHT HOLDER,3.0,1.25,3.75,140,225.0,9
84963A,PINK PAINTED KASHMIRI CHAIR,42.95,42.95,42.95,4,171.8,1
84963B,BLUE PAINTED KASHMIRI CHAIR,49.95,49.95,49.95,3,149.85000000000002,1
84968A,SET OF 16 VINTAGE ROSE CUTLERY,12.680769230769231,10.95,12.75,137,1660.35,51
84968B,SET OF 16 VINTAGE IVORY CUTLERY,12.75,12.75,12.75,2,25.5,2
84968C,SET OF 16 VINTAGE PISTACHIO CUTLERY,12.75,12.75,12.75,90,1147.5,50
84968D,SET OF 16 VINTAGE RED CUTLERY,13.513125,12.75,24.96,61,802.17,32
84968E,SET OF 16 VINTAGE BLACK CUTLERY,13.141363636363637,10.95,24.96,87,1035.06,22
84968F,SET OF 16 VINTAGE SKY BLUE CUTLERY,12.69,10.95,12.75,78,951.3,30
84969,BOX OF 6 ASSORTED COLOUR TEASPOONS,4.3988,3.29,8.29,293,1259.49,75
84970L,SINGLE HEART ZINC T-LIGHT HOLDER,1.027248520710059,0.79,2.08,5687,5652.129999999999,337
84970S,HANGING HEART ZINC T-LIGHT HOLDER,0.8680143540669856,0.64,2.08,8419,6788.29,418
84971S,SMALL HEART FLOWERS HOOK ,0.8574137931034482,0.39,1.63,1653,1364.6499999999999,115
84974,S/2 ZINC HEART DESIGN PLANTERS,9.95,9.95,9.95,39,388.04999999999995,28
84975,HEART SHAPED MIRROR,1.69,1.69,1.69,5,8.45,2
84976,RECTANGULAR SHAPED MIRROR,0.9867741935483871,0.79,3.29,488,409.62,31
84978,HANGING HEART JAR T-LIGHT HOLDER,1.226161449752883,1.06,2.46,10786,12444.380000000001,602
84984A,GREEN PEONY CUSHION COVER,4.65,4.65,4.65,19,88.35000000000001,6
84984B,RED PEONY CUSHION COVER ,4.65,4.65,4.65,17,79.05000000000001,5
84984D,ORIENTAL RED CUSHION COVER ,4.65,4.65,4.65,13,60.45,4
84985A,SET OF 72 GREEN PAPER DOILIES,1.45,1.45,1.45,36,52.199999999999996,19
84987,SET OF 36 TEATIME PAPER DOILIES,1.4632098765432098,1.25,2.92,2911,4054.0299999999997,243
84988,SET OF 72 PINK HEART PAPER DOILIES,1.4691935483870968,1.25,2.92,3940,5546.379999999999,309
84989A,75 GREEN FAIRY CAKE CASES,0.55,0.55,0.55,27,14.850000000000001,17
84990,60 GOLD AND SILVER FAIRY CAKE CASES,0.55,0.55,0.55,2,1.1,2
84991,60 TEATIME FAIRY CAKE CASES,0.5481885125184095,0.4,1.25,17514,8522.12,664
84992,72 SWEETHEART FAIRY CAKE CASES,0.5558188824662814,0.4,1.25,12899,6190.21,505
84993A,75 GREEN PETIT FOUR CASES,0.42,0.42,0.42,305,128.1,33
84993B,75 BLACK PETIT FOUR CASES,0.42,0.42,0.42,57,23.94,17
84997A,CHILDRENS CUTLERY POLKADOT GREEN ,4.078354430379747,3.39,8.29,2512,9568.34,237
84997B,CHILDRENS CUTLERY RETROSPOT RED ,4.041531531531532,3.39,8.29,4001,15031.31,329
84997C,CHILDRENS CUTLERY POLKADOT BLUE,4.018903225806452,3.39,4.15,3687,14017.69,310
84997D,CHILDRENS CUTLERY POLKADOT PINK,4.083023255813954,3.39,8.29,4891,18689.95,427
85006,SET 4 NURSERY DES ROUND BOXES,1.55,0.85,2.95,55,57.25,9
85008,SET OF 3 CONEY ISLAND OVAL BOXES,4.457142857142857,1.5,4.95,12,55.95,7
85014A,BLACK/BLUE POLKADOT UMBRELLA,6.096186770428016,4.95,12.46,1126,6326.290000000001,257
85014B,RED RETROSPOT UMBRELLA,6.092918032786886,4.95,12.46,1839,10205.820000000002,305
85015,SET OF 12  VINTAGE POSTCARD SET,1.0183185840707965,0.65,2.55,2128,1590.1200000000001,113
85016,SET OF 6 VINTAGE NOTELETS KIT,1.7139999999999997,0.65,2.55,522,459.0,25
85017A,ENVELOPE 50 ROMANTIC IMAGES,0.85,0.85,0.85,6,5.1,2
85017B,ENVELOPE 50 BLOSSOM IMAGES,0.5044736842105263,0.42,1.25,935,481.34999999999997,75
85017C,ENVELOPE 50 CURIOUS IMAGES,0.6154545454545454,0.42,0.85,49,26.17,10
85018D,YULETIDE IMAGES S/6 PAPER BOXES,2.55,2.55,2.55,12,30.599999999999998,7
85019A,ROMANTIC IMAGES NOTEBOOK SET,1.7857142857142858,1.25,4.25,409,547.25,28
85019B,BLOSSOM  IMAGES NOTEBOOK SET,1.37,1.25,4.25,498,640.5,25
85019C,CURIOUS  IMAGES NOTEBOOK SET,2.6136363636363638,1.25,4.25,169,211.25,11
85020,ROUND PINK HEART MIRROR,2.1,2.1,2.1,78,163.8,16
85023B,EAU DE NILE JEWELLED PHOTOFRAME,2.4857142857142853,2.1,2.55,31,79.05,14
85023C,PINK LARGE JEWELED PHOTOFRAME,2.55,2.55,2.55,-1,-2.55,1
85024B,EAU DE NILE JEWELLED PHOTOFRAME,1.633333333333333,1.45,1.65,193,289.65,12
85024C,PINK SMALL JEWELLED PHOTOFRAME,1.65,1.65,1.65,11,18.15,10
85025B,EAU DE NILE HEART SHAPE PHOTO FRAME,1.6409090909090909,1.45,1.65,302,469.49999999999994,22
85025C,PINK HEART SHAPE PHOTO FRAME,1.6433333333333333,1.45,1.65,306,474.69999999999993,29
85026B,EAU DE NILE JEWELLED T-LIGHT HOLDER,0.85,0.85,0.85,75,63.75,9
85027L,FRENCH CHATEAU LARGE PLATTER ,2.8973684210526316,1.95,7.95,65,150.75,19
85028L,FRENCH CHATEAU LARGE FRUIT BOWL ,1.95,1.95,1.95,10,19.5,4
85028S,FRENCH CHATEAU SMALL FRUITBOWL,2.025,1.95,2.55,24,51.599999999999994,8
85030,FRENCH CHATEAU OVAL PLATTER,1.95,1.95,1.95,15,29.25,6
85031A,ROMANTIC IMAGES SCRAP BOOK SET,3.892857142857143,1.25,4.95,16,45.9,7
85031B,BLOSSOM IMAGES SCRAP BOOK SET,4.95,4.95,4.95,1,4.95,1
85031C,CURIOUS IMAGES SCRAP BOOK SET,4.95,4.95,4.95,3,14.850000000000001,1
85032A,ROMANTIC IMAGES GIFT WRAP SET,0.7708333333333334,0.65,2.1,737,679.1500000000001,96
85032B,BLOSSOM IMAGES GIFT WRAP SET,0.7591397849462367,0.65,2.1,739,655.8000000000001,93
85032C,CURIOUS IMAGES GIFT WRAP SET,0.7848837209302325,0.65,2.1,583,557.3000000000001,85
85032D,YULETIDE IMAGES GIFT WRAP SET,0.8675,0.65,2.1,618,459.70000000000005,59
85034A,3 GARDENIA MORRIS BOXED CANDLES,2.329473684210526,1.25,8.29,482,819.54,70
85034B,3 WHITE CHOC MORRIS BOXED CANDLES,2.0891304347826085,1.25,8.29,880,1357.44,90
85034C,3 ROSE MORRIS BOXED CANDLES,1.8214685314685313,1.25,8.29,1048,1482.64,136
85035A,GARDENIA 3 WICK MORRIS BOXED CANDLE,3.367402597402598,1.25,8.29,254,651.54,74
85035B,CHOCOLATE 3 WICK MORRIS BOX CANDLE,2.5755813953488373,1.25,4.25,557,816.25,43
85035C,ROSE 3 WICK MORRIS BOX CANDLE,2.2063963963963964,1.25,8.29,1090,1592.7,107
85036A,GARDENIA 1 WICK MORRIS BOXED CANDLE,3.4633333333333334,1.25,8.29,198,629.78,53
85036B,CHOCOLATE 1 WICK MORRIS BOX CANDLE,2.129302325581395,0.5,4.25,346,528.08,43
85036C,ROSE 1 WICK MORRIS BOXED CANDLE,2.3284146341463416,0.5,8.29,533,781.27,79
85038,6 CHOCOLATE LOVE HEART T-LIGHTS,2.1428947368421056,1.69,4.13,1014,1985.8600000000001,110
85039A,SET/4 RED MINI ROSE CANDLE IN BOWL,1.59825,0.42,1.65,443,583.2499999999999,40
85039B,S/4 IVORY MINI ROSE CANDLE IN BOWL,1.6151923076923076,0.42,1.65,491,669.91,51
85039C,S/4 BLACK MINI ROSE CANDLE IN BOWL,1.3599999999999999,0.42,1.65,221,128.29,13
85040A,S/4 PINK FLOWER CANDLES IN BOWL,1.7083941605839414,1.45,3.29,789,1318.4899999999998,132
85040B,SET/4 BLUE FLOWER CANDLES IN BOWL,1.65,1.65,1.65,131,216.14999999999998,37
85042,ANTIQUE LILY FAIRY LIGHTS,4.95,4.95,4.95,-3,-14.850000000000001,2
85045,GREEN CHRISTMAS TREE STRING 20LIGHT,4.886363636363637,4.25,4.95,37,166.35,11
85047,WHITE BEADED GARLAND STRING 20LIGHT,6.1499999999999995,5.55,6.35,0,0.8000000000000007,4
85048,15CM CHRISTMAS GLASS BALL 20 LIGHTS,7.765126050420169,6.95,7.95,1225,9066.75,236
85049A,TRADITIONAL CHRISTMAS RIBBONS,1.2923897058823528,1.06,2.46,2891,3587.8,267
85049B,LUSH GREENS RIBBONS,1.25,1.25,1.25,54,67.5,13
85049C,ROMANTIC PINKS RIBBONS ,1.2548571428571427,1.06,2.46,1196,1468.85,205
85049D,BRIGHT BLUES RIBBONS ,1.25,1.25,1.25,537,671.25,102
85049E,SCANDINAVIAN REDS RIBBONS,1.2917784256559766,1.06,2.46,2726,3473.45,337
85049F,BABY BOOM RIBBONS ,1.25,1.25,1.25,374,467.5,85
85049G,CHOCOLATE BOX RIBBONS ,1.273723849372385,1.06,2.46,1559,1900.08,229
85049H,URBAN BLACK RIBBONS ,1.194078947368421,0.83,2.46,447,519.22,73
85053,FRENCH ENAMEL CANDLEHOLDER,2.128809523809524,1.69,4.13,1513,3030.36,247
85054,FRENCH ENAMEL POT W LID,2.7715384615384617,1.25,5.79,545,1219.01,90
85055,FRENCH ENAMEL UTENSIL HOLDER,3.6700000000000004,2.95,3.75,37,122.75,10
85059,FRENCH ENAMEL WATER BASIN,3.3379268292682926,1.25,7.46,282,748.71,81
85061W,WHITE JEWELLED HEART DECORATION,0.8561538461538462,0.64,1.63,1961,1588.55,110
85062,PEARL CRYSTAL PUMPKIN T-LIGHT HLDR,1.6665925925925924,1.45,2.46,1364,2208.2699999999995,134
85063,CREAM SWEETHEART MAGAZINE RACK,15.95,14.95,16.95,-3,-46.849999999999994,2
85064,CREAM SWEETHEART LETTER RACK,5.323200000000001,3.88,5.45,203,856.75,25
85065,CREAM SWEETHEART TRAYS,12.75,12.75,12.75,-1,-12.75,1
85066,CREAM SWEETHEART MINI CHEST,12.618336842105263,1.8,24.96,1655,20000.12,470
85067,CREAM SWEETHEART WALL CABINET,18.55,16.95,18.95,7,126.64999999999999,5
85068,CREAM SWEETHEART SHELF + HOOKS,7.95,7.95,7.95,-1,-7.95,1
85071A,BLUE CHARLIE+LOLA PERSONAL DOORSIGN,0.7711702127659575,0.38,2.95,824,64.40000000000002,92
85071B,RED CHARLIE+LOLA PERSONAL DOORSIGN,0.655377358490566,0.38,2.95,1243,612.45,104
85071C,"CHARLIE+LOLA""EXTREMELY BUSY"" SIGN",0.7483561643835616,0.38,4.96,607,313.78,72
85071D,CHARLIE+LOLA MY ROOM DOOR SIGN,0.6845454545454546,0.39,2.55,362,205.98,64
85078,SCANDINAVIAN 3 HEARTS NAPKIN RING,0.2989230769230769,0.19,1.63,1746,376.50000000000006,65
85084,HOLLY TOP CHRISTMAS STOCKING,0.85,0.85,0.85,17,14.45,6
85086A,CANDY SPOT HEART DECORATION,0.85,0.85,0.85,45,38.25,8
85087,CANDY SPOT CUSHION COVER,2.9925,2.95,3.29,39,116.41000000000001,8
85088,CANDY SPOT HAND BAG,2.265909090909091,1.69,4.13,186,381.07000000000005,21
85089,CANDY SPOT BUNNY,2.95,2.95,2.95,13,38.35,5
85092,CANDY SPOT TEA COSY,2.3,1.25,3.35,27,40.05,2
85093,CANDY SPOT EGG WARMER HARE,0.5947619047619048,0.39,1.25,451,227.49,20
85094,CANDY SPOT EGG WARMER RABBIT,0.29600000000000004,0.19,1.25,501,122.75000000000001,30
85095,THREE CANVAS LUGGAGE TAGS,2.356,1.65,4.13,66,128.26,10
85096,HILDA CANDY SPOT RABBIT,3.75,3.75,3.75,20,75.0,11
85098B,BLUE FLYING SINGING CANARY,3.75,3.75,3.75,-1,-3.75,1
85099B,JUMBO BAG RED RETROSPOT,2.0131404460518385,1.65,4.13,44963,83056.52,1643
85099C,JUMBO  BAG BAROQUE BLACK WHITE,2.010179104477612,1.65,2.08,12490,23119.7,663
85099F,JUMBO BAG STRAWBERRY,2.0040508221225712,1.65,4.13,16521,30120.83,667
85103,SILVER T-LIGHT SETTING,6.292857142857143,5.95,6.75,54,325.3,7
85104,SILVER GLASS T-LIGHT SET,3.0753333333333335,1.25,5.79,193,493.63,15
85106,CUT GLASS HEXAGON T-LIGHT HOLDER,2.4544444444444444,1.69,2.55,528,912.9599999999999,9
85107,CUT GLASS T-LIGHT HOLDER OCTAGON,2.4225925925925926,1.69,2.55,241,511.35,25
85109,PINK BOUDOIR T-LIGHT HOLDER,0.85,0.85,0.85,12,10.2,1
85111,SILVER GLITTER FLOWER VOTIVE HOLDER,0.30846153846153845,0.29,1.25,1395,416.07,51
85114A,BLACK ENCHANTED FOREST PLACEMAT,1.630952380952381,1.45,1.65,585,893.25,42
85114B,IVORY ENCHANTED FOREST PLACEMAT,1.6423076923076922,1.45,1.65,391,621.15,52
85114C,RED ENCHANTED FOREST PLACEMAT,1.6436507936507936,1.45,1.65,457,730.05,60
85116,BLACK CANDELABRA T-LIGHT HOLDER,1.275,0.65,2.1,664,639.8000000000001,39
85118,HEART T-LIGHT HOLDER,1.1412499999999999,0.38,1.25,129,119.49000000000001,8
85123A,WHITE HANGING HEART T-LIGHT HOLDER,2.8910266343825666,2.4,5.79,34185,93923.15,2020
85124B,BLUE JUICY FRUIT PHOTO FRAME,2.55,2.55,2.55,76,193.79999999999998,30
85124C,GREEN JUICY FRUIT PHOTO FRAME,2.55,2.55,2.55,84,214.2,31
85125,SMALL ROUND CUT GLASS CANDLESTICK,4.794444444444444,4.25,4.95,127,574.75,18
85126,LARGE ROUND CUTGLASS CANDLESTICK,6.75,6.75,6.75,-1,-6.75,1
85127,SMALL SQUARE CUT GLASS CANDLESTICK,4.95,4.95,4.95,75,371.25,20
85129B,BEADED CRYSTAL HEART GREEN SMALL,1.389375,1.06,2.46,101,124.11,16
85129C,BEADED CRYSTAL HEART BLUE SMALL,1.5525,1.25,2.46,77,99.88,12
85129D,BEADED CRYSTAL HEART PINK SMALL,1.4991176470588234,1.25,2.46,165,240.13,34
85130A,BEADED PEARL HEART WHITE LARGE,1.65,1.65,1.65,77,127.04999999999998,10
85130B,BEADED CRYSTAL HEART GREEN LARGE,0.9564,0.79,3.29,816,707.7,50
85130C,BEADED CRYSTAL HEART BLUE  LARGE,0.9268181818181819,0.79,1.65,478,424.06,43
85130D,BEADED CRYSTAL HEART PINK LARGE,1.1207692307692307,0.79,1.65,552,526.38,51
85131A,BEADED PEARL HEART WHITE ON STICK,1.1839285714285714,0.42,1.25,456,450.9,28
85131B,BEADED CRYSTAL HEART GREEN ON STICK,0.8946153846153846,0.83,1.25,142,120.38,13
85131C,BEADED CRYSTAL HEART BLUE ON STICK,1.0036363636363637,0.83,1.25,73,78.71,11
85131D,BEADED CRYSTAL HEART PINK ON STICK,1.005,0.83,1.25,115,113.09,12
85132A,CHARLIE + LOLA BISCUITS TINS,2.8556603773584905,1.95,9.95,451,959.4499999999999,53
85132B,CHARLIE AND LOLA TABLE TINS,2.75,1.95,9.95,513,1048.35,60
85132C,CHARLIE AND LOLA FIGURES TINS,2.316412213740458,1.95,9.95,1399,2808.0499999999997,130
85135A,YELLOW DRAGONFLY HELICOPTER,7.95,7.95,7.95,15,119.25,6
85135B,BLUE DRAGONFLY HELICOPTER,7.949999999999999,7.95,7.95,46,365.7,35
85135C,RED DRAGONFLY HELICOPTER,7.95,7.95,7.95,77,612.15,50
85136A,YELLOW SHARK HELICOPTER,7.95,7.95,7.95,50,397.5,37
85136B,BLUE SHARK HELICOPTER,7.95,7.95,7.95,2,15.9,2
85136C,RED SHARK HELICOPTER,7.95,7.95,7.95,35,278.25,25
85141,JARDIN ETCHED GLASS FRUITBOWL,5.6865853658536585,3.95,10.75,110,571.1,41
85144,JARDIN ETCHED GLASS CHEESE DISH,3.9690476190476187,1.95,7.25,220,582.7,41
85145,JARDIN ETCHED GLASS LARGE BELL JAR,5.303846153846154,3.95,12.75,37,163.75,13
85146,JARDIN ETCHED GLASS SMALL BELL JAR,3.6166666666666663,1.95,5.95,43,147.85000000000002,8
85150,LADIES & GENTLEMEN METAL SIGN,2.5131451612903226,1.69,2.55,3893,8684.28,371
85152,HAND OVER THE CHOCOLATE   SIGN ,2.1010252100840336,1.49,5.0,8064,15349.29,593
85159A,"BLACK TEA,COFFEE,SUGAR JARS",2.057843137254902,1.25,6.35,411,697.05,51
85159B,"WHITE TEA,COFFEE,SUGAR JARS",2.1516666666666664,1.25,6.35,584,1047.96,72
85160B,BLACK BIRD GARDEN DESIGN MUG,0.44058823529411767,0.39,1.25,103,45.33,16
85161,ACRYLIC GEOMETRIC LAMP,18.727777777777774,16.95,18.95,12,221.39999999999998,9
85163A,WHITE BAROQUE WALL CLOCK ,11.572222222222223,3.95,12.75,45,349.95,18
85163B,BLACK BAROQUE WALL CLOCK ,11.336666666666668,3.95,12.75,43,320.85,15
85167B,BLACK GRAND BAROQUE PHOTO FRAME,3.392857142857143,1.25,4.25,48,93.0,7
85168B,BLACK BAROQUE CARRIAGE CLOCK,9.06142857142857,8.29,9.95,17,149.67,7
85169A,IVORY LOVE BIRD CANDLE,1.1691836734693877,0.42,2.46,502,496.72,48
85169B,BLACK LOVE BIRD CANDLE,1.1504,0.42,1.25,201,191.49,25
85169C,EAU DE NIL LOVE BIRD CANDLE,1.1833333333333333,0.42,1.25,336,353.72,21
85169D,PINK LOVE BIRD CANDLE,1.1659090909090908,0.42,1.25,232,236.48000000000002,22
85170A,SET/6 IVORY BIRD T-LIGHT CANDLES,2.1,2.1,2.1,1,2.1,1
85170B,SET/6 BLACK BIRD T-LIGHT CANDLES,1.8395833333333333,0.85,2.1,178,193.8,24
85170C,SET/6 EAU DE NIL BIRD T-LIGHTS,1.9544827586206897,0.85,4.13,252,366.23,29
85170D,SET/6 PINK BIRD T-LIGHT CANDLES,2.169811320754717,0.85,4.13,350,489.21000000000004,53
85172,HYACINTH BULB T-LIGHT CANDLES,0.42,0.42,0.42,1216,510.71999999999997,41
85173,SET/6 FROG PRINCE T-LIGHT CANDLES,2.1745098039215685,0.79,4.96,429,615.7199999999999,50
85174,S/4 CACTI CANDLES,5.027317073170732,1.95,10.79,491,1956.67,82
85175,CACTI T-LIGHT CANDLES,0.41947761194029853,0.36,0.83,5087,2024.06,134
85176,SEWING SUSAN 21 NEEDLE SET,0.9218421052631579,0.85,1.63,625,541.39,76
85177,BASKET OF FLOWERS SEWING KIT,0.8813953488372093,0.64,1.63,773,598.91,43
85178,VICTORIAN SEWING KIT,1.261826923076923,0.85,2.46,2081,2318.09,103
85179A,GREEN BITTY LIGHT CHAIN,2.9770588235294118,1.25,9.13,119,188.31,17
85179C,PINK BITTY LIGHT CHAIN,1.7357142857142858,1.25,4.65,69,89.65,7
85180A,RED HEARTS LIGHT CHAIN ,3.0930769230769233,1.25,9.13,428,816.44,38
85180B,PINK HEARTS LIGHT CHAIN ,3.354761904761905,1.25,4.65,196,381.0,21
85183A,CHARLIE & LOLA WASTEPAPER BIN BLUE,1.326470588235294,0.75,3.75,655,803.25,83
85183B,CHARLIE & LOLA WASTEPAPER BIN FLORA,1.4042056074766356,0.75,3.75,977,1228.25,106
85184C,S/4 VALENTINE DECOUPAGE HEART BOX,2.5513138686131387,1.25,5.79,1519,2466.63,136
85185B,PINK HORSE SOCK PUPPET,2.9373015873015875,2.55,2.95,281,809.7500000000001,60
85185D,FROG SOCK PUPPET,2.95,2.95,2.95,15,44.25000000000001,8
85186A,EASTER BUNNY GARLAND OF FLOWERS,0.42,0.42,0.42,477,200.34,37
85186C,BUNNY EGG GARLAND,0.42,0.42,0.42,393,165.06,34
85187,S/12 MINI RABBIT EASTER,1.6433333333333333,1.45,1.65,324,515.4,58
85188A,GREEN METAL SWINGING BUNNY,0.85,0.85,0.85,299,254.14999999999998,35
85188B,PINK METAL SWINGING BUNNY,0.85,0.85,0.85,75,63.74999999999999,8
85189,HANGING BUTTERFLY  EGG,0.85,0.85,0.85,9,7.6499999999999995,3
85194L,HANGING SPRING FLOWER EGG LARGE,0.8477966101694915,0.72,0.85,872,722.4799999999999,59
85194S,HANGING SPRING FLOWER EGG SMALL,0.4675862068965517,0.19,0.65,1134,429.36,58
85195,HANGING HEART BASKET,2.1,2.1,2.1,11,23.1,3
85197,SET OF 12 MINI BUNNIES IN A BUCKET,2.1,2.1,2.1,32,67.2,18
85198,ASSORTED FARMYARD ANIMALS IN BUCKET,0.815,0.64,0.85,86,68.06,6
85199L,LARGE HANGING IVORY & RED WOOD BIRD,0.6482089552238806,0.53,0.65,912,589.9200000000001,67
85199S,SMALL HANGING IVORY/RED WOOD BIRD,0.44236363636363635,0.42,0.83,2203,933.05,158
85200,BUNNY EGG BOX,1.25,1.25,1.25,183,228.75,26
85202,HANGING WOOD AND FELT HEART,0.42,0.42,0.42,296,124.32,39
85203,HANGING WOOD AND FELT BUTTERFLY ,0.41888888888888887,0.36,0.42,569,237.54,49
85204,HANGING WOOD AND FELT FLOWER,0.1868181818181818,0.12,0.42,1870,248.76,43
85205B,PINK FELT EASTER RABBIT GARLAND,2.55,2.55,2.55,116,295.8,24
85206A,CREAM FELT EASTER EGG BASKET,1.6423076923076922,1.45,1.65,914,1446.8999999999999,103
85206B,PINK FELT EASTER EGG BASKET,1.65,1.65,1.65,14,23.099999999999998,4
85208,SET/12 FUNKY FELT FLOWER PEG IN BAG,2.0829166666666667,1.69,2.1,160,296.64000000000004,24
85211,S/4 GROOVY CAT MAGNETS,1.21,0.79,1.65,140,150.34,18
85212,MINI PAINTED GARDEN DECORATION ,0.3677142857142857,0.21,0.85,2427,702.4699999999999,70
85213,MINI  ZINC GARDEN DECORATIONS ,0.5364,0.29,0.85,808,297.03999999999996,25
85214,TUB 24 PINK FLOWER PEGS,1.6500000000000001,1.65,1.65,103,169.95,43
85215,ASSORTED CHEESE FRIDGE MAGNETS,0.65,0.65,0.65,163,105.95000000000002,8
85216,ASSORTED CAKES FRIDGE MAGNETS,0.65,0.65,0.65,55,35.75,8
85224,ASSORTED COLOUR SILK GLASSES CASE,2.1,2.1,2.1,3,6.300000000000001,1
85225,BLING KEY RING STAND,1.0833333333333333,1.0,1.25,6,6.25,3
85227,SET OF 6 3D KIT CARDS FOR KIDS,0.8744370860927152,0.64,1.63,1311,1097.73,147
85230A,OPIUM SCENTED VOTIVE CANDLE,0.2633333333333333,0.21,0.29,840,203.27999999999997,18
85230B,CINNAMON SCENTED VOTIVE CANDLE,0.27736842105263154,0.21,0.29,1264,326.23999999999995,38
85230E,STRAWBRY SCENTED VOTIVE CANDLE,0.26666666666666666,0.21,0.29,1101,267.45,24
85230F,JASMINE VOTIVE CANDLE,0.27666666666666667,0.21,0.29,338,90.33999999999999,12
85230G,ORANGE VOTIVE CANDLE,0.2715384615384615,0.21,0.29,984,243.11999999999998,26
85231B,CINAMMON SET OF 9 T-LIGHTS,0.8894642857142856,0.72,1.63,787,662.7099999999999,109
85231G,ORANGE SCENTED SET/9 T-LIGHTS,0.8576470588235294,0.72,1.63,563,462.95,67
85232A,SET/3 POLKADOT STACKING TINS,4.923076923076923,4.25,4.95,71,334.65000000000003,26
85232B,SET OF 3 BABUSHKA STACKING TINS,4.856666666666667,4.25,4.95,12,63.59999999999991,15
85232D,SET/3 DECOUPAGE STACKING TINS,4.924074074074075,4.25,4.95,171,812.85,54
90000A,RASPBERRY ANT COPPER FLOWER NECKLAC,5.95,5.95,5.95,11,65.45,6
90000B,MIDNIGHT BLUE COPPER FLOWER NECKLAC,5.95,5.95,5.95,3,17.85,2
90000D,COPPER/OLIVE GREEN FLOWER NECKLACE,5.95,5.95,5.95,6,35.7,4
90001A,ANTIQUE RASPBERRY FLOWER EARRINGS,4.25,4.25,4.25,2,8.5,1
90001B,ANTIQUE MID BLUE FLOWER EARRINGS,4.25,4.25,4.25,4,17.0,2
90001C,ANTIQUE OPAL WHITE FLOWER EARRINGS,4.25,4.25,4.25,2,8.5,2
90001D,ANTIQUE OLIVE GREEN FLOWER EARRINGS,4.25,4.25,4.25,5,21.25,3
90002D,FLOWER BURST SILVER RING CRYSTAL,3.75,3.75,3.75,10,37.5,6
90003B,ROSE COLOUR PAIR HEART HAIR SLIDES,3.75,3.75,3.75,2,7.5,4
90003C,MIDNIGHT BLUE PAIR HEART HAIR SLIDE,3.75,3.75,3.75,8,30.0,6
90003D,CRYSTAL PAIR HEART HAIR SLIDES,3.75,3.75,3.75,14,52.5,8
90003E,GREEN PAIR HEART HAIR SLIDES,3.75,3.75,3.75,4,15.0,3
90010A,MIDNIGHT BLUE GLASS/SILVER BRACELET,8.95,8.95,8.95,7,62.64999999999999,5
90010B,BLACK/WHITE GLASS/SILVER BRACELET,8.95,8.95,8.95,7,62.64999999999999,3
90010E,AMBER GLASS/SILVER BRACELET,8.95,8.95,8.95,10,89.5,7
90011A,MIDNIGHT BLUE CRYSTAL DROP EARRINGS,2.95,2.95,2.95,1,2.95,1
90011B,BLACK CRYSTAL DROP EARRINGS,2.95,2.95,2.95,7,20.650000000000002,2
90012A,MIDNIGHT BLUE DROP CRYSTAL NECKLACE,2.95,2.95,2.95,8,23.6,2
90012B,BLACK DROP CRYSTAL NECKLACE,2.95,2.95,2.95,12,35.400000000000006,2
90013A,MIDNIGHT BLUE VINTAGE EARRINGS,3.75,3.75,3.75,8,30.0,4
90013C,GREEN VINTAGE EARRINGS ,3.75,3.75,3.75,11,41.25,4
90014A,SILVER/MOP ORBIT NECKLACE,7.85,2.95,9.95,16,103.19999999999999,10
90014B,GOLD M PEARL  ORBIT NECKLACE,8.2,2.95,9.95,10,85.5,8
90014C,SILVER/BLACK ORBIT NECKLACE,7.616666666666666,2.95,9.95,4,32.8,3
90016A,SILVER/M.O.P PENDANT ORBIT NECKLACE,7.4375,4.25,8.5,14,80.75,4
90016B,GOLD/M.O.P PENDANT ORBIT NECKLACE,8.5,8.5,8.5,9,76.5,8
90018A,SILVER M.O.P ORBIT DROP EARRINGS,4.25,4.25,4.25,16,68.0,10
90018B,GOLD M.O.P ORBIT DROP EARRINGS,4.25,4.25,4.25,8,34.0,5
90018C,SILVER BLACK ORBIT DROP EARRINGS,4.25,4.25,4.25,5,21.25,4
90019A,SILVER M.O.P ORBIT BRACELET,4.95,4.95,4.95,18,89.10000000000001,9
90019B,GOLD M.O.P ORBIT BRACELET,4.95,4.95,4.95,2,9.9,2
90019C,SILVER BLACK ORBIT BRACELET,4.95,4.95,4.95,4,19.8,3
90021,LASER CUT MULTI STRAND NECKLACE,11.95,11.95,11.95,1,11.95,1
90022,EDWARDIAN DROP EARRINGS JET BLACK,3.75,3.75,3.75,4,15.0,5
90023,FILIGREE DIAMANTE EARRINGS,4.25,4.25,4.25,8,34.0,4
90024B,NEW BAROQUE B'FLY NECKLACE RED,8.5,8.5,8.5,2,17.0,3
90024C,NEW BAROQUE B'FLY NECKLACE GREEN,8.5,8.5,8.5,2,17.0,1
90024D,NEW BAROQUE B'FLY NECKLACE PINK,8.5,8.5,8.5,1,8.5,1
90024F,NEW BAROQUE B'FLY NECKLACE CRYSTAL,8.5,8.5,8.5,2,17.0,1
90025A,BAROQUE BUTTERFLY EARRINGS BLACK,3.75,3.75,3.75,2,7.5,2
90025F,BAROQUE BUTTERFLY EARRINGS CRYSTAL,3.75,3.75,3.75,1,3.75,1
90026A,GLASS BEAD HOOP NECKLACE BLACK,8.5,8.5,8.5,2,17.0,1
90026B,GLASS BEAD HOOP NECKLACE MONTANA,8.5,8.5,8.5,2,17.0,2
90026C,GLASS BEAD HOOP NECKLACE GREEN,8.5,8.5,8.5,3,25.5,2
90026D,GLASS BEAD HOOP NECKLACE AMETHYST,8.5,8.5,8.5,3,25.5,3
90027A,GLASS BEAD HOOP EARRINGS BLACK,2.95,2.95,2.95,4,11.8,1
90027D,GLASS BEAD HOOP EARRINGS AMETHYST,2.95,2.95,2.95,4,11.8,1
90028,NEW BAROQUE LARGE NECKLACE BLK/WHIT,8.5,8.5,8.5,2,17.0,1
90029,NEW BAROQUE SMALL NECKLACE BLACK,8.5,8.5,8.5,3,25.5,2
90030A,SPOTTED WHITE NATURAL SEED NECKLACE,1.0,1.0,1.0,72,72.0,7
90030B,RED KUKUI COCONUT SEED NECKLACE,1.3299999999999998,1.0,5.95,112,131.8,15
90030C,BROWN KUKUI COCONUT SEED NECKLACE,1.0,1.0,1.0,74,74.0,8
90031,BILI NUT AND WOOD NECKLACE,1.0,1.0,1.0,48,48.0,5
90032,IVORY SHELL HEART NECKLACE,5.73,3.13,6.25,19,90.67,6
90033,IVORY SHELL HEART EARRINGS,2.55,2.55,2.55,2,5.1,1
90035A,"PEARL & SHELL 42""NECKL. GREEN",10.75,10.75,10.75,4,43.0,2
90035C,"PEARL & SHELL 42""NECKL. IVORY",10.75,10.75,10.75,2,21.5,1
90036A,FLOWER GARLAND NECKLACE RED,7.95,7.95,7.95,6,47.7,4
90036B,"FLOWER GLASS GARLAND NECKL.36""GREEN",7.95,7.95,7.95,4,31.8,2
90036C,"FLOWER GLASS GARLAND NECKL.36""BLUE",7.95,7.95,7.95,6,47.7,2
90036D,"FLOWER GLASS GARLAND NECKL.36""BLACK",7.95,7.95,7.95,11,87.45,4
90036E,"FLOWER GLASS GARLD NECKL36""AMETHYST",7.95,7.95,7.95,7,55.650000000000006,5
90036F,"FLOWER GLASS GARLD NECKL36""TURQUOIS",7.95,7.95,7.95,4,31.8,1
90037B,TINY CRYSTAL BRACELET GREEN,2.55,2.55,2.55,6,15.299999999999999,1
90038A,GLASS AND PAINTED BEADS BRACELET TO,3.75,3.75,3.75,6,22.5,1
90038B,GLASS AND PAINTED BEADS BRACELET OL,3.75,3.75,3.75,6,22.5,1
90038C,GLASS AND BEADS BRACELET IVORY,3.75,3.75,3.75,6,22.5,1
90039A,FIRE POLISHED GLASS BRACELET RED,3.75,3.75,3.75,6,22.5,1
90039B,FIRE POLISHED GLASS BRACELET MONTAN,3.75,3.75,3.75,6,22.5,1
90039C,FIRE POLISHED GLASS BRACELET BLACK,3.75,3.75,3.75,1,3.75,1
90039D,FIRE POLISHED GLASS BRACELET GREEN,3.75,3.75,3.75,14,52.5,2
90040A,MURANO STYLE GLASS BRACELET RED,3.5,3.5,3.5,6,21.0,2
90040B,MURANO STYLE GLASS BRACELET BLACK,3.5,3.5,3.5,4,14.0,2
90040C,MURANO STYLE GLASS BRACELET GOLD,3.5,3.5,3.5,7,24.5,3
90041,PEARL AND CHERRY QUARTZ BRACLET,3.5,3.5,3.5,2,7.0,1
90042A,FRESHWATER PEARL BRACELET GOLD,2.55,2.55,2.55,3,7.6499999999999995,2
90043,COPPER AND BRASS BAG CHARM,7.455,4.95,9.96,4,24.810000000000002,2
90046,WHITE WITH METAL BAG CHARM,4.95,4.95,4.95,3,14.850000000000001,1
90048,GREEN WITH METAL BAG CHARM,4.95,4.95,4.95,3,14.850000000000001,1
90049,IVORY GOLD METAL BAG CHARM,8.290000000000001,4.95,9.96,5,34.77,3
90050,CRACKED GLAZE NECKLACE IVORY,6.95,6.95,6.95,4,27.800000000000004,3
90051,CRACKED GLAZE NECKLACE RED,6.95,6.95,6.95,6,41.7,3
90054,CRACKED GLAZE EARRINGS RED,2.55,2.55,2.55,1,2.55,1
90055,CRACKED GLAZE EARRINGS BROWN,2.55,2.55,2.55,1,2.55,1
90057,DIAMANTE RING ASSORTED IN BOX.,1.3472727272727274,1.25,3.39,1008,1311.3600000000001,22
90058A,CRYSTAL STUD EARRINGS CLEAR DISPLAY,0.38,0.38,0.38,288,109.44,8
90058B,CRYSTAL STUD EARRINGS ASSORTED COL ,0.38,0.38,0.38,576,218.88,16
90059A,DIAMANTE HAIR GRIP PACK/2 CRYSTAL,1.65,1.65,1.65,0,0.0,2
90059B,DIAMANTE HAIR GRIP PACK/2 BLACK DIA,1.65,1.65,1.65,3,4.950000000000001,4
90059C,DIAMANTE HAIR GRIP PACK/2 MONTANA,1.65,1.65,1.65,2,3.3000000000000003,4
90059D,DIAMANTE HAIR GRIP PACK/2 PERIDOT,1.65,1.65,1.65,0,0.0,2
90059E,DIAMANTE HAIR GRIP PACK/2 RUBY,1.65,1.65,1.65,4,6.6,4
90059F,DIAMANTE HAIR GRIP PACK/2 LT ROSE,1.65,1.65,1.65,3,4.950000000000001,4
90060B,FIRE POLISHED GLASS NECKL GOLD,5.95,5.95,5.95,1,5.95,1
90060D,FIRE POLISHED GLASS NECKL BRONZE,5.95,5.95,5.95,3,17.85,3
90062,CARNIVAL BRACELET,12.75,12.75,12.75,19,242.25,7
90063A,WHITE VINT ART DECO CRYSTAL NECKLAC,8.5,8.5,8.5,11,93.5,7
90063B,BLACK VINT ART DEC CRYSTAL NECKLACE,8.5,8.5,8.5,8,68.0,5
90064A,WHITE VINTAGE CRYSTAL EARRINGS,3.75,3.75,3.75,7,26.25,3
90064B,BLACK VINTAGE  CRYSTAL EARRINGS,3.75,3.75,3.75,10,37.5,7
90065A,WHITE VINTAGE CRYSTAL BRACELET,6.75,6.75,6.75,6,40.5,3
90065B,BLACK VINT ART DEC CRYSTAL BRACELET,6.75,6.75,6.75,1,6.75,1
90067A,PINK VINTAGE VICTORIAN EARRINGS,2.9500000000000006,2.95,2.95,10,29.500000000000004,3
90069,RUBY GLASS CLUSTER NECKLACE,7.5,7.5,7.5,2,15.0,1
90070,RUBY GLASS CLUSTER BRACELET,5.95,5.95,5.95,5,29.75,4
90071,RUBY GLASS CLUSTER EARRINGS,1.25,1.25,1.25,1,1.25,1
90072,RUBY DROP CHANDELIER EARRINGS,3.75,3.75,3.75,10,37.5,3
90073,VINTAGE ENAMEL & CRYSTAL EARRINGS,4.95,4.95,4.95,13,64.35000000000001,4
90074,BLACK DIAMOND CLUSTER NECKLACE,8.95,8.95,8.95,2,17.9,1
90076,MONTANA DIAMOND CLUSTER EARRINGS,2.55,2.55,2.55,5,12.75,2
90078,PINK/WHITE GLASS DEMI CHOKER,7.5,7.5,7.5,2,15.0,1
90079,VINTAGE ENAMEL & CRYSTAL NECKLACE,4.95,4.95,4.95,5,24.75,2
90081A,LILY BROOCH AMETHYST COLOUR,4.95,4.95,4.95,15,74.25,8
90081C,LILY BROOCH OLIVE COLOUR,4.95,4.95,4.95,11,54.45,6
90082A,DIAMANTE BOW BROOCH GREEN COLOUR,6.35,6.35,6.35,21,133.35,10
90082B,DIAMANTE BOW BROOCH RED COLOUR,6.35,6.35,6.35,25,158.75,10
90082D,DIAMANTE BOW BROOCH BLACK COLOUR,6.35,6.35,6.35,7,44.449999999999996,4
90083,CRYSTAL CZECH CROSS PHONE CHARM,1.27,0.19,1.63,19,13.69,4
90084,PINK CRYSTAL GUITAR PHONE CHARM,0.85,0.85,0.85,1,0.85,1
90085,CRYSTAL STILETTO PHONE CHARM,0.85,0.85,0.85,24,20.4,2
90086,CRYSTAL FROG PHONE CHARM,1.2863636363636362,0.19,1.63,85,49.93,11
90087,CRYSTAL SEA HORSE PHONE CHARM,1.1724999999999999,0.19,1.63,90,33.66,8
90089,PINK CRYSTAL SKULL PHONE CHARM,0.19,0.19,0.19,13,2.47,2
90093,CLEAR CRYSTAL STAR PHONE CHARM,0.89,0.19,1.63,47,20.39,6
90094,NECKLACE+BRACELET SET FRUIT SALAD ,2.55,2.55,2.55,13,33.15,12
90096,NECKLACE+BRACELET SET BLUE BLOSSOM,2.55,2.55,2.55,8,20.4,3
90098,NECKLACE+BRACELET PINK BUTTERFLY,2.55,2.55,2.55,22,56.099999999999994,10
90099,NECKLACE+BRACELET SET BLUE HIBISCUS,2.55,2.55,2.55,20,51.0,13
90100,NECKLACE+BRACELET SET PINK DAISY,2.55,2.55,2.55,1,2.55,1
90101,WHITE FRANGIPANI NECKLACE,2.55,2.55,2.55,9,22.95,5
90102,WHITE FRANGIPANI HAIR CLIP,0.85,0.85,0.85,10,8.5,1
90103,PURPLE FRANGIPANI NECKLACE,2.55,2.55,2.55,8,20.4,2
90104,PURPLE FRANGIPANI HAIRCLIP,0.85,0.85,0.85,1,0.85,1
90108,BLUE BLOSSOM HAIR CLIP,1.05,1.05,1.05,54,56.7,7
90114,SUMMER DAISIES BAG CHARM,2.55,2.55,2.55,66,168.29999999999998,11
90116,FRUIT SALAD BAG CHARM,1.6900000000000002,1.69,1.69,16,27.04,3
90118,PINK DAISY BAG CHARM,2.55,2.55,2.55,0,0.0,2
90119,METALIC LEAVES BAG CHARMS,2.472,2.46,2.55,59,145.76999999999998,15
90120B,BLUE MURANO TWIST BRACELET,4.25,4.25,4.25,20,85.0,5
90120C,GREEN MURANO TWIST BRACELET,4.25,4.25,4.25,31,131.75,7
90120D,WHITE MURANO TWIST BRACELET,4.25,4.25,4.25,2,8.5,2
90122A,PINK CRYSTAL+GLASS BRACELET,4.95,4.95,4.95,8,39.6,3
90122B,JADE CRYSTAL+GLASS BRACELET,4.95,4.95,4.95,1,4.95,1
90122C,TURQUOISE CRYSTAL+GLASS BRACELET,4.95,4.95,4.95,17,84.15,5
90123A,PINK HEART OF GLASS BRACELET,5.95,5.95,5.95,14,83.3,8
90123B,TURQUOISE HEART OF GLASS BRACELET,5.95,5.95,5.95,8,47.6,4
90123C,GREEN HEART OF GLASS BRACELET,5.95,5.95,5.95,13,77.35,5
90123D,WHITE HEART OF GLASS BRACELET,5.95,5.95,5.95,3,17.85,2
90124A,PINK MURANO TWIST NECKLACE,9.95,9.95,9.95,6,59.699999999999996,4
90124B,BLUE MURANO TWIST NECKLACE,9.95,9.95,9.95,4,39.8,3
90124C,GREEN MURANO TWIST NECKLACE,9.95,9.95,9.95,7,69.64999999999999,4
90125A,PINK BERTIE GLASS BEAD BAG CHARM,1.0583333333333333,0.85,2.1,109,93.89999999999999,6
90125B,AQUA BERTIE GLASS BEAD BAG CHARM,1.6833333333333336,0.85,2.1,19,24.9,3
90125C,TURQUOISE BERTIE GLASS BEAD CHARM,1.2666666666666666,0.85,2.1,73,63.3,3
90125D,PURPLE BERTIE GLASS BEAD BAG CHARM,1.35,0.85,2.1,74,65.39999999999999,5
90125E,AMBER BERTIE GLASS BEAD BAG CHARM,2.1,2.1,2.1,1,2.1,1
90128B,BLUE LEAVES AND BEADS PHONE CHARM,1.25,1.25,1.25,1,1.25,1
90129A,PINK GLASS TASSLE BAG CHARM ,2.9500000000000006,2.95,2.95,7,20.650000000000002,3
90129B,TURQUOISE GLASS TASSLE BAG CHARM ,2.9500000000000006,2.95,2.95,21,61.95000000000001,6
90129C,GREEN GLASS TASSLE BAG CHARM,2.9500000000000006,2.95,2.95,17,50.150000000000006,6
90129D,AMBER GLASS TASSLE BAG CHARM,2.95,2.95,2.95,8,23.6,2
90129E,PURPLE GLASS TASSLE BAG CHARM,2.95,2.95,2.95,6,17.700000000000003,1
90129F,RED GLASS TASSLE BAG CHARM,2.95,2.95,2.95,16,47.2,5
90130A,WHITE STONE/CRYSTAL EARRINGS,2.95,2.95,2.95,1,2.95,1
90130B,TURQ STONE/CRYSTAL EARRINGS,2.9500000000000006,2.95,2.95,9,26.55,3
90131,PINK/AMETHYST/GOLD NECKLACE,6.95,6.95,6.95,4,27.8,1
90133,TEAL/FUSCHIA COL BEAD NECKLACE,4.95,4.95,4.95,9,44.55,3
90135,ORANGE/WHT/FUSCHIA STONES NECKLACE,4.95,4.95,4.95,6,29.700000000000003,1
90136,PALE PINK/AMETHYST STONE NECKLACE,9.95,9.95,9.95,3,29.849999999999998,2
90138,WHITE/PINK MINI CRYSTALS NECKLACE,4.95,4.95,4.95,4,19.8,1
90141A,GREEN PENDANT TRIPLE SHELL NECKLACE,4.95,4.95,4.95,4,19.8,2
90141B,IVORY PENDANT TRIPLE SHELL NECKLACE,4.95,4.95,4.95,6,29.700000000000003,2
90141C,TURQ PENDANT TRIPLE SHELL NECKLACE,4.95,4.95,4.95,4,19.8,2
90141D,ROSE PENDANT TRIPLE SHELL NECKLACE,4.95,4.95,4.95,3,14.850000000000001,1
90141E,ORANGE PENDANT TRIPLE SHELL NECKLAC,4.95,4.95,4.95,3,14.850000000000001,1
90142D,MOP PENDANT SHELL NECKLACE,4.95,4.95,4.95,9,44.55,3
90143,SILVER BRACELET W PASTEL FLOWER,7.5,7.5,7.5,17,127.5,8
90144,SILVER DROP EARRINGS WITH FLOWER,3.75,3.75,3.75,7,26.25,3
90145,SILVER HOOP EARRINGS WITH FLOWER,5.95,5.95,5.95,21,124.95,11
90146,FINE SILVER NECKLACE W PASTEL FLOWE,6.25,3.75,7.5,13,63.75,3
90147,CHUNKY SILVER NECKLACE PASTEL FLOWE,9.95,9.95,9.95,19,189.04999999999998,13
90148,LONG SILVER NECKLACE PASTEL FLOWER,12.75,12.75,12.75,6,76.5,6
90149,SILVER FLOWR PINK SHELL NECKLACE,7.12,6.36,7.5,52,335.28000000000003,3
90151,SILVER/NATURAL SHELL NECKLACE,8.5,8.5,8.5,8,68.0,4
90152A,SILVER/NAT SHELL NECKLACE W PENDANT,5.95,5.95,5.95,3,17.85,3
90152B,BLUE/GREEN SHELL NECKLACE W PENDANT,5.95,5.95,5.95,1,5.95,1
90152C,BLUE/NAT SHELL NECKLACE W PENDANT,5.95,5.95,5.95,1,5.95,1
90154,LAZER CUT NECKLACE W PASTEL BEADS,8.61,7.25,8.95,57,421.75,5
90155,RESIN NECKLACE W PASTEL BEADS,7.5,7.5,7.5,6,45.0,4
90156,RESIN BRACELET W PASTEL BEADS,4.95,4.95,4.95,3,14.850000000000001,2
90157,RIVIERA NECKLACE,4.95,4.95,4.95,7,34.65,2
90158,ST TROPEZ NECKLACE,4.95,4.95,4.95,14,69.30000000000001,6
90159,COTE D'AZURE NECKLACE,4.95,4.95,4.95,3,14.850000000000001,2
90160A,PURPLE BOUDICCA LARGE BRACELET,6.95,6.95,6.95,24,166.8,12
90160B,RED BOUDICCA LARGE BRACELET,6.95,6.95,6.95,21,145.95000000000002,8
90160C,TURQ+RED BOUDICCA LARGE BRACELET,6.95,6.95,6.95,41,284.95000000000005,16
90160D,PINK BOUDICCA LARGE BRACELET,6.95,6.95,6.95,32,222.4,9
90161A,ANT COPPER RED BOUDICCA BRACELET,4.95,4.95,4.95,9,44.550000000000004,6
90161B,ANT COPPER TURQ BOUDICCA BRACELET,4.95,4.95,4.95,45,222.75,12
90161C,ANT COPPER LIME BOUDICCA BRACELET,4.95,4.95,4.95,45,222.75,15
90161D,ANT COPPER PINK BOUDICCA BRACELET,4.95,4.95,4.95,31,153.45000000000002,9
90162A,ANT SILVER TURQUOISE BOUDICCA RING,2.95,2.95,2.95,6,17.700000000000003,1
90162B,ANT SILVER LIME GREEN BOUDICCA RING,2.95,2.95,2.95,26,76.70000000000002,11
90162C,ANT SILVER FUSCHIA BOUDICCA RING,2.95,2.95,2.95,14,41.300000000000004,7
90162D,ANT SILVER PURPLE BOUDICCA RING,2.95,2.95,2.95,10,29.500000000000004,5
90163A,PINK ROSEBUD & PEARL NECKLACE,7.5,7.5,7.5,4,30.0,2
90163B,WHITE ROSEBUD & PEARL NECKLACE,7.5,7.5,7.5,2,15.0,1
90164A,PINK ROSEBUD PEARL BRACELET,4.7250000000000005,1.95,7.5,19,70.35,6
90164B,WHITE  ROSEBUD PEARL BRACELET,2.742857142857143,1.95,7.5,28,65.7,7
90165B,WHITE ROSEBUD  PEARL EARRINGS,2.55,2.55,2.55,1,2.55,1
90166,PINK & WHITE ROSEBUD RING,4.1875,4.15,4.25,14,58.900000000000006,8
90167,BEADED LOVE HEART JEWELLERY SET,0.85,0.85,0.85,10,8.5,1
90168,2 DAISIES HAIR COMB,2.95,2.95,2.95,0,0.0,2
90169,DAISY HAIR COMB,2.55,2.55,2.55,0,0.0,2
90170,DAISY HAIR BAND,1.65,1.65,1.65,34,56.099999999999994,7
90173,PAIR BUTTERFLY HAIR CLIPS,3.75,3.75,3.75,16,60.0,3
90174,BUTTERFLY HAIR BAND,2.55,2.55,2.55,4,10.200000000000001,6
90175A,WHITE GLASS CHUNKY CHARM BRACELET,8.95,8.95,8.95,9,80.55,8
90175C,BLUE GLASS CHUNKY CHARM BRACELET,8.95,8.95,8.95,9,80.55,6
90175D,TIGRIS EYE CHUNKY CHARM BRACELET,8.95,8.95,8.95,3,26.849999999999998,2
90176A,CLASSIC DIAMANTE NECKLACE JET,7.5,7.5,7.5,1,7.5,2
90176B,DIAMANTE NECKLACE BLACK ,7.5,7.5,7.5,2,15.0,1
90176C,DIAMANTE NECKLACE,7.5,7.5,7.5,2,15.0,1
90176D,DIAMANTE NECKLACE PURPLE,7.5,7.5,7.5,6,45.0,5
90176E,DIAMANTE NECKLACE GREEN,7.5,7.5,7.5,3,22.5,2
90177A,CLASSIC DIAMANTE EARRINGS JET,2.95,2.95,2.95,0,0.0,2
90177B,DROP DIAMANTE EARRINGS BLACK DIAMON,2.95,2.95,2.95,7,20.650000000000002,2
90177C,DROP DIAMANTE EARRINGS CRYSTAL,2.95,2.95,2.95,7,20.650000000000002,4
90177D,DROP DIAMANTE EARRINGS PURPLE,2.95,2.95,2.95,11,32.45,7
90177E,DROP DIAMANTE EARRINGS GREEN,2.95,2.95,2.95,0,0.0,2
90178A,AMBER CHUNKY GLASS+BEAD NECKLACE,11.949999999999998,11.95,11.95,6,71.69999999999999,6
90178B,PURPLE CHUNKY GLASS+BEAD NECKLACE,11.95,11.95,11.95,1,11.95,1
90179A,AMBER FINE BEAD NECKLACE W TASSEL,5.95,5.95,5.95,3,17.85,2
90179C,BLACK FINE BEAD NECKLACE W TASSEL,5.95,5.95,5.95,1,5.95,1
90180A,BLACK+WHITE NECKLACE W TASSEL,8.55,2.95,9.95,13,87.35,5
90180B,PURPLE AMETHYST NECKLACE W TASSEL,9.95,9.95,9.95,3,29.849999999999998,3
90181A,AMBER GLASS/SHELL/PEARL NECKLACE,8.95,8.95,8.95,1,8.95,1
90182C,BLACK 3 BEAD DROP EARRINGS,2.95,2.95,2.95,0,0.0,2
90183A,AMBER DROP EARRINGS W LONG BEADS,2.9500000000000006,2.95,2.95,14,41.300000000000004,6
90183C,BLACK DROP EARRINGS W LONG BEADS,2.95,2.95,2.95,1,2.95,1
90184A,AMBER CHUNKY BEAD BRACELET W STRAP,8.95,8.95,8.95,8,71.6,4
90184B,AMETHYST CHUNKY BEAD BRACELET W STR,8.95,8.95,8.95,21,187.95,11
90184C,BLACK CHUNKY BEAD BRACELET W STRAP,8.95,8.95,8.95,11,98.44999999999999,7
90185A,AMBER DIAMANTE EXPANDABLE RING,4.25,4.25,4.25,16,68.0,6
90185B,AMETHYST DIAMANTE EXPANDABLE RING,4.25,4.25,4.25,4,17.0,5
90185C,BLACK DIAMANTE EXPANDABLE RING,4.25,4.25,4.25,5,21.25,8
90185D,CRYSTAL DIAMANTE EXPANDABLE RING,4.25,4.25,4.25,32,136.0,8
90186A,AMETHYST HOOP EARRING FLORAL LEAF,2.9500000000000006,2.95,2.95,4,11.8,3
90186B,CRYSTAL HOOP EARRING FLORAL LEAF,2.9500000000000006,2.95,2.95,12,35.400000000000006,6
90187B,GREEN DROP EARRINGS W BEAD CLUSTER,3.35,3.35,3.35,4,13.4,1
90188,DROP EARRINGS W FLOWER & LEAF,2.55,2.55,2.55,2,5.1,2
90189A,SILVER 2 STRAND NECKLACE-LEAF CHARM,7.5,7.5,7.5,2,15.0,2
90190A,SILVER/CRYSTAL DROP EARRINGS W LEAF,2.95,2.95,2.95,6,17.700000000000003,1
90190B,GOLD/AMBER DROP EARRINGS W LEAF,2.95,2.95,2.95,6,17.700000000000003,1
90190C,SILVER/AMETHYST DROP EARRINGS LEAF,2.95,2.95,2.95,5,14.75,4
90191,SILVER LARIAT 40CM,8.55,2.95,12.75,22,113.9,7
90192,JADE DROP EARRINGS W FILIGREE,4.95,4.95,4.95,21,103.95,9
90194,SILVER LARIAT BLACK STONE EARRINGS,4.25,4.25,4.25,12,51.0,6
90195A,PURPLE GEMSTONE BRACELET,6.378571428571428,2.95,8.95,16,95.2,7
90195B,BLACK GEMSTONE BRACELET,6.949999999999999,2.95,8.95,3,20.849999999999998,3
90196A,PURPLE GEMSTONE NECKLACE 45CM,12.75,12.75,12.75,8,102.0,5
90196B,BLACK GEMSTONE NECKLACE 45CM,12.75,12.75,12.75,4,51.0,4
90197B,BLACK GLASS BRACELET W HEART CHARMS,4.95,4.95,4.95,3,14.850000000000001,1
90198A,VINTAGE ROSE BEAD BRACELET RASPBERR,4.25,4.25,4.25,34,144.5,10
90198B,VINTAGE ROSE BEAD BRACELET BLACK,4.25,4.25,4.25,30,127.5,11
90199A,5 STRAND GLASS NECKLACE BLACK,6.349999999999999,6.35,6.35,8,50.8,3
90199B,5 STRAND GLASS NECKLACE AMETHYST,6.35,6.35,6.35,2,12.7,1
90199C,5 STRAND GLASS NECKLACE CRYSTAL,6.35,6.35,6.35,15,95.25,8
90199D,5 STRAND GLASS NECKLACE AMBER,6.35,6.35,6.35,2,12.7,2
90200A,PURPLE SWEETHEART BRACELET,4.25,4.25,4.25,41,174.25,16
90200B,BLACK SWEETHEART BRACELET,4.25,4.25,4.25,66,280.5,25
90200C,BLUE SWEETHEART BRACELET,4.25,4.25,4.25,20,85.0,6
90200D,PINK SWEETHEART BRACELET,4.229166666666667,3.75,4.25,98,404.5,24
90200E,GREEN SWEETHEART BRACELET,4.222222222222222,3.75,4.25,76,311.0,18
90201A,PURPLE ENAMEL FLOWER RING,2.9500000000000006,2.95,2.95,43,126.85000000000001,12
90201B,BLACK ENAMEL FLOWER RING,2.9500000000000006,2.95,2.95,57,168.15000000000003,12
90201C,RED ENAMEL FLOWER RING,2.95,2.95,2.95,46,135.70000000000002,13
90201D,GREEN ENAMEL FLOWER RING,2.95,2.95,2.95,46,135.70000000000002,9
90202A,PURPLE ENAMEL FLOWER HAIR TIE,2.95,2.95,2.95,0,0.0,2
90202B,WHITE ENAMEL FLOWER HAIR TIE,2.9500000000000006,2.95,2.95,1,2.9499999999999993,3
90202C,GREEN ENAMEL FLOWER HAIR TIE,2.9500000000000006,2.95,2.95,1,2.9499999999999993,3
90202D,PINK ENAMEL FLOWER HAIR TIE,2.9500000000000006,2.95,2.95,6,17.700000000000003,3
90204,PAIR OF ENAMEL BUTTERFLY HAIRCLIP,3.35,3.35,3.35,13,43.55,9
90205A,LARGE MINT DIAMANTE HAIRSLIDE,1.6499999999999997,1.65,1.65,16,26.4,6
90205C,LARGE CRYSTAL DIAMANTE HAIRSLIDE,1.6499999999999997,1.65,1.65,6,9.899999999999999,3
90206A,GOLD DIAMANTE STAR BROOCH,4.95,4.95,4.95,6,29.700000000000003,3
90206C,CRYSTAL DIAMANTE STAR BROOCH,4.95,4.95,4.95,12,59.400000000000006,7
90208,PAIR OF PINK FLOWER CLUSTER SLIDE,2.55,2.55,2.55,4,10.2,5
90209A,PURPLE ENAMEL+GLASS HAIR COMB,2.0300000000000002,1.75,2.1,78,151.2,5
90209B,GREEN ENAMEL+GLASS HAIR COMB,2.0416666666666665,1.75,2.1,104,189.0,11
90209C,PINK ENAMEL+GLASS HAIR COMB,2.019230769230769,1.75,2.1,228,407.4,13
90210A,GREY ACRYLIC FACETED BANGLE,1.8166666666666667,1.25,2.95,26,35.9,3
90210B,CLEAR ACRYLIC FACETED BANGLE,2.016666666666667,1.0,2.95,40,58.6,6
90210C,RED   ACRYLIC FACETED BANGLE,1.49,1.0,2.95,94,115.9,5
90210D,PURPLE ACRYLIC FACETED BANGLE,1.15,1.0,1.25,104,125.0,5
90211A,DIAMOND LAS VEGAS NECKLACE 45CM,5.95,5.95,5.95,5,29.75,3
90211B,JET BLACK LAS VEGAS NECKLACE 45CM,5.95,5.95,5.95,2,11.9,3
90212B,JET BLACK LAS VEGAS BRACELET ROUND,3.75,3.75,3.75,3,11.25,1
90212C,PURPLE LAS VEGAS BRACELET ROUND,3.75,3.75,3.75,6,22.5,2
90214A,"LETTER ""A"" BLING KEY RING",1.1128571428571428,0.29,1.25,63,55.71,14
90214B,"LETTER ""B"" BLING KEY RING",0.77,0.29,1.25,13,4.7299999999999995,2
90214C,"LETTER ""C"" BLING KEY RING",0.8233333333333334,0.29,1.25,52,40.04,9
90214D,"LETTER ""D"" BLING KEY RING",0.9757142857142858,0.29,1.25,39,25.71,7
90214E,"LETTER ""E"" BLING KEY RING",0.89,0.29,1.25,41,27.25,8
90214F,"LETTER ""F"" BLING KEY RING",0.29,0.29,0.29,13,3.7699999999999996,2
90214G,"LETTER ""G"" BLING KEY RING",0.8385714285714286,0.29,1.25,34,18.5,7
90214H,"LETTER ""H"" BLING KEY RING",0.93,0.29,1.25,22,15.02,6
90214I,"LETTER ""I"" BLING KEY RING",0.61,0.29,1.25,25,18.77,3
90214J,"LETTER ""J"" BLING KEY RING",1.058,0.29,1.25,23,17.23,5
90214K,"LETTER ""K"" BLING KEY RING",1.01,0.29,1.25,47,34.75,12
90214L,"LETTER ""L"" BLING KEY RING",0.866,0.29,1.25,51,29.189999999999998,5
90214M,"LETTER ""M"" BLING KEY RING",1.058,0.29,1.25,27,22.23,5
90214N,"LETTER ""N"" BLING KEY RING",0.866,0.29,1.25,18,10.02,5
90214O,"LETTER ""O"" BLING KEY RING",0.29,0.29,0.29,12,3.4799999999999995,1
90214P,"LETTER ""P"" BLING KEY RING",0.77,0.29,1.25,28,10.999999999999998,6
90214R,"LETTER ""R"" BLING KEY RING",0.77,0.29,1.25,15,6.27,4
90214S,"LETTER ""S"" BLING KEY RING",0.77,0.29,1.25,40,26.0,6
90214T,"LETTER ""T"" BLING KEY RING",0.29,0.29,0.29,12,3.4799999999999995,1
90214U,"LETTER ""U"" BLING KEY RING",0.29,0.29,0.29,12,3.4799999999999995,1
90214V,"LETTER ""V"" BLING KEY RING",0.93,0.29,1.25,14,5.9799999999999995,3
90214W,"LETTER ""W"" BLING KEY RING",0.29,0.29,0.29,12,3.4799999999999995,1
90214Y,"LETTER ""Y"" BLING KEY RING",0.61,0.29,1.25,61,18.65,3
90214Z,"LETTER ""Z"" BLING KEY RING",0.29,0.29,0.29,12,3.4799999999999995,1
BANK CHARGES,Bank Charges,13.750083333333334,0.001,15.0,12,165.001,11
C2,CARRIAGE,50.134328358208954,18.0,150.0,133,6636.0,134
CRUK,CRUK Commission,495.839375,1.6,1100.44,-16,-7933.43,16
D,Discount,72.48454545454545,0.01,1867.86,-1194,-5696.22,65
DOT,DOTCOM POSTAGE,744.1475,11.17,1599.26,16,11906.36,16
M,Manual,342.5119383259912,0.03,38970.0,2938,-58745.46,407
PADS,PADS TO MATCH ALL CUSHIONS,0.001,0.001,0.001,3,0.003,3
POST,POSTAGE,37.88852842809364,1.0,8142.75,3002,66710.24,1194
