CustomerID,Country,FirstPurchaseDate,LastPurchaseDate,TotalOrders,TotalItems,TotalRevenue,AvgOrderValue,UniqueProducts,CustomerTenureDays
12346,United Kingdom,2011-01-18 10:01:00,2011-01-18 10:17:00,2,0,0.0,0.0,1,0
12347,Iceland,2010-12-07 14:57:00,2011-12-07 15:52:00,7,2458,4310.0,23.681318681318682,103,365
12348,Finland,2010-12-16 19:09:00,2011-09-25 13:13:00,4,2341,1797.24,57.97548387096774,22,282
12349,Italy,2011-11-21 09:51:00,2011-11-21 09:51:00,1,631,1757.55,24.076027397260273,73,0
12350,Norway,2011-02-02 16:01:00,2011-02-02 16:01:00,1,197,334.4,19.670588235294115,17,0
12352,Norway,2011-02-16 12:33:00,2011-11-03 14:37:00,11,470,1545.41,16.267473684210525,59,260
12353,Bahrain,2011-05-19 17:47:00,2011-05-19 17:47:00,1,20,89.0,22.25,4,0
12354,Spain,2011-04-21 13:11:00,2011-04-21 13:11:00,1,530,1079.4,18.610344827586207,58,0
12355,Bahrain,2011-05-09 13:49:00,2011-05-09 13:49:00,1,240,459.4,35.33846153846154,13,0
12356,Portugal,2011-01-18 09:50:00,2011-11-17 08:40:00,3,1591,2811.43,47.65135593220339,53,302
12357,Switzerland,2011-11-06 16:07:00,2011-11-06 16:07:00,1,2708,6207.67,47.38679389312977,131,0
12358,Austria,2011-07-12 10:04:00,2011-12-08 10:26:00,2,248,1168.06,61.47684210526315,13,149
12359,Cyprus,2011-01-12 12:43:00,2011-12-02 11:21:00,6,1599,6182.9800000000005,24.63338645418327,214,323
12360,Austria,2011-05-23 09:43:00,2011-10-18 15:22:00,3,1165,2662.06,20.63612403100775,105,148
12361,Belgium,2011-02-25 13:51:00,2011-02-25 13:51:00,1,91,189.9,18.990000000000002,10,0
12362,Belgium,2011-02-17 10:30:00,2011-12-06 15:40:00,13,2212,5154.58,18.812335766423356,201,292
12363,Unspecified,2011-04-11 13:29:00,2011-08-22 10:18:00,2,408,552.0,24.0,23,132
12364,Belgium,2011-08-19 15:24:00,2011-12-02 10:22:00,4,1506,1313.1,15.448235294117646,70,104
12365,Cyprus,2011-02-21 13:51:00,2011-02-21 14:04:00,3,173,320.69,13.94304347826087,22,0
12367,Denmark,2011-12-05 16:48:00,2011-12-05 16:48:00,1,173,168.9,15.354545454545455,11,0
12370,Cyprus,2010-12-14 12:58:00,2011-10-19 14:51:00,4,2352,3541.94,21.33698795180723,143,309
12371,Switzerland,2011-10-11 10:43:00,2011-10-26 10:16:00,2,591,1887.96,29.96761904761905,63,14
12372,Denmark,2011-02-16 12:46:00,2011-09-29 12:12:00,3,794,1298.04,24.962307692307693,34,224
12373,Austria,2011-02-01 13:10:00,2011-02-01 13:10:00,1,197,364.6,26.042857142857144,14,0
12374,Austria,2011-11-14 15:37:00,2011-11-14 15:37:00,1,342,742.9300000000001,22.513030303030305,33,0
12375,Finland,2011-09-02 14:23:00,2011-12-07 11:27:00,3,177,455.42,25.301111111111112,14,95
12377,Switzerland,2010-12-20 09:37:00,2011-01-28 15:45:00,2,944,1628.12,21.144415584415583,72,39
12378,Switzerland,2011-08-02 10:34:00,2011-08-02 10:34:00,1,2529,4008.62,18.30420091324201,219,0
12379,Belgium,2011-06-22 16:32:00,2011-09-19 10:09:00,3,406,850.29,20.738780487804878,39,88
12380,Belgium,2011-06-07 09:49:00,2011-11-18 11:27:00,5,1126,2720.56,25.910095238095238,77,164
12381,Norway,2011-08-12 09:57:00,2011-12-05 12:44:00,6,783,1803.96,19.823736263736265,70,115
12383,Belgium,2010-12-22 14:28:00,2011-06-08 08:02:00,6,1529,1839.31,18.3931,84,167
12384,Switzerland,2011-08-10 11:23:00,2011-11-11 08:39:00,3,121,566.16,18.872,26,92
12386,Australia,2010-12-08 09:53:00,2011-01-06 12:37:00,2,354,401.9,40.19,10,29
12388,Australia,2011-01-17 11:12:00,2011-11-24 12:30:00,6,1462,2780.66,27.8066,57,311
12390,Belgium,2011-09-21 09:33:00,2011-09-21 09:33:00,1,353,549.84,17.1825,32,0
12391,Cyprus,2011-11-18 12:07:00,2011-11-18 12:07:00,1,293,439.66,4.72752688172043,92,0
12393,Australia,2011-01-11 09:47:00,2011-09-28 15:41:00,4,816,1582.6000000000001,24.728125000000002,47,260
12394,Belgium,2011-05-06 14:01:00,2011-10-07 08:08:00,2,819,1272.48,47.12888888888889,26,153
12395,Belgium,2010-12-03 16:35:00,2011-11-24 12:20:00,15,2113,2998.28,18.857106918238994,91,355
12397,Belgium,2011-07-27 14:21:00,2011-11-04 09:52:00,2,1263,2409.9,19.126190476190477,110,99
12398,Switzerland,2011-10-25 10:27:00,2011-10-25 10:27:00,1,1394,1635.6599999999999,19.24305882352941,85,0
12399,Belgium,2011-03-23 09:42:00,2011-08-12 13:15:00,4,1178,1108.65,18.790677966101697,47,142
12401,Belgium,2011-02-09 13:50:00,2011-02-09 13:50:00,1,11,84.3,16.86,5,0
12402,Belgium,2011-01-20 13:49:00,2011-01-20 13:49:00,1,94,225.6,20.509090909090908,11,0
12403,Denmark,2011-10-21 10:51:00,2011-10-21 11:00:00,2,95,409.7,68.28333333333333,5,0
12405,Finland,2011-07-14 08:52:00,2011-07-14 08:52:00,1,857,1710.39,31.67388888888889,54,0
12406,Denmark,2011-06-09 10:23:00,2011-11-17 19:22:00,3,1809,3280.75,30.377314814814813,92,161
12407,Belgium,2011-03-20 13:21:00,2011-10-21 10:11:00,5,1416,1708.1200000000001,22.183376623376624,57,214
12408,Belgium,2011-03-24 14:46:00,2011-11-07 12:30:00,9,1399,2842.57,25.155486725663717,81,227
12409,Switzerland,2011-06-10 12:19:00,2011-09-22 10:38:00,7,5543,11056.93,96.99061403508772,91,103
12410,Switzerland,2011-02-04 10:38:00,2011-02-11 15:47:00,3,209,681.0799999999999,24.32428571428571,26,7
12412,Denmark,2011-06-23 13:51:00,2011-09-26 10:16:00,3,829,1226.88,20.112786885245903,43,94
12413,France,2011-01-06 16:12:00,2011-10-04 09:00:00,5,282,694.15,17.353749999999998,29,270
12414,Austria,2011-02-02 14:51:00,2011-05-06 14:51:00,3,300,562.41,31.244999999999997,16,93
12415,Australia,2011-01-06 11:12:00,2011-11-15 14:22:00,26,76946,123725.45,159.44001288659794,444,313
12417,Belgium,2010-12-17 11:51:00,2011-12-06 14:52:00,12,1539,3578.8,18.074747474747475,158,354
12418,Switzerland,2011-08-19 11:08:00,2011-08-19 11:08:00,1,407,668.58,19.664117647058823,34,0
12420,Cyprus,2011-10-07 08:55:00,2011-10-07 08:55:00,1,345,600.39,20.70310344827586,29,0
12421,Spain,2011-01-24 15:09:00,2011-11-24 09:07:00,5,483,806.27,17.527608695652173,33,303
12422,Australia,2011-01-19 09:13:00,2011-09-05 09:48:00,3,370,803.5600000000001,20.604102564102565,39,229
12423,Belgium,2010-12-21 10:54:00,2011-12-09 10:10:00,9,1327,1849.11,14.67547619047619,97,352
12424,Australia,2011-06-30 12:06:00,2011-06-30 12:06:00,2,740,1760.96,58.69866666666667,30,0
12425,Portugal,2011-09-22 17:31:00,2011-09-22 17:31:00,1,496,777.2,21.58888888888889,36,0
12426,Germany,2011-05-29 12:26:00,2011-05-29 12:26:00,1,258,582.73,19.424333333333333,30,0
12427,Germany,2010-12-03 10:44:00,2011-11-28 10:48:00,5,236,708.37,20.239142857142856,26,360
12428,Finland,2011-03-01 09:33:00,2011-11-14 08:22:00,12,3503,7877.2,26.25733333333333,258,257
12429,Denmark,2010-12-09 12:05:00,2011-11-30 17:22:00,4,1557,3750.4,38.66391752577319,82,356
12430,Norway,2011-10-27 15:09:00,2011-10-27 15:09:00,1,117,256.4,23.30909090909091,11,0
12431,Australia,2010-12-01 10:03:00,2011-11-04 11:55:00,18,2846,6348.89,26.676008403361347,163,338
12432,Norway,2011-06-20 13:27:00,2011-10-28 11:43:00,5,1801,5059.32,46.845555555555556,107,129
12433,Norway,2010-12-01 13:24:00,2011-12-09 10:02:00,7,11071,13375.87,31.847309523809525,219,372
12434,Australia,2010-12-14 11:12:00,2011-09-16 12:38:00,4,373,765.19,14.170185185185186,49,276
12435,Denmark,2011-03-17 07:40:00,2011-09-21 09:06:00,2,2055,7829.89,217.49694444444447,31,188
12436,Norway,2011-09-01 12:09:00,2011-09-01 12:09:00,1,211,509.01,31.813125,16,0
12437,France,2011-01-12 14:13:00,2011-12-08 11:35:00,19,2917,4896.66,24.4833,118,329
12438,Norway,2011-07-22 13:29:00,2011-11-25 13:28:00,2,1180,2906.85,29.66173469387755,84,125
12441,France,2010-12-08 10:45:00,2010-12-08 10:45:00,1,121,173.55,15.77727272727273,11,0
12442,Spain,2011-12-06 14:22:00,2011-12-06 14:22:00,1,182,172.06,14.338333333333333,12,0
12444,Norway,2011-06-21 14:00:00,2011-11-18 13:23:00,5,1153,5005.46,28.440113636363638,138,149
12445,Spain,2011-11-17 18:43:00,2011-11-17 18:43:00,1,62,133.4,33.35,4,0
12446,South Africa,2011-10-13 12:50:00,2011-10-13 12:50:00,1,351,1002.3100000000001,17.584385964912283,57,0
12447,Belgium,2011-04-10 13:25:00,2011-04-10 13:25:00,1,190,476.49,18.326538461538462,26,0
12448,Spain,2011-10-26 13:46:00,2011-10-26 13:46:00,1,243,449.45,20.429545454545455,22,0
12449,Belgium,2011-06-05 15:37:00,2011-11-17 13:46:00,4,1553,4067.29,21.294712041884818,118,164
12450,Spain,2011-06-19 14:36:00,2011-07-06 14:41:00,2,128,197.88,24.735,7,17
12451,Switzerland,2011-01-19 09:05:00,2011-11-29 08:40:00,6,6455,8933.52,25.164845070422537,265,313
12452,Switzerland,2011-11-23 08:05:00,2011-11-23 10:28:00,3,183,428.57,18.633478260869566,21,0
12453,Austria,2011-07-28 14:08:00,2011-07-28 14:08:00,1,473,707.09,16.443953488372095,43,0
12454,Spain,2011-10-14 17:13:00,2011-10-17 15:07:00,2,0,5.684341886080802e-14,1.8947806286936005e-15,15,2
12455,Cyprus,2011-02-16 09:56:00,2011-09-27 15:31:00,6,2089,2466.86,27.409555555555556,85,223
12456,Switzerland,2011-03-30 09:12:00,2011-10-26 14:41:00,4,1616,3153.89,24.44875968992248,105,210
12457,Switzerland,2011-04-14 18:57:00,2011-10-12 13:46:00,12,694,1917.78,28.62358208955224,53,180
12458,Switzerland,2011-02-28 10:55:00,2011-09-29 15:25:00,2,506,947.4,24.931578947368422,35,213
12461,Switzerland,2011-07-08 10:23:00,2011-09-06 16:57:00,2,287,826.88,23.62514285714286,35,60
12462,Spain,2011-02-09 14:44:00,2011-12-07 14:02:00,4,514,1124.01,15.61125,51,300
12463,Belgium,2011-04-12 12:47:00,2011-10-24 13:43:00,7,757,1303.63,14.813977272727273,66,195
12464,Belgium,2011-02-03 13:30:00,2011-11-29 13:33:00,8,112,1212.05,41.79482758620689,6,299
12465,Belgium,2011-06-23 13:37:00,2011-12-02 11:34:00,3,475,733.89,14.39,46,161
12468,Germany,2011-01-27 13:29:00,2011-07-19 13:42:00,3,364,724.0400000000001,18.101000000000003,36,173
12471,Germany,2010-12-02 10:37:00,2011-12-07 15:43:00,49,7953,18705.52,35.29343396226415,152,370
12472,Germany,2010-12-01 14:33:00,2011-11-09 11:33:00,13,4020,6229.48,15.932173913043478,226,342
12473,Germany,2011-06-01 10:15:00,2011-11-10 13:48:00,9,2338,2837.73,15.942303370786517,140,162
12474,Germany,2010-12-06 12:00:00,2011-11-22 14:39:00,30,4750,7064.7699999999995,15.526967032967033,253,351
12475,Germany,2011-10-17 10:10:00,2011-10-17 10:10:00,1,535,723.38,20.093888888888888,36,0
12476,Germany,2010-12-13 14:37:00,2011-12-08 14:08:00,20,2337,6546.58,24.797651515151514,177,359
12477,Germany,2011-02-01 11:09:00,2011-11-17 09:51:00,9,3620,13117.01,42.58769480519481,192,288
12478,Greece,2011-12-06 09:56:00,2011-12-06 09:56:00,1,236,680.99,18.91638888888889,36,0
12479,Germany,2011-11-28 13:26:00,2011-12-06 09:25:00,3,351,477.3,13.637142857142857,31,7
12480,Germany,2011-01-07 15:27:00,2011-11-11 14:52:00,4,1707,3281.63,21.309285714285714,129,307
12481,Germany,2010-12-09 10:13:00,2011-11-17 08:29:00,11,3280,5574.36,25.688294930875575,150,342
12483,Sweden,2011-01-04 14:20:00,2011-11-22 17:03:00,13,1097,2327.13,28.73,46,322
12484,Spain,2011-01-07 14:04:00,2011-11-07 11:37:00,8,2181,4480.87,12.913170028818444,256,303
12488,France,2011-09-25 10:34:00,2011-11-30 08:50:00,3,529,1298.66,23.612000000000002,46,65
12489,France,2011-01-07 13:13:00,2011-01-07 13:13:00,1,105,334.93,22.328666666666667,15,0
12490,France,2011-01-14 09:13:00,2011-12-04 16:07:00,10,3064,5417.93,22.114,131,324
12491,France,2011-11-01 12:18:00,2011-11-01 12:18:00,1,260,460.40000000000003,17.70769230769231,25,0
12492,Germany,2011-08-26 14:51:00,2011-10-07 15:15:00,2,192,263.21000000000004,13.160500000000003,19,42
12493,France,2011-05-26 14:53:00,2011-06-27 10:17:00,3,206,416.79,18.121304347826086,20,31
12494,France,2010-12-09 11:31:00,2011-11-30 09:21:00,13,690,1139.3500000000001,13.563690476190478,63,355
12497,Germany,2011-09-19 12:29:00,2011-09-19 12:29:00,1,1236,1043.1,74.50714285714285,14,0
12498,Germany,2011-10-13 09:30:00,2011-11-18 12:53:00,3,159,403.70000000000005,17.55217391304348,21,36
12500,Germany,2011-01-10 09:48:00,2011-11-16 16:20:00,13,2671,4206.27,64.71184615384617,34,310
12501,Germany,2011-01-07 12:28:00,2011-01-28 13:54:00,2,1722,2089.68,13.0605,149,21
12502,Spain,2011-02-03 10:41:00,2011-09-05 11:52:00,5,820,3723.87,25.332448979591835,102,214
12503,Spain,2011-01-06 11:51:00,2011-01-06 11:51:00,1,-1,-1126.0,-1126.0,1,0
12504,Germany,2011-11-09 14:56:00,2011-11-21 16:02:00,4,51,114.0,7.6,6,12
12505,Italy,2011-02-11 13:39:00,2011-02-11 13:39:00,1,-1,-4.5,-4.5,1,0
12506,France,2011-04-21 08:54:00,2011-04-21 08:54:00,1,23,73.5,3.1956521739130435,23,0
12507,Spain,2011-02-14 09:24:00,2011-07-28 17:09:00,4,883,1258.06,57.18454545454545,19,164
12508,France,2011-11-10 16:27:00,2011-11-13 15:37:00,2,271,397.88,5.851176470588236,57,2
12509,France,2011-02-28 14:45:00,2011-02-28 14:45:00,1,55,176.5,25.214285714285715,7,0
12510,Spain,2011-01-18 14:04:00,2011-07-20 10:15:00,2,353,982.5699999999999,29.774848484848484,29,182
12512,Israel,2011-10-04 14:53:00,2011-10-04 14:55:00,2,96,132.18,4.263870967741935,31,0
12513,France,2011-08-19 10:51:00,2011-09-16 12:45:00,2,456,586.79,16.299722222222222,35,28
12514,Italy,2011-03-17 16:38:00,2011-03-17 16:38:00,1,440,1017.68,19.954509803921567,51,0
12515,Italy,2010-12-21 15:43:00,2010-12-21 15:43:00,1,131,383.7,23.98125,16,0
12516,Germany,2011-06-12 11:37:00,2011-09-23 09:13:00,2,875,1312.06,50.46384615384615,20,102
12517,Germany,2011-06-02 15:13:00,2011-11-11 14:04:00,6,1338,2443.65,8.69626334519573,232,161
12518,Germany,2011-08-21 13:18:00,2011-12-09 10:13:00,5,1318,2056.89,16.58782258064516,84,109
12519,Germany,2011-10-07 09:26:00,2011-10-07 09:26:00,1,175,330.84,19.461176470588235,17,0
12520,Germany,2011-03-11 11:35:00,2011-09-21 15:23:00,6,1430,2582.51,16.66135483870968,121,194
12521,Germany,2011-07-20 10:51:00,2011-07-20 10:51:00,1,309,599.68,15.781052631578946,38,0
12522,Germany,2011-10-19 14:41:00,2011-10-31 15:30:00,2,194,192.72,16.06,11,12
12523,France,2011-01-12 09:43:00,2011-12-08 11:46:00,13,861,1745.57,15.868818181818181,84,330
12524,Germany,2011-01-10 10:35:00,2011-11-30 15:31:00,8,3699,4485.72,31.150833333333335,113,324
12526,Germany,2011-09-06 14:19:00,2011-12-09 12:09:00,3,632,1316.66,18.54450704225352,64,93
12527,Germany,2011-01-18 12:05:00,2011-09-19 11:55:00,3,234,348.71000000000004,19.37277777777778,18,243
12528,Germany,2011-01-31 09:05:00,2011-11-30 14:40:00,8,750,1922.28,20.234526315789473,50,303
12530,Germany,2011-01-07 10:04:00,2011-10-11 12:34:00,5,900,1623.63,23.876911764705884,51,277
12531,Germany,2011-11-25 11:12:00,2011-11-25 11:12:00,1,45,125.22,7.365882352941177,17,0
12532,France,2011-11-09 13:47:00,2011-11-09 13:47:00,1,153,349.83000000000004,21.864375000000003,16,0
12534,Germany,2011-08-01 10:26:00,2011-08-01 10:26:00,1,651,1089.18,17.28857142857143,63,0
12535,France,2011-06-06 12:47:00,2011-09-09 08:48:00,2,219,716.35,21.069117647058825,28,94
12536,France,2011-10-11 14:52:00,2011-12-02 12:43:00,5,2652,4106.82,15.043296703296702,260,51
12538,Spain,2011-11-10 17:16:00,2011-11-10 17:16:00,1,191,363.95,17.33095238095238,21,0
12539,Spain,2011-01-10 09:11:00,2011-11-17 13:30:00,5,2066,3852.5,14.06021897810219,158,311
12540,Spain,2010-12-13 09:39:00,2011-11-20 11:31:00,19,6677,13309.039999999999,27.669521829521827,278,342
12541,Spain,2011-03-04 09:32:00,2011-11-10 10:40:00,3,680,981.18,18.868846153846153,46,251
12544,Spain,2011-11-03 16:15:00,2011-11-10 11:12:00,2,132,355.7,17.785,19,6
12545,Spain,2011-03-25 12:04:00,2011-09-25 13:39:00,2,523,1000.39,20.0078,42,184
12546,Spain,2011-09-23 09:44:00,2011-10-24 12:09:00,3,617,1141.5,16.307142857142857,59,31
12547,Spain,2011-03-04 12:46:00,2011-05-26 12:38:00,2,134,207.79999999999998,25.974999999999998,7,82
12548,Spain,2011-06-26 15:35:00,2011-06-26 15:35:00,1,49,95.19999999999999,19.04,5,0
12550,Spain,2011-09-21 14:35:00,2011-09-21 14:35:00,1,569,964.83,16.92684210526316,57,0
12551,Spain,2010-12-17 11:23:00,2010-12-17 11:23:00,1,100,168.0,16.8,10,0
12552,Italy,2011-10-31 12:11:00,2011-11-01 10:02:00,2,88,437.82,21.891,20,0
12553,France,2011-01-14 10:42:00,2011-12-01 16:38:00,14,1924,3652.25,18.633928571428573,95,321
12556,Spain,2011-07-11 13:35:00,2011-10-20 13:06:00,2,355,599.56,5.038319327731092,100,100
12557,Spain,2010-12-03 12:20:00,2011-11-23 16:59:00,5,4384,11990.960000000001,363.36242424242425,15,355
12558,Usa,2011-12-02 10:41:00,2011-12-08 10:14:00,2,0,1.0658141036401503e-14,4.844609562000683e-16,11,5
12559,Germany,2011-01-24 10:12:00,2011-02-02 09:49:00,3,281,536.21,24.37318181818182,21,8
12560,Germany,2011-07-19 15:55:00,2011-12-04 13:54:00,4,1078,2101.39,18.93144144144144,92,137
12561,Germany,2011-02-10 11:39:00,2011-02-10 11:39:00,1,177,238.85,14.928125,16,0
12562,France,2011-05-25 12:44:00,2011-12-01 17:20:00,7,1779,3781.7400000000002,22.510357142857146,99,190
12564,France,2011-03-23 14:55:00,2011-03-23 14:55:00,1,133,456.9,21.757142857142856,21,0
12565,Saudi Arabia,2011-02-24 10:34:00,2011-03-03 11:43:00,2,75,131.17,13.116999999999999,9,7
12566,Germany,2011-09-14 14:30:00,2011-09-28 09:57:00,2,264,346.7,17.335,19,13
12567,France,2010-12-05 11:57:00,2011-11-17 11:02:00,11,4089,9114.94,19.686695464362852,323,346
12569,Germany,2011-04-01 13:47:00,2011-12-07 16:24:00,35,1793,4064.9900000000002,21.282670157068065,92,250
12571,France,2011-08-10 12:35:00,2011-10-31 10:19:00,2,523,519.61,15.28264705882353,31,81
12572,Germany,2011-10-19 08:20:00,2011-12-01 09:20:00,3,450,1004.72,16.205161290322582,53,43
12573,France,2011-04-26 15:52:00,2011-04-26 15:52:00,1,84,160.54000000000002,5.733571428571429,26,0
12574,France,2011-01-28 09:20:00,2011-01-28 09:20:00,1,61,218.45,19.85909090909091,11,0
12576,Poland,2011-02-08 11:31:00,2011-11-04 10:11:00,6,964,1306.98,14.685168539325844,72,268
12577,France,2010-12-15 16:21:00,2011-11-04 13:28:00,4,463,564.2,3.8380952380952382,137,323
12578,Italy,2011-01-05 10:46:00,2011-11-18 13:30:00,4,1171,2753.36,22.944666666666667,112,317
12579,France,2011-09-22 17:15:00,2011-09-27 13:57:00,3,278,410.72,13.249032258064517,29,4
12580,Germany,2011-04-07 10:24:00,2011-04-07 10:24:00,1,238,415.7,17.320833333333333,24,0
12581,Germany,2011-10-31 08:56:00,2011-10-31 08:56:00,1,161,197.71,13.180666666666667,15,0
12582,Finland,2011-02-24 11:42:00,2011-04-15 08:45:00,2,300,511.36,23.243636363636366,21,49
12583,France,2010-12-01 08:45:00,2011-12-07 08:07:00,18,5009,7187.34,28.634820717131475,115,370
12584,Italy,2011-03-04 15:15:00,2011-12-06 09:35:00,18,354,1893.95,15.031349206349207,44,276
12585,Germany,2010-12-23 12:58:00,2011-04-19 13:39:00,4,1258,1982.81,20.441340206185565,77,117
12586,Italy,2010-12-06 09:31:00,2011-11-22 16:24:00,2,77,179.94000000000003,14.995000000000003,12,351
12587,Finland,2011-12-02 12:47:00,2011-12-02 12:47:00,1,51,144.0,36.0,4,0
12588,Finland,2011-10-31 15:01:00,2011-10-31 15:01:00,1,53,214.89999999999998,21.49,10,0
12589,France,2011-07-18 12:05:00,2011-11-11 10:19:00,2,306,646.68,18.47657142857143,29,115
12590,Germany,2011-05-12 14:46:00,2011-06-02 14:25:00,3,4279,9861.38,140.87685714285712,68,20
12591,Italy,2011-01-26 14:35:00,2011-01-26 14:35:00,1,228,452.84999999999997,17.41730769230769,26,0
12592,Germany,2011-05-10 13:44:00,2011-09-08 15:04:00,2,290,437.6,24.311111111111114,11,121
12593,France,2011-05-05 09:29:00,2011-08-23 12:43:00,3,206,418.09999999999997,19.909523809523808,14,110
12594,Italy,2011-01-21 09:52:00,2011-11-02 12:20:00,11,1776,3320.2200000000003,27.901008403361345,50,285
12596,Spain,2011-04-11 13:22:00,2011-10-19 13:02:00,2,474,618.27,22.898888888888887,25,190
12597,Spain,2011-03-16 14:00:00,2011-11-20 13:33:00,5,2187,3683.13,17.21088785046729,184,248
12598,France,2011-02-28 11:58:00,2011-11-30 12:18:00,9,1940,3002.68,22.57654135338346,84,275
12599,France,2011-02-08 13:28:00,2011-11-10 13:34:00,7,956,1032.58,16.654516129032256,32,275
12600,Germany,2010-12-03 12:57:00,2011-11-11 10:29:00,11,773,2581.04,39.70830769230769,32,342
12601,Germany,2011-01-11 10:38:00,2011-06-03 10:17:00,6,244,569.5600000000001,19.64,21,142
12602,France,2011-10-12 11:22:00,2011-10-12 11:22:00,1,162,153.12,12.76,12,0
12603,Germany,2011-11-18 10:42:00,2011-11-18 10:42:00,1,63,739.1999999999999,369.59999999999997,2,0
12604,France,2011-03-23 12:06:00,2011-09-21 14:08:00,2,201,254.18,15.88625,15,182
12605,Germany,2010-12-09 15:41:00,2010-12-09 15:41:00,1,-4,-7.5,-2.5,3,0
12607,Usa,2011-10-10 16:06:00,2011-10-12 16:17:00,2,0,3.552713678800501e-15,1.75876914792104e-17,101,2
12609,Germany,2011-01-25 15:13:00,2011-09-22 16:34:00,3,648,1126.85,18.78083333333333,57,240
12610,Italy,2011-08-05 13:52:00,2011-11-17 09:34:00,7,1028,2057.99,18.54045045045045,85,103
12611,Italy,2011-10-18 13:12:00,2011-10-18 13:12:00,1,846,1193.32,18.35876923076923,65,0
12612,Germany,2011-09-26 15:35:00,2011-10-13 12:12:00,2,251,643.59,30.64714285714286,19,16
12613,Germany,2011-03-22 15:42:00,2011-11-08 13:30:00,6,1596,3218.98,19.748343558282208,124,230
12614,Germany,2011-03-07 10:22:00,2011-03-07 10:22:00,1,76,315.6,15.780000000000001,20,0
12615,France,2011-06-24 13:35:00,2011-12-07 15:02:00,4,1376,2291.19,21.820857142857143,82,166
12616,France,2011-02-15 14:17:00,2011-09-15 17:02:00,5,273,657.25,18.256944444444443,25,212
12617,France,2011-11-10 14:39:00,2011-11-10 14:39:00,1,210,352.98,8.609268292682927,39,0
12618,Italy,2011-11-18 11:10:00,2011-11-18 11:10:00,1,96,177.31,16.11909090909091,11,0
12619,Germany,2011-03-31 13:10:00,2011-11-23 14:52:00,13,3354,3214.81,33.840105263157895,50,237
12620,France,2011-05-19 12:10:00,2011-11-25 10:20:00,3,1181,1339.41,14.558804347826088,89,189
12621,Germany,2010-12-09 10:16:00,2011-12-08 11:25:00,23,7404,13612.07,28.717447257383967,261,364
12622,Germany,2011-04-21 16:39:00,2011-04-21 16:39:00,1,69,180.1,16.37272727272727,11,0
12623,Germany,2011-03-08 13:50:00,2011-03-08 13:50:00,1,191,305.1,16.950000000000003,18,0
12624,France,2011-06-15 12:34:00,2011-08-25 15:04:00,2,355,641.13,16.87184210526316,36,71
12625,Germany,2011-01-24 13:27:00,2011-05-12 09:54:00,3,1577,2614.32,28.72879120879121,74,107
12626,Germany,2011-01-17 11:01:00,2011-11-16 16:06:00,13,3350,6388.35,20.808957654723127,232,303
12627,Germany,2011-07-22 13:59:00,2011-11-29 12:07:00,7,2752,4478.53,19.47186956521739,162,129
12628,Germany,2011-10-06 09:28:00,2011-12-05 13:15:00,4,445,769.61,17.897906976744185,34,60
12630,Finland,2011-10-27 10:41:00,2011-11-30 10:48:00,2,548,1270.88,19.8575,60,34
12631,Finland,2011-10-13 13:53:00,2011-10-13 13:53:00,1,236,640.5,20.661290322580644,31,0
12633,Germany,2011-02-25 08:44:00,2011-10-12 11:40:00,5,1149,2140.63,20.782815533980585,73,229
12635,Germany,2011-07-08 08:43:00,2011-09-11 11:04:00,2,1172,1689.18,16.724554455445546,96,65
12637,France,2011-01-20 10:47:00,2011-10-03 13:46:00,10,2982,5934.25,15.373704663212436,205,256
12638,Sweden,2011-11-06 13:11:00,2011-11-06 13:11:00,1,577,671.69,17.222820512820515,39,0
12639,Sweden,2011-04-15 12:48:00,2011-04-15 12:48:00,1,201,486.1,22.095454545454547,22,0
12640,France,2011-09-19 12:01:00,2011-11-16 11:52:00,3,311,1174.58,22.16188679245283,47,57
12641,Sweden,2011-08-16 13:26:00,2011-08-16 13:26:00,1,72,185.9,18.59,10,0
12642,Germany,2011-08-24 09:23:00,2011-11-14 15:03:00,3,552,1013.26,21.558723404255318,39,82
12643,France,2011-01-11 11:48:00,2011-08-03 12:56:00,6,1808,3344.64,139.35999999999999,11,204
12644,Germany,2011-08-02 10:33:00,2011-08-02 10:33:00,1,325,477.91,15.416451612903227,31,0
12645,Germany,2011-01-27 13:08:00,2011-11-06 12:38:00,5,1072,1755.38,23.721351351351352,58,282
12646,Usa,2011-10-21 12:52:00,2011-12-05 10:14:00,2,897,1346.97,29.932666666666666,43,44
12647,Germany,2010-12-05 14:02:00,2011-11-17 12:56:00,13,1419,3669.92,28.89700787401575,78,346
12648,Germany,2011-07-08 11:55:00,2011-07-08 11:55:00,1,160,318.05,15.145238095238096,21,0
12649,Germany,2010-12-09 14:42:00,2011-08-24 14:41:00,4,574,603.71,18.294242424242427,30,257
12650,France,2011-12-06 16:34:00,2011-12-06 16:34:00,1,254,314.44,15.722,20,0
12651,France,2011-01-09 12:46:00,2011-01-09 12:46:00,1,78,114.0,12.666666666666666,9,0
12652,France,2011-01-12 15:00:00,2011-01-21 17:01:00,2,502,914.53,17.931960784313723,48,9
12653,Israel,2011-02-16 10:53:00,2011-07-14 10:41:00,2,919,2209.85,51.391860465116274,37,147
12654,Germany,2011-02-17 13:16:00,2011-11-29 10:10:00,5,264,601.98,15.841578947368422,31,284
12656,France,2011-04-11 09:45:00,2011-11-22 13:42:00,8,1708,3982.72,30.636307692307692,89,225
12657,France,2011-09-22 11:40:00,2011-11-28 15:47:00,5,654,1152.06,20.572499999999998,35,67
12658,Germany,2011-11-21 10:22:00,2011-11-21 10:22:00,1,320,686.05,19.056944444444444,36,0
12659,France,2011-11-10 11:53:00,2011-11-10 11:53:00,1,105,91.68,18.336000000000002,5,0
12660,France,2011-11-28 13:26:00,2011-11-28 13:26:00,1,127,245.1,18.853846153846153,13,0
12662,Germany,2010-12-01 13:04:00,2011-12-09 11:59:00,12,2040,3817.08,16.45293103448276,129,372
12664,Finland,2011-01-21 11:42:00,2011-12-01 17:07:00,10,1202,4863.88,127.99684210526316,10,314
12665,Germany,2011-01-12 09:41:00,2011-01-19 08:34:00,2,36,61.75,15.4375,3,6
12666,Israel,2010-12-15 14:42:00,2010-12-15 14:42:00,1,-56,-227.44,-113.72,2,0
12667,Finland,2011-10-12 17:00:00,2011-10-12 17:00:00,1,395,620.13,18.791818181818183,33,0
12668,Germany,2010-12-19 12:46:00,2011-12-02 15:10:00,6,1595,3743.18,22.280833333333334,115,348
12669,France,2011-03-28 10:15:00,2011-07-12 09:54:00,4,1114,1607.73,15.762058823529411,98,105
12670,France,2011-04-21 10:16:00,2011-11-29 15:23:00,6,1391,2986.15,31.767553191489363,58,222
12672,France,2011-01-14 09:20:00,2011-01-14 09:20:00,1,78,225.89999999999998,22.589999999999996,10,0
12673,Germany,2011-01-17 11:46:00,2011-12-04 13:55:00,2,351,610.52,14.536190476190475,42,321
12674,France,2011-05-16 09:10:00,2011-11-28 12:22:00,7,1103,1922.26,21.358444444444444,52,196
12676,Sweden,2011-02-01 15:41:00,2011-11-15 12:25:00,6,670,1331.39,29.586444444444446,33,286
12678,France,2010-12-21 11:00:00,2011-10-28 13:04:00,13,10899,17588.26,105.31892215568861,105,311
12679,France,2011-03-01 12:26:00,2011-10-18 13:43:00,9,530,1058.67,18.90482142857143,45,231
12680,France,2011-08-18 15:44:00,2011-12-09 12:50:00,4,443,862.81,16.592499999999998,33,112
12681,France,2010-12-07 10:08:00,2011-11-25 11:35:00,27,7518,13677.59,21.172739938080497,267,353
12682,France,2010-12-03 13:59:00,2011-12-06 10:00:00,31,5555,12279.82,23.434770992366413,209,367
12683,France,2010-12-09 10:37:00,2011-12-05 16:31:00,20,4903,8221.09,22.710193370165747,177,361
12684,France,2011-05-10 12:55:00,2011-12-02 09:53:00,7,1985,2283.63,21.748857142857144,61,205
12685,France,2011-09-07 10:28:00,2011-11-11 13:46:00,6,1523,2863.08,18.236178343949042,117,65
12686,France,2010-12-03 09:51:00,2010-12-03 09:51:00,1,107,89.14,12.734285714285715,7,0
12688,Israel,2011-08-18 08:49:00,2011-08-18 08:49:00,1,3028,4873.8099999999995,28.501812865497072,171,0
12689,France,2011-08-04 10:04:00,2011-11-14 08:31:00,2,628,1247.61,17.327916666666667,57,101
12690,France,2011-05-18 09:09:00,2011-05-18 09:09:00,1,106,389.01,24.313125,16,0
12691,France,2010-12-17 14:46:00,2011-11-11 16:49:00,6,394,1035.8,32.36875,21,329
12693,Germany,2011-01-24 12:58:00,2011-08-11 09:16:00,6,250,830.96,20.267317073170734,35,198
12694,France,2011-06-09 17:48:00,2011-09-30 13:06:00,2,509,869.67,23.504594594594593,32,112
12695,France,2011-05-13 13:15:00,2011-12-02 13:22:00,4,220,582.1,21.55925925925926,23,203
12697,Sweden,2011-06-23 15:44:00,2011-11-18 16:17:00,5,499,939.02,21.83767441860465,37,148
12700,France,2011-05-08 16:10:00,2011-12-02 10:49:00,6,2963,4867.99,18.029592592592593,193,207
12701,Germany,2011-04-11 13:02:00,2011-09-21 10:47:00,2,678,797.71,15.051132075471699,50,162
12702,Germany,2011-11-20 10:36:00,2011-11-20 10:36:00,1,53,219.0,18.25,12,0
12703,Germany,2011-09-29 17:52:00,2011-10-06 19:23:00,2,161,274.7,12.486363636363636,21,7
12704,Finland,2011-06-23 10:20:00,2011-12-02 13:15:00,10,1003,2220.84,24.676000000000002,64,162
12705,Germany,2010-12-17 15:58:00,2011-11-24 13:17:00,14,3973,6814.24,19.581149425287357,228,341
12707,France,2011-02-21 08:38:00,2011-02-21 08:38:00,1,256,603.42,18.285454545454545,33,0
12708,Germany,2010-12-06 10:43:00,2011-11-10 09:52:00,16,1270,2616.32,15.036321839080461,86,338
12709,Germany,2010-12-08 09:49:00,2011-12-06 16:42:00,26,3808,9264.1,36.187890625,103,363
12710,Germany,2011-05-22 14:05:00,2011-09-04 12:00:00,4,849,1130.57,14.311012658227847,75,104
12712,Germany,2010-12-03 14:30:00,2011-11-17 09:15:00,17,1044,4241.63,29.8706338028169,59,348
12713,Germany,2011-12-09 12:16:00,2011-12-09 12:16:00,1,508,848.55,22.330263157894734,38,0
12714,France,2011-02-18 10:53:00,2011-11-30 15:43:00,5,3069,4708.86,18.18092664092664,216,285
12715,Sweden,2011-08-25 15:22:00,2011-08-25 15:22:00,1,192,343.36,17.168,20,0
12716,France,2011-07-29 13:28:00,2011-12-06 08:55:00,2,708,1053.49,15.267971014492753,60,129
12717,Greece,2011-04-08 10:32:00,2011-07-11 14:51:00,3,505,980.98,17.517500000000002,49,94
12718,France,2011-09-29 16:38:00,2011-09-29 16:38:00,1,203,238.25,12.539473684210526,19,0
12719,France,2011-10-05 14:50:00,2011-12-04 13:45:00,3,361,608.1,14.47857142857143,34,59
12720,Germany,2010-12-05 15:21:00,2011-12-07 08:03:00,29,4654,5713.28,15.914428969359331,211,366
12721,France,2010-12-09 10:14:00,2011-11-08 12:13:00,7,1954,2628.98,16.030365853658537,134,334
12722,France,2011-07-12 11:55:00,2011-09-15 14:50:00,6,560,904.33,15.865438596491229,50,65
12723,France,2011-10-05 15:52:00,2011-12-06 10:19:00,5,434,725.07,10.508260869565218,53,61
12724,France,2011-01-11 15:00:00,2011-12-04 16:02:00,4,445,1031.41,19.460566037735852,47,327
12725,Italy,2010-12-03 15:45:00,2010-12-03 15:45:00,1,164,427.8,17.825,24,0
12726,France,2010-12-17 12:56:00,2011-11-11 13:35:00,7,3143,2609.1,21.041129032258063,57,329
12727,France,2011-01-23 15:17:00,2011-11-29 11:46:00,9,2085,3947.7,27.99787234042553,109,309
12728,France,2011-01-11 13:31:00,2011-09-29 15:31:00,4,419,836.33,18.18108695652174,38,261
12729,France,2011-08-18 11:40:00,2011-08-18 11:40:00,1,233,453.01,17.423461538461538,26,0
12731,France,2010-12-10 10:56:00,2011-11-16 11:59:00,14,8366,18793.41,67.84624548736463,109,341
12732,France,2011-06-13 11:33:00,2011-06-13 11:33:00,1,111,236.26000000000002,19.688333333333336,12,0
12733,Usa,2011-04-19 16:19:00,2011-04-19 16:19:00,1,137,383.95,17.452272727272728,22,0
12734,France,2010-12-22 12:47:00,2010-12-22 12:47:00,1,88,110.39999999999999,27.599999999999998,4,0
12735,France,2011-01-06 14:26:00,2011-01-28 13:37:00,2,368,779.5699999999999,18.12953488372093,38,21
12736,France,2011-01-11 07:57:00,2011-01-11 07:57:00,1,173,234.0,58.5,4,0
12738,Germany,2010-12-02 18:27:00,2010-12-02 18:27:00,1,148,155.35,14.122727272727273,11,0
12739,United Arab Emirates,2011-09-01 17:45:00,2011-09-22 13:00:00,2,486,1013.04,26.658947368421053,38,20
12740,France,2011-10-07 10:44:00,2011-10-07 10:44:00,1,342,427.6,15.837037037037037,27,0
12743,Unspecified,2011-07-28 16:06:00,2011-07-28 16:21:00,2,315,540.13,4.123129770992366,114,0
12744,Singapore,2011-01-25 13:26:00,2011-10-19 11:18:00,10,5234,9120.39,39.82703056768559,178,266
12747,United Kingdom,2010-12-05 15:38:00,2011-12-07 14:34:00,11,1275,4196.01,40.737961165048546,42,366
12748,United Kingdom,2010-12-01 12:48:00,2011-12-09 12:20:00,223,23749,28405.56,6.371816958277255,1769,372
12749,United Kingdom,2011-05-10 15:25:00,2011-12-06 09:56:00,8,1422,3868.2,16.745454545454546,160,209
12750,Poland,2011-08-03 09:13:00,2011-08-03 09:13:00,1,137,275.88,18.392,15,0
12752,Norway,2011-09-19 13:32:00,2011-09-19 13:32:00,1,2262,4366.78,82.3920754716981,53,0
12753,Japan,2010-12-12 11:44:00,2011-12-06 11:40:00,11,11250,21024.01,91.40873913043478,132,358
12754,Japan,2011-02-04 10:31:00,2011-04-18 09:00:00,5,6479,2949.12,45.37107692307692,50,72
12755,Japan,2010-12-09 10:44:00,2011-04-04 10:12:00,4,866,2203.2,367.2,5,115
12756,Japan,2011-09-14 09:31:00,2011-09-14 09:31:00,1,144,112.07999999999998,28.019999999999996,4,0
12757,Portugal,2011-05-12 19:01:00,2011-11-24 12:30:00,19,2378,4205.25,11.365540540540541,237,195
12758,Portugal,2011-03-08 12:05:00,2011-08-15 10:22:00,2,2135,2791.59,28.779278350515465,84,159
12759,Netherlands,2011-03-09 08:09:00,2011-10-18 14:49:00,3,902,1531.44,16.12042105263158,81,223
12762,Portugal,2011-11-14 14:23:00,2011-12-02 10:23:00,2,1227,1898.52,27.51478260869565,62,17
12763,Japan,2010-12-05 15:46:00,2011-07-24 14:12:00,2,316,494.08,27.448888888888888,16,230
12764,Lebanon,2011-01-27 10:19:00,2011-01-27 10:19:00,1,386,1693.88,37.64177777777778,45,0
12766,Portugal,2010-12-08 13:53:00,2011-12-06 08:46:00,7,3646,6989.63,22.547193548387096,205,362
12769,Brazil,2011-04-15 10:25:00,2011-04-15 10:25:00,1,356,1143.6,35.7375,32,0
12770,Japan,2011-05-13 09:33:00,2011-05-13 09:33:00,1,743,1351.45,112.62083333333334,12,0
12772,Portugal,2011-10-11 09:19:00,2011-10-11 09:19:00,1,556,892.47,16.226727272727274,55,0
12775,Netherlands,2011-02-01 13:45:00,2011-11-22 16:33:00,6,853,1351.24,20.16776119402985,47,294
12778,Netherlands,2011-01-31 14:35:00,2011-11-20 11:39:00,7,824,804.23,15.76921568627451,40,292
12779,Poland,2010-12-03 13:40:00,2011-11-18 17:10:00,12,1996,3868.7,24.331446540880503,88,350
12781,Czech Republic,2011-02-28 08:43:00,2011-11-18 15:45:00,5,592,707.72,23.590666666666667,25,263
12782,Portugal,2010-12-17 11:30:00,2011-12-05 09:16:00,6,1070,2273.32,21.245981308411217,81,352
12783,Portugal,2011-09-25 15:35:00,2011-12-07 15:56:00,8,622,1603.87,18.649651162790697,76,73
12784,Portugal,2011-11-24 12:53:00,2011-11-30 15:38:00,2,280,532.8199999999999,9.347719298245613,54,6
12785,Portugal,2010-12-10 13:48:00,2011-12-07 12:46:00,2,128,305.71,20.380666666666666,14,361
12787,Netherlands,2011-05-31 09:36:00,2011-11-30 08:44:00,3,261,463.66,23.183,17,182
12789,Netherlands,2011-10-05 13:34:00,2011-10-05 13:34:00,1,4,91.85,22.9625,4,0
12790,Netherlands,2011-05-31 14:14:00,2011-05-31 14:14:00,1,166,324.92,15.472380952380954,21,0
12791,Netherlands,2010-12-01 11:27:00,2010-12-01 11:27:00,1,97,192.60000000000002,96.30000000000001,2,0
12792,Portugal,2011-03-28 11:36:00,2011-03-28 11:36:00,1,217,400.53999999999996,16.0216,25,0
12793,Portugal,2010-12-03 15:14:00,2011-01-09 12:12:00,2,295,545.48,22.728333333333335,21,36
12794,Portugal,2011-09-02 12:01:00,2011-10-17 14:54:00,2,592,860.41,19.12022222222222,43,45
12795,Portugal,2011-11-21 10:27:00,2011-11-21 10:27:00,1,68,430.48,30.74857142857143,14,0
12797,Portugal,2010-12-09 10:55:00,2010-12-14 16:24:00,3,79,194.18,11.42235294117647,13,5
12798,Japan,2011-06-22 10:11:00,2011-11-29 15:52:00,3,5256,6977.04,872.13,6,160
12802,Netherlands,2011-06-06 09:36:00,2011-06-09 09:44:00,2,302,412.58,15.868461538461538,25,3
12808,Portugal,2010-12-06 10:27:00,2011-11-03 10:05:00,3,188,483.65000000000003,17.273214285714285,27,331
12809,Portugal,2011-06-15 10:51:00,2011-06-24 15:15:00,2,219,484.36,18.62923076923077,25,9
12811,Portugal,2011-02-28 15:39:00,2011-03-24 09:42:00,3,230,514.85,16.608064516129033,27,23
12812,Japan,2011-10-26 09:54:00,2011-10-26 09:54:00,1,164,229.64000000000001,15.309333333333335,15,0
12814,Poland,2011-08-30 12:11:00,2011-08-30 12:11:00,1,49,125.92,62.96,2,0
12815,Poland,2011-05-25 13:34:00,2011-07-15 10:21:00,2,379,1063.46,22.6268085106383,38,50
12816,Poland,2011-06-16 13:24:00,2011-09-05 12:41:00,2,128,572.2,19.731034482758623,27,80
12817,Austria,2011-03-03 16:28:00,2011-03-03 16:28:00,1,53,166.04,41.51,4,0
12818,Austria,2011-03-23 12:06:00,2011-06-14 13:54:00,2,923,1517.88,94.8675,14,83
12820,United Kingdom,2011-01-17 12:34:00,2011-12-06 15:12:00,4,722,942.34,15.97186440677966,55,323
12821,United Kingdom,2011-05-09 15:51:00,2011-05-09 15:51:00,1,70,92.72,15.453333333333333,6,0
12822,United Kingdom,2011-09-13 13:46:00,2011-09-30 10:04:00,3,548,918.98,19.55276595744681,41,16
12823,United Kingdom,2011-02-16 12:15:00,2011-09-26 07:35:00,5,230,1759.5,351.9,1,221
12824,United Kingdom,2011-10-11 12:49:00,2011-10-11 12:49:00,1,232,397.12,15.8848,25,0
12826,United Kingdom,2010-12-09 15:21:00,2011-12-07 10:25:00,8,1054,1468.1200000000001,15.618297872340428,58,362
12827,United Kingdom,2011-10-26 15:44:00,2011-12-04 12:17:00,3,197,430.15000000000003,17.206000000000003,19,38
12828,United Kingdom,2011-08-01 16:16:00,2011-12-07 08:45:00,6,494,1018.71,18.19125,46,127
12829,United Kingdom,2010-12-14 14:54:00,2011-01-21 12:56:00,3,375,253.05,21.087500000000002,9,37
12830,United Kingdom,2011-06-21 10:53:00,2011-11-02 11:54:00,7,9847,6748.4,173.03589743589743,14,134
12831,United Kingdom,2011-03-22 13:02:00,2011-03-22 13:02:00,1,135,215.05,23.894444444444446,9,0
12832,United Kingdom,2011-09-02 13:48:00,2011-11-07 13:30:00,2,195,383.03,14.186296296296295,27,65
12833,United Kingdom,2011-07-17 13:46:00,2011-07-17 13:46:00,1,156,417.38,17.390833333333333,24,0
12834,United Kingdom,2011-03-02 09:49:00,2011-03-02 09:49:00,1,110,312.38,17.354444444444443,18,0
12836,United Kingdom,2011-02-01 11:19:00,2011-10-11 15:10:00,4,1062,2610.36,15.002068965517243,148,252
12837,United Kingdom,2011-06-19 16:07:00,2011-06-19 16:07:00,1,24,134.1,11.174999999999999,12,0
12838,United Kingdom,2010-12-01 11:57:00,2011-11-06 12:20:00,2,355,671.95,5.599583333333333,115,340
12839,United Kingdom,2010-12-07 15:48:00,2011-12-07 12:33:00,16,3804,5583.62,17.669683544303798,96,364
12840,United Kingdom,2011-04-27 12:21:00,2011-07-19 09:29:00,6,1505,2714.27,23.398879310344828,67,82
12841,United Kingdom,2010-12-03 10:43:00,2011-12-05 11:13:00,26,2646,3845.63,8.88136258660508,230,367
12842,United Kingdom,2011-02-04 12:36:00,2011-09-30 15:33:00,2,547,1118.99,32.9114705882353,34,238
12843,United Kingdom,2011-03-20 14:38:00,2011-10-05 12:09:00,9,753,1680.76,15.562592592592592,69,198
12844,United Kingdom,2011-08-01 13:11:00,2011-11-10 13:31:00,2,125,325.96000000000004,6.268461538461539,47,101
12845,United Kingdom,2011-02-22 14:10:00,2011-03-17 13:34:00,4,204,354.09,13.114444444444443,26,22
12847,United Kingdom,2011-11-17 13:16:00,2011-11-17 13:16:00,1,873,843.64,10.043333333333333,72,0
12849,United Kingdom,2011-03-16 12:26:00,2011-11-08 13:41:00,2,597,1010.29,21.047708333333333,47,237
12851,United Kingdom,2011-09-04 12:41:00,2011-09-04 12:41:00,1,106,131.81,2.8044680851063832,43,0
12852,United Kingdom,2011-02-18 08:47:00,2011-02-22 14:56:00,2,145,299.75,14.9875,17,4
12853,United Kingdom,2011-01-28 10:28:00,2011-08-24 11:00:00,9,782,1881.7,22.401190476190475,66,208
12854,United Kingdom,2011-01-25 12:11:00,2011-09-22 12:15:00,5,621,1280.9,11.235964912280702,97,240
12855,United Kingdom,2010-12-02 09:37:00,2010-12-02 09:37:00,1,30,38.1,12.700000000000001,3,0
12856,United Kingdom,2011-10-07 12:38:00,2011-12-02 10:52:00,8,1073,2153.53,6.858375796178344,155,55
12857,United Kingdom,2011-02-10 12:32:00,2011-05-13 10:20:00,2,343,1106.4,24.05217391304348,37,91
12863,United Kingdom,2011-05-24 17:17:00,2011-10-18 14:15:00,2,186,504.2,84.03333333333333,5,146
12864,United Kingdom,2011-07-24 13:03:00,2011-07-24 13:03:00,1,216,147.12,49.04,3,0
12865,Austria,2010-12-15 11:39:00,2011-11-13 14:31:00,3,877,1548.07,16.125729166666666,87,333
12866,Belgium,2011-03-01 14:11:00,2011-03-01 14:11:00,1,171,559.12,21.504615384615384,26,0
12867,United Kingdom,2010-12-14 15:16:00,2011-11-13 15:30:00,10,4260,3958.74,7.237184643510054,241,334
12868,United Kingdom,2010-12-01 12:50:00,2011-06-07 10:42:00,6,928,1607.0600000000002,15.0192523364486,72,187
12870,United Kingdom,2010-12-08 14:27:00,2010-12-08 14:27:00,1,-2,-14.899999999999999,-7.449999999999999,2,0
12871,United Kingdom,2011-05-16 13:32:00,2011-09-16 15:07:00,2,200,380.64,34.60363636363636,8,123
12872,United Kingdom,2010-12-09 14:44:00,2011-01-17 10:52:00,2,319,599.97,9.090454545454547,58,38
12873,United Kingdom,2011-03-02 14:58:00,2011-03-02 14:58:00,1,128,374.0,93.5,4,0
12875,United Kingdom,2010-12-12 12:03:00,2011-07-19 15:30:00,2,2019,343.2300000000001,171.61500000000004,1,219
12876,Belgium,2011-05-27 13:34:00,2011-10-13 12:26:00,2,1941,2218.02,26.09435294117647,67,138
12877,United Kingdom,2010-12-16 12:23:00,2011-12-06 10:30:00,12,1178,1535.77,9.972532467532467,100,354
12878,United Kingdom,2011-03-18 14:02:00,2011-11-21 14:30:00,3,536,841.64,17.176326530612243,38,248
12879,United Kingdom,2011-09-09 12:11:00,2011-10-26 12:24:00,4,363,552.5699999999999,46.04749999999999,7,47
12881,United Kingdom,2011-03-09 11:44:00,2011-03-09 11:44:00,1,21,298.0,42.57142857142857,7,0
12882,United Kingdom,2011-11-06 11:22:00,2011-11-30 16:18:00,2,246,1463.04,112.54153846153847,12,24
12883,United Kingdom,2011-09-11 15:18:00,2011-11-15 09:32:00,4,196,703.47,16.749285714285715,39,64
12884,United Kingdom,2011-09-12 13:10:00,2011-09-12 13:10:00,1,43,309.05,44.15,7,0
12885,United Kingdom,2011-08-08 11:45:00,2011-10-07 13:40:00,4,654,1158.27,16.087083333333332,66,60
12886,United Kingdom,2011-05-04 11:21:00,2011-10-03 10:09:00,3,761,1351.09,15.7103488372093,75,151
12888,United Kingdom,2011-03-29 14:31:00,2011-05-09 16:02:00,4,68,313.77,44.824285714285715,4,41
12890,United Kingdom,2011-11-15 17:26:00,2011-11-15 17:26:00,1,256,376.71999999999997,4.768607594936708,78,0
12891,United Kingdom,2011-02-20 11:28:00,2011-06-07 12:31:00,3,950,331.0,110.33333333333333,2,107
12893,United Kingdom,2011-11-09 12:34:00,2011-11-09 12:34:00,1,90,176.55,5.695161290322581,27,0
12895,United Kingdom,2011-09-14 08:35:00,2011-10-28 13:51:00,3,204,347.3,14.470833333333333,22,44
12897,United Kingdom,2011-02-11 11:40:00,2011-05-19 12:13:00,2,110,216.5,54.125,3,97
12901,United Kingdom,2011-03-14 10:41:00,2011-12-01 10:07:00,36,20915,16293.1,130.3448,32,261
12902,United Kingdom,2011-03-20 12:06:00,2011-03-20 12:06:00,1,66,138.68,13.868,10,0
12904,United Kingdom,2011-06-20 13:18:00,2011-11-21 14:34:00,2,294,496.06,6.986760563380281,59,154
12906,United Kingdom,2011-09-22 15:03:00,2011-11-28 09:55:00,5,1749,2919.81,46.34619047619047,55,66
12908,United Kingdom,2011-01-31 12:36:00,2011-10-12 10:11:00,4,0,246.0,61.5,2,253
12909,United Kingdom,2011-03-31 12:51:00,2011-10-31 12:43:00,8,1270,2128.83,22.1753125,78,213
12910,United Kingdom,2011-04-12 10:01:00,2011-11-16 14:28:00,8,1692,3075.04,41.00053333333333,48,218
12912,United Kingdom,2011-10-30 11:35:00,2011-12-07 08:55:00,5,670,1662.3,69.2625,17,37
12913,United Kingdom,2010-12-06 16:36:00,2011-12-05 12:11:00,5,1419,2483.63,49.6726,37,363
12915,United Kingdom,2010-12-02 12:33:00,2011-07-14 11:34:00,2,93,363.65,16.529545454545453,19,223
12916,United Kingdom,2011-01-23 10:43:00,2011-07-24 10:35:00,5,1075,2921.15,27.820476190476192,53,181
12917,United Kingdom,2011-08-03 16:42:00,2011-08-03 16:42:00,1,120,594.0,297.0,2,0
12919,United Kingdom,2011-06-23 09:22:00,2011-12-01 13:47:00,8,668,1301.44,25.02769230769231,34,161
12920,United Kingdom,2011-11-22 15:05:00,2011-11-22 15:05:00,1,128,162.78,6.028888888888889,27,0
12921,United Kingdom,2010-12-01 15:06:00,2011-12-06 09:56:00,50,9454,16389.74,22.118407557354928,233,369
12922,United Kingdom,2011-07-01 15:35:00,2011-07-01 15:35:00,1,370,405.38,14.477857142857143,28,0
12923,United Kingdom,2011-10-06 16:20:00,2011-10-06 16:20:00,1,68,172.82,6.172142857142857,28,0
12924,United Kingdom,2011-01-16 11:49:00,2011-09-12 13:55:00,5,480,929.95,29.998387096774195,22,239
12925,United Kingdom,2011-09-26 11:05:00,2011-12-05 11:11:00,2,541,694.05,15.423333333333332,42,70
12928,United Kingdom,2010-12-15 15:45:00,2011-11-04 14:24:00,5,1472,2062.7000000000003,24.555952380952384,59,323
12929,United Kingdom,2011-02-01 12:08:00,2011-08-09 14:30:00,2,36,105.1,11.677777777777777,8,189
12930,United Kingdom,2011-06-21 13:25:00,2011-09-22 15:18:00,4,250,409.9,15.18148148148148,20,93
12931,United Kingdom,2010-12-17 09:45:00,2011-11-18 12:39:00,20,23377,33462.81,328.06676470588235,29,336
12933,United Kingdom,2011-03-01 11:30:00,2011-11-15 16:38:00,4,498,606.28,5.666168224299065,103,259
12935,United Kingdom,2011-01-24 13:58:00,2011-12-07 17:25:00,8,1852,2156.45,16.588076923076922,80,317
12936,United Kingdom,2011-09-22 13:51:00,2011-11-22 17:32:00,5,539,1012.9,16.077777777777776,56,61
12937,United Kingdom,2011-03-17 14:19:00,2011-11-24 15:05:00,4,1007,1504.27,12.535583333333333,81,252
12938,United Kingdom,2011-11-14 11:21:00,2011-11-14 11:21:00,1,140,114.14,12.682222222222222,9,0
12939,United Kingdom,2011-01-09 11:20:00,2011-10-06 14:33:00,8,4876,11581.8,246.42127659574467,21,270
12940,United Kingdom,2011-09-13 10:16:00,2011-10-24 14:04:00,4,399,862.44,8.624400000000001,88,41
12942,United Kingdom,2010-12-09 09:34:00,2011-07-31 14:39:00,3,198,675.6,9.651428571428571,68,234
12943,United Kingdom,2011-02-11 15:13:00,2011-02-11 15:13:00,1,-1,-3.75,-3.75,1,0
12944,United Kingdom,2010-12-20 10:41:00,2011-11-04 11:04:00,2,289,604.51,20.150333333333332,29,319
12945,United Kingdom,2011-02-24 14:15:00,2011-02-24 14:15:00,1,165,462.95,20.128260869565217,23,0
12947,United Kingdom,2010-12-01 16:21:00,2011-07-19 10:06:00,11,1157,1407.29,13.663009708737864,83,229
12948,United Kingdom,2011-03-20 10:17:00,2011-11-23 17:10:00,8,1077,2053.7,17.40423728813559,82,248
12949,United Kingdom,2011-04-01 13:20:00,2011-11-09 11:25:00,10,2363,4143.02,18.917899543378997,166,221
12950,United Kingdom,2011-11-15 13:48:00,2011-12-07 13:17:00,3,1380,1843.0,80.1304347826087,13,21
12951,United Kingdom,2011-01-13 10:33:00,2011-12-01 12:14:00,8,500,1042.07,16.031846153846153,54,322
12952,United Kingdom,2011-09-22 16:37:00,2011-12-04 10:35:00,5,652,1382.8400000000001,17.285500000000003,64,72
12953,United Kingdom,2011-11-30 09:24:00,2011-11-30 09:24:00,1,84,329.85,19.40294117647059,17,0
12955,United Kingdom,2011-03-17 09:03:00,2011-12-08 16:29:00,14,3642,4734.26,25.870273224043718,81,266
12956,United Kingdom,2011-02-06 16:08:00,2011-02-06 16:08:00,1,34,108.07,5.687894736842105,19,0
12957,United Kingdom,2011-01-04 12:18:00,2011-12-05 16:32:00,12,2531,3979.04,16.307540983606557,208,335
12962,United Kingdom,2011-08-18 13:38:00,2011-12-02 15:55:00,2,129,266.39,16.649375,15,106
12963,United Kingdom,2010-12-09 09:14:00,2011-12-01 12:55:00,9,873,1841.03,19.177395833333332,76,357
12965,United Kingdom,2011-09-11 15:31:00,2011-09-11 15:31:00,1,282,769.8100000000001,7.1278703703703705,108,0
12966,United Kingdom,2011-11-30 12:38:00,2011-11-30 12:38:00,1,75,160.18,16.018,10,0
12967,United Kingdom,2010-12-03 09:49:00,2011-12-06 14:19:00,4,243,1194.75,36.20454545454545,21,368
12968,United Kingdom,2011-08-19 15:44:00,2011-08-19 15:44:00,1,73,135.95,27.189999999999998,5,0
12970,United Kingdom,2011-01-21 14:04:00,2011-12-02 14:30:00,4,268,405.47,3.1431782945736435,116,315
12971,United Kingdom,2010-12-02 16:42:00,2011-12-06 12:20:00,89,9203,10930.26,35.487857142857145,95,368
12974,United Kingdom,2011-05-26 09:33:00,2011-05-26 09:33:00,1,24,144.8,18.1,8,0
12976,United Kingdom,2011-05-12 09:55:00,2011-05-12 09:55:00,1,561,738.6,33.57272727272727,22,0
12977,United Kingdom,2011-07-06 16:40:00,2011-07-06 16:40:00,1,12,39.239999999999995,4.359999999999999,9,0
12980,United Kingdom,2010-12-16 11:36:00,2011-07-07 11:42:00,12,864,7092.06,295.5025,6,203
12981,United Kingdom,2011-07-29 14:14:00,2011-11-10 12:00:00,2,242,372.21999999999997,18.610999999999997,12,103
12982,United Kingdom,2011-04-11 11:51:00,2011-04-14 10:49:00,2,278,377.2,11.094117647058823,28,2
12984,United Kingdom,2011-11-21 12:37:00,2011-11-21 12:37:00,1,26,97.5,24.375,4,0
12985,United Kingdom,2011-11-11 12:44:00,2011-12-09 10:46:00,3,1413,1215.6200000000001,15.584871794871797,73,27
12987,United Kingdom,2011-05-26 12:00:00,2011-09-27 12:03:00,3,217,545.0,18.166666666666668,27,124
12988,United Kingdom,2011-02-20 14:31:00,2011-02-20 14:31:00,1,126,505.82,6.094216867469879,75,0
12989,United Kingdom,2010-12-10 13:24:00,2011-12-06 15:28:00,19,2915,6854.51,100.80161764705883,41,361
12990,United Kingdom,2011-02-02 15:39:00,2011-11-08 13:01:00,3,200,409.5,31.5,8,278
12991,United Kingdom,2011-08-19 14:39:00,2011-11-16 15:34:00,2,405,503.76,16.25032258064516,31,89
12993,United Kingdom,2011-02-14 14:29:00,2011-11-16 15:49:00,4,240,414.76,15.361481481481482,26,275
12994,United Kingdom,2011-03-16 08:31:00,2011-12-05 15:43:00,5,440,902.22,12.35917808219178,52,264
12995,United Kingdom,2011-09-15 15:44:00,2011-09-23 09:20:00,2,98,200.72,40.144,3,7
12997,United Kingdom,2011-01-26 15:49:00,2011-11-17 15:47:00,7,648,1197.94,17.879701492537315,45,294
12999,United Kingdom,2011-04-08 10:26:00,2011-05-27 13:24:00,3,342,455.88,16.28142857142857,25,49
13000,United Kingdom,2010-12-10 10:26:00,2011-08-25 10:43:00,3,379,534.85,17.253225806451614,30,258
13001,United Kingdom,2011-01-17 12:45:00,2011-12-05 14:51:00,15,5482,9765.07,28.720794117647056,166,322
13002,United Kingdom,2011-01-25 15:18:00,2011-01-25 15:18:00,1,73,120.94999999999999,17.27857142857143,7,0
13003,United Kingdom,2011-05-09 08:23:00,2011-08-26 10:50:00,3,103,149.05,24.84166666666667,4,109
13004,United Kingdom,2010-12-17 08:20:00,2011-11-28 11:27:00,22,4796,5613.43,13.72476772616137,277,346
13005,United Kingdom,2011-04-07 13:32:00,2011-06-19 10:53:00,3,167,468.95,16.170689655172414,21,72
13006,United Kingdom,2011-10-14 13:49:00,2011-10-14 13:49:00,1,55,81.57,20.3925,4,0
13008,United Kingdom,2010-12-14 10:28:00,2011-01-20 14:24:00,2,115,178.46999999999997,11.897999999999998,15,37
13011,United Kingdom,2010-12-02 17:22:00,2010-12-02 17:22:00,1,13,50.550000000000004,16.85,3,0
13012,United Kingdom,2011-02-18 09:43:00,2011-11-30 13:05:00,11,667,1296.6200000000001,12.232264150943397,68,285
13013,United Kingdom,2010-12-03 12:28:00,2011-12-08 15:01:00,15,2217,4786.99,21.563018018018017,155,370
13014,United Kingdom,2011-03-03 18:28:00,2011-12-07 09:24:00,16,884,3365.43,27.36121951219512,67,278
13015,United Kingdom,2011-04-04 14:28:00,2011-10-17 13:19:00,5,1609,3339.64,19.08365714285714,156,195
13016,United Kingdom,2011-08-08 15:00:00,2011-09-27 14:08:00,3,527,789.89,16.806170212765956,39,49
13017,United Kingdom,2011-12-02 15:53:00,2011-12-02 15:53:00,1,48,204.0,204.0,1,0
13018,United Kingdom,2011-02-17 11:05:00,2011-11-23 13:28:00,29,5434,7272.75,15.844771241830065,313,279
13021,United Kingdom,2010-12-09 14:12:00,2011-12-05 16:37:00,12,1336,2584.4,19.286567164179104,103,361
13023,United Kingdom,2011-08-02 09:34:00,2011-10-06 16:27:00,2,286,689.9,17.2475,36,65
13026,United Kingdom,2011-03-09 11:35:00,2011-12-08 16:58:00,8,1586,936.15,21.77093023255814,34,274
13027,United Kingdom,2010-12-20 12:45:00,2011-08-18 09:39:00,6,17280,6912.0,265.84615384615387,6,240
13028,United Kingdom,2011-10-25 14:09:00,2011-11-17 11:10:00,3,796,659.68,14.035744680851062,40,22
13029,United Kingdom,2010-12-21 13:53:00,2011-11-09 09:13:00,3,134,1247.5,124.75,8,322
13030,United Kingdom,2010-12-06 14:31:00,2011-11-28 14:30:00,2,348,752.4399999999999,8.178695652173912,76,356
13032,United Kingdom,2011-09-13 16:40:00,2011-11-01 09:56:00,3,367,996.52,13.286933333333334,55,48
13033,United Kingdom,2010-12-17 14:23:00,2010-12-17 14:23:00,1,83,190.55,17.322727272727274,11,0
13034,United Kingdom,2010-12-05 14:52:00,2011-10-16 12:21:00,2,369,642.77,17.372162162162162,37,314
13035,United Kingdom,2011-03-24 09:21:00,2011-10-13 12:23:00,3,627,886.63,29.554333333333332,23,203
13037,United Kingdom,2011-03-28 15:42:00,2011-07-24 15:46:00,3,431,881.07,18.355625,44,118
13038,United Kingdom,2011-02-22 11:43:00,2011-09-20 14:37:00,3,360,908.46,32.445,24,210
13040,United Kingdom,2011-11-06 13:53:00,2011-12-01 10:38:00,2,355,676.99,15.743953488372092,38,24
13043,United Kingdom,2011-03-11 14:52:00,2011-03-31 12:14:00,2,251,471.57,33.683571428571426,13,19
13044,United Kingdom,2011-02-21 15:20:00,2011-02-21 15:20:00,1,429,560.47,16.983939393939394,33,0
13045,United Kingdom,2011-09-01 15:04:00,2011-09-01 15:04:00,1,221,305.28000000000003,16.96,18,0
13046,United Kingdom,2011-03-18 15:43:00,2011-11-09 08:36:00,2,264,629.31,17.980285714285714,33,235
13047,United Kingdom,2010-12-01 08:34:00,2011-11-08 12:10:00,18,1355,3079.1,15.70969387755102,106,342
13048,United Kingdom,2011-01-16 14:36:00,2011-11-25 13:23:00,5,1220,1789.41,13.157426470588236,77,312
13049,United Kingdom,2011-01-25 16:33:00,2011-10-06 15:31:00,2,268,656.6800000000001,46.90571428571429,14,253
13050,United Kingdom,2010-12-08 09:30:00,2011-11-30 17:28:00,28,3707,5684.61,13.47063981042654,246,357
13052,United Kingdom,2011-05-11 14:12:00,2011-05-11 14:12:00,1,222,348.15000000000003,19.34166666666667,18,0
13055,United Kingdom,2011-05-10 08:58:00,2011-10-06 18:57:00,4,891,1201.96,15.40974358974359,74,149
13058,United Kingdom,2011-07-11 12:01:00,2011-11-15 12:43:00,3,52,271.40000000000003,33.925000000000004,5,127
13059,United Kingdom,2011-04-04 10:40:00,2011-04-04 10:40:00,1,35,183.4,22.925,8,0
13060,United Kingdom,2011-03-31 11:37:00,2011-03-31 11:37:00,1,123,307.53,20.502,15,0
13061,United Kingdom,2011-09-28 16:04:00,2011-09-28 16:04:00,1,107,248.61,24.861,10,0
13062,United Kingdom,2011-06-01 15:12:00,2011-06-01 15:12:00,1,343,346.98,31.543636363636367,11,0
13064,United Kingdom,2011-01-16 13:41:00,2011-11-27 12:31:00,4,514,1105.59,16.258676470588235,51,314
13065,United Kingdom,2010-12-01 16:52:00,2010-12-01 16:52:00,1,74,205.86,14.704285714285716,14,0
13066,United Kingdom,2011-11-07 17:06:00,2011-11-15 13:39:00,3,320,430.9,8.793877551020408,48,7
13067,United Kingdom,2011-09-18 13:38:00,2011-09-18 13:38:00,1,32,115.46000000000001,7.697333333333334,14,0
13068,United Kingdom,2011-01-24 08:20:00,2011-11-29 15:00:00,2,200,344.0,172.0,1,309
13069,United Kingdom,2010-12-05 11:02:00,2011-12-09 08:39:00,27,5454,3713.14,7.917142857142857,285,368
13070,United Kingdom,2011-05-31 13:45:00,2011-05-31 13:45:00,1,110,228.8,25.422222222222224,9,0
13072,United Kingdom,2011-03-18 08:12:00,2011-03-18 08:12:00,1,69,177.15,25.307142857142857,7,0
13075,United Kingdom,2011-08-02 10:19:00,2011-08-02 10:19:00,1,485,919.61,41.80045454545455,22,0
13077,United Kingdom,2010-12-08 14:59:00,2011-12-08 19:24:00,4,862,728.02,6.558738738738739,99,365
13078,United Kingdom,2010-12-08 09:07:00,2011-12-08 18:48:00,43,5557,12432.28,32.71652631578947,96,365
13079,United Kingdom,2011-07-22 14:41:00,2011-12-05 16:53:00,5,62,220.10000000000002,36.68333333333334,2,136
13080,United Kingdom,2011-06-13 14:59:00,2011-06-13 14:59:00,1,120,58.08,9.68,6,0
13081,United Kingdom,2010-12-03 17:20:00,2011-12-08 13:13:00,21,18929,27964.48,26.45646168401135,511,369
13082,United Kingdom,2011-01-05 15:42:00,2011-08-05 16:16:00,10,4313,3595.48,47.939733333333336,63,212
13083,United Kingdom,2011-09-25 10:46:00,2011-12-05 15:01:00,2,187,303.75,16.875,15,71
13085,United Kingdom,2011-02-17 13:57:00,2011-07-05 12:11:00,3,108,272.38,9.392413793103447,17,137
13089,United Kingdom,2010-12-05 10:27:00,2011-12-07 09:02:00,118,30742,57322.13,30.934770642201833,636,366
13090,United Kingdom,2010-12-02 07:48:00,2011-12-01 12:39:00,18,2194,8689.39,53.971366459627326,98,364
13091,United Kingdom,2011-11-11 15:54:00,2011-11-18 16:48:00,2,450,319.82,13.325833333333334,21,7
13092,United Kingdom,2010-12-15 12:27:00,2011-09-30 11:18:00,6,271,459.83,17.685769230769232,19,288
13093,United Kingdom,2010-12-01 15:00:00,2011-03-17 17:16:00,13,3943,7741.47,45.53805882352941,99,106
13094,United Kingdom,2010-12-06 10:34:00,2011-11-18 14:07:00,16,1542,1708.8600000000001,56.962,4,347
13095,United Kingdom,2011-09-30 12:03:00,2011-09-30 12:03:00,1,144,74.39999999999999,12.399999999999999,6,0
13097,United Kingdom,2010-12-14 15:13:00,2011-11-07 10:43:00,14,2338,5886.12,13.531310344827586,215,327
13098,United Kingdom,2011-01-26 13:46:00,2011-12-08 14:14:00,41,15911,28658.88,47.37004958677686,163,316
13099,United Kingdom,2011-09-01 17:40:00,2011-09-01 17:40:00,1,288,207.35999999999999,207.35999999999999,1,0
13101,United Kingdom,2011-04-19 14:37:00,2011-04-19 14:37:00,1,113,101.19,12.64875,8,0
13102,United Kingdom,2010-12-09 13:38:00,2011-12-08 12:52:00,27,4160,6336.29,20.439645161290322,141,363
13103,United Kingdom,2011-10-31 09:38:00,2011-10-31 09:38:00,1,82,243.94,30.4925,8,0
13104,United Kingdom,2010-12-20 11:58:00,2011-12-06 13:10:00,6,504,1098.48,54.924,14,351
13106,United Kingdom,2011-07-29 15:12:00,2011-08-03 11:50:00,2,14,59.5,29.75,1,4
13107,United Kingdom,2011-01-10 12:28:00,2011-10-26 14:52:00,5,1288,1524.07,25.401166666666665,54,289
13108,United Kingdom,2010-12-02 10:35:00,2010-12-02 10:35:00,1,298,350.06,35.006,10,0
13109,United Kingdom,2011-07-05 14:56:00,2011-12-07 12:38:00,5,514,766.84,15.3368,41,154
13110,United Kingdom,2011-02-01 15:24:00,2011-11-08 14:30:00,8,384,1452.8700000000001,9.951164383561645,109,279
13113,United Kingdom,2010-12-08 13:07:00,2011-12-09 12:49:00,40,2589,10510.0,37.67025089605735,113,365
13115,United Kingdom,2010-12-08 15:01:00,2011-12-01 09:39:00,14,1534,2205.63,16.709318181818183,92,357
13116,United Kingdom,2011-07-24 14:33:00,2011-08-14 14:36:00,2,290,485.19,15.651290322580644,30,21
13117,United Kingdom,2010-12-02 13:11:00,2011-11-18 12:02:00,8,945,984.91,12.959342105263158,66,350
13118,United Kingdom,2011-02-24 09:59:00,2011-11-20 12:46:00,7,389,1125.0,13.71951219512195,68,269
13120,United Kingdom,2011-04-15 10:19:00,2011-04-15 10:19:00,1,12,30.599999999999998,30.599999999999998,1,0
13121,United Kingdom,2011-03-15 16:47:00,2011-03-15 16:51:00,2,227,254.73,4.806226415094339,50,0
13122,United Kingdom,2011-04-13 14:12:00,2011-09-06 15:53:00,2,585,922.39,16.77072727272727,54,146
13124,United Kingdom,2010-12-15 15:00:00,2011-09-11 12:45:00,3,2119,3756.33,16.920405405405404,185,269
13126,United Kingdom,2010-12-08 11:42:00,2011-12-05 10:00:00,10,2130,2056.29,14.480915492957747,124,361
13127,United Kingdom,2011-09-23 10:26:00,2011-09-23 10:26:00,1,127,259.17,17.278000000000002,15,0
13130,United Kingdom,2011-09-06 15:30:00,2011-09-06 15:30:00,1,32,64.0,32.0,2,0
13131,United Kingdom,2011-06-05 10:54:00,2011-11-16 13:21:00,4,443,1039.3,22.593478260869563,30,164
13132,United Kingdom,2011-03-23 12:44:00,2011-03-23 12:44:00,1,20,77.3,25.766666666666666,3,0
13133,United Kingdom,2011-02-08 15:48:00,2011-03-11 10:31:00,2,32,109.8,15.685714285714285,7,30
13134,United Kingdom,2011-04-13 12:57:00,2011-09-28 09:22:00,7,1044,1740.63,16.577428571428573,94,167
13135,United Kingdom,2011-05-27 10:52:00,2011-05-27 10:52:00,1,4300,3096.0,3096.0,1,0
13136,United Kingdom,2010-12-09 15:34:00,2011-10-20 19:13:00,11,1312,2545.38,18.31208633093525,97,315
13137,United Kingdom,2011-02-04 11:54:00,2011-11-29 12:09:00,9,2203,3557.96,5.1714534883720935,346,298
13138,United Kingdom,2010-12-02 15:03:00,2011-11-17 16:51:00,6,473,962.39,15.276031746031746,31,350
13139,United Kingdom,2011-03-25 11:57:00,2011-11-23 13:54:00,8,2418,5055.79,29.05626436781609,132,243
13140,United Kingdom,2010-12-08 15:12:00,2011-08-23 15:33:00,3,185,422.47,9.388222222222224,40,258
13141,United Kingdom,2011-01-28 13:04:00,2011-09-16 09:54:00,6,1547,2385.8,17.54264705882353,113,230
13142,United Kingdom,2011-11-20 16:07:00,2011-11-20 16:07:00,1,258,307.09,13.351739130434781,23,0
13144,United Kingdom,2011-01-11 11:15:00,2011-01-11 11:15:00,1,21,110.95,36.983333333333334,3,0
13145,United Kingdom,2010-12-02 18:06:00,2011-10-31 12:45:00,5,142,614.77,87.82428571428571,5,332
13146,United Kingdom,2011-11-13 15:29:00,2011-11-13 15:29:00,1,154,228.91,13.465294117647058,16,0
13147,United Kingdom,2011-09-01 12:28:00,2011-11-29 13:59:00,4,144,712.8000000000001,178.20000000000002,1,89
13148,United Kingdom,2010-12-10 13:06:00,2011-11-10 15:23:00,17,1818,3324.62,9.778294117647059,238,335
13149,United Kingdom,2011-02-23 13:57:00,2011-11-25 13:09:00,4,1280,1676.06,19.48906976744186,76,274
13151,United Kingdom,2011-02-17 12:29:00,2011-05-20 12:55:00,2,361,1250.3700000000001,16.6716,73,92
13153,United Kingdom,2011-12-04 12:14:00,2011-12-04 12:14:00,1,418,486.22,32.41466666666667,15,0
13154,United Kingdom,2011-07-18 15:21:00,2011-07-18 15:21:00,1,-1,-611.86,-611.86,1,0
13155,United Kingdom,2010-12-06 12:44:00,2011-11-06 15:41:00,4,497,971.76,11.432470588235294,67,335
13157,United Kingdom,2011-02-14 14:03:00,2011-10-21 13:50:00,5,1430,1721.57,19.343483146067413,69,248
13158,United Kingdom,2011-01-25 09:58:00,2011-09-06 11:58:00,4,784,1201.06,15.203291139240505,59,224
13159,United Kingdom,2011-08-16 11:44:00,2011-12-01 11:20:00,5,1044,1371.25,11.332644628099173,114,106
13160,United Kingdom,2011-11-17 13:07:00,2011-11-17 13:07:00,1,56,91.8,22.95,4,0
13161,United Kingdom,2011-01-30 14:03:00,2011-01-30 14:03:00,1,29,112.75,14.09375,8,0
13162,United Kingdom,2011-01-09 10:43:00,2011-08-09 15:59:00,5,1663,1644.99,20.060853658536587,74,212
13165,United Kingdom,2010-12-23 14:06:00,2011-10-24 15:05:00,2,1376,1021.48,24.32095238095238,40,305
13166,United Kingdom,2011-03-01 15:16:00,2011-03-02 14:28:00,2,214,414.7,9.873809523809523,39,0
13167,United Kingdom,2011-07-19 12:13:00,2011-11-21 12:24:00,4,785,791.33,12.174307692307693,51,125
13168,United Kingdom,2011-01-25 13:55:00,2011-11-03 12:56:00,5,668,1290.54,10.08234375,102,281
13169,United Kingdom,2011-04-01 14:24:00,2011-10-07 12:11:00,2,272,712.88,54.83692307692308,11,188
13170,United Kingdom,2011-11-13 12:19:00,2011-11-13 12:19:00,1,141,108.81,3.6270000000000002,29,0
13171,United Kingdom,2011-02-13 14:16:00,2011-12-01 15:06:00,5,227,426.81,8.891875,37,291
13173,United Kingdom,2010-12-07 14:30:00,2011-12-05 15:51:00,2,277,353.65,8.224418604651163,41,363
13174,United Kingdom,2010-12-05 16:24:00,2011-11-23 14:35:00,3,1352,2742.82,9.361160409556314,228,352
13176,United Kingdom,2011-10-24 15:43:00,2011-10-24 15:43:00,1,448,481.49,7.186417910447761,66,0
13177,United Kingdom,2011-10-06 09:56:00,2011-10-06 09:56:00,1,91,282.45,16.61470588235294,17,0
13178,United Kingdom,2010-12-14 12:22:00,2011-11-13 16:14:00,11,3570,5725.47,21.60554716981132,95,334
13182,United Kingdom,2011-10-25 13:46:00,2011-10-25 13:46:00,1,201,121.18,11.016363636363637,11,0
13183,United Kingdom,2011-01-09 10:50:00,2011-12-02 10:30:00,9,2208,3957.78,42.10404255319149,51,326
13184,United Kingdom,2011-02-22 17:25:00,2011-11-25 12:02:00,12,1632,1616.45,8.930662983425414,138,275
13185,United Kingdom,2011-03-17 11:56:00,2011-03-17 11:56:00,1,12,71.4,71.4,1,0
13186,United Kingdom,2011-08-03 09:09:00,2011-10-31 11:40:00,5,804,1539.69,18.329642857142858,69,89
13187,United Kingdom,2011-01-06 18:57:00,2011-01-06 18:57:00,1,95,236.02,6.378918918918919,37,0
13188,United Kingdom,2011-11-28 15:28:00,2011-11-28 15:28:00,1,25,114.60000000000001,57.300000000000004,2,0
13189,United Kingdom,2011-08-16 13:12:00,2011-11-21 10:39:00,2,842,260.68,8.988965517241379,29,96
13192,United Kingdom,2011-05-18 14:57:00,2011-09-05 14:13:00,2,595,911.94,14.475238095238096,57,109
13193,United Kingdom,2011-10-09 14:30:00,2011-10-09 14:30:00,1,46,112.08,4.4832,22,0
13194,United Kingdom,2011-07-27 09:01:00,2011-07-27 09:01:00,1,26,60.7,20.233333333333334,3,0
13196,United Kingdom,2011-03-22 14:24:00,2011-11-28 13:54:00,4,1224,1797.78,16.343454545454545,97,250
13198,United Kingdom,2010-12-13 09:29:00,2011-11-29 15:17:00,8,2645,3384.09,14.77768558951965,200,351
13199,United Kingdom,2010-12-08 10:51:00,2011-12-06 12:30:00,39,6172,9803.96,81.69966666666666,48,363
13200,United Kingdom,2011-08-05 14:50:00,2011-11-20 15:35:00,4,516,870.09,18.915,42,107
13203,United Kingdom,2011-04-11 14:40:00,2011-11-30 10:45:00,4,800,869.46,15.253684210526316,56,232
13207,United Kingdom,2011-07-12 11:35:00,2011-11-24 14:52:00,2,130,250.26000000000002,31.282500000000002,7,135
13208,United Kingdom,2011-02-03 19:32:00,2011-10-12 09:54:00,7,785,1199.65,8.051342281879196,124,250
13209,United Kingdom,2010-12-13 10:31:00,2011-11-09 13:54:00,11,4232,5820.16,17.690455927051673,255,331
13210,United Kingdom,2011-09-07 08:18:00,2011-09-07 08:18:00,1,316,353.48,16.067272727272726,22,0
13211,United Kingdom,2010-12-13 16:17:00,2011-11-29 14:43:00,3,834,1095.42,19.916727272727275,45,350
13212,United Kingdom,2011-10-09 14:48:00,2011-11-30 15:12:00,4,308,779.33,5.488239436619718,128,52
13213,United Kingdom,2011-05-24 12:22:00,2011-10-14 11:42:00,6,1357,1518.43,16.50467391304348,82,142
13216,United Kingdom,2011-03-17 12:18:00,2011-03-17 12:18:00,1,297,333.74,66.748,5,0
13217,United Kingdom,2011-07-06 12:08:00,2011-08-09 15:32:00,5,114,133.62,19.08857142857143,3,34
13218,United Kingdom,2011-08-04 16:59:00,2011-08-04 16:59:00,1,88,62.63999999999999,12.527999999999999,5,0
13220,United Kingdom,2011-04-17 10:59:00,2011-09-22 13:38:00,4,196,819.2900000000001,39.01380952380953,18,158
13221,United Kingdom,2010-12-15 13:24:00,2011-04-13 16:58:00,2,244,847.41,12.839545454545455,62,119
13223,United Kingdom,2011-04-21 15:16:00,2011-05-23 13:03:00,2,88,163.20000000000002,32.64,5,31
13224,United Kingdom,2011-07-11 14:10:00,2011-10-10 15:00:00,3,1512,2150.85,19.732568807339447,101,91
13225,United Kingdom,2010-12-13 09:49:00,2011-12-06 13:29:00,8,3352,6083.04,178.91294117647058,23,358
13226,United Kingdom,2011-03-11 14:35:00,2011-03-11 14:35:00,1,80,108.21000000000001,6.7631250000000005,16,0
13227,United Kingdom,2011-05-22 11:47:00,2011-05-22 11:47:00,1,99,257.7,28.633333333333333,9,0
13228,United Kingdom,2011-09-19 14:28:00,2011-09-19 14:28:00,1,200,358.0,179.0,2,0
13229,United Kingdom,2011-04-28 12:07:00,2011-04-28 12:07:00,1,63,160.95,16.095,10,0
13230,United Kingdom,2010-12-09 19:28:00,2011-12-05 16:03:00,15,1517,2712.07,4.612363945578232,393,360
13232,United Kingdom,2011-04-10 13:48:00,2011-11-27 10:39:00,7,773,1328.35,6.575990099009901,147,230
13233,United Kingdom,2011-01-07 14:49:00,2011-09-26 13:25:00,2,1004,605.12,14.072558139534884,43,261
13235,United Kingdom,2011-05-11 17:13:00,2011-05-12 09:48:00,2,440,101.17000000000007,1.7147457627118656,54,0
13236,United Kingdom,2011-08-25 08:58:00,2011-11-15 12:50:00,3,411,727.27,18.64794871794872,34,82
13238,United Kingdom,2010-12-14 14:37:00,2011-11-28 15:30:00,5,296,680.83,21.2759375,20,349
13239,United Kingdom,2011-03-23 10:25:00,2011-03-23 10:25:00,1,327,329.56,15.693333333333333,21,0
13240,United Kingdom,2010-12-09 12:49:00,2011-09-04 14:08:00,4,298,663.65,9.905223880597015,59,269
13242,United Kingdom,2011-05-10 12:26:00,2011-08-19 12:53:00,3,130,270.40000000000003,20.800000000000004,12,101
13243,United Kingdom,2011-05-20 13:14:00,2011-05-20 13:14:00,1,232,585.12,10.265263157894736,56,0
13244,United Kingdom,2011-09-08 11:46:00,2011-09-08 11:46:00,1,38,121.74000000000001,4.508888888888889,27,0
13245,United Kingdom,2011-10-20 11:40:00,2011-10-20 11:40:00,1,125,430.5,26.90625,16,0
13246,United Kingdom,2011-01-13 13:36:00,2011-11-21 16:50:00,7,1537,1896.32,13.741449275362319,110,312
13247,United Kingdom,2011-09-18 11:31:00,2011-11-22 10:59:00,4,328,501.12,20.0448,18,64
13248,United Kingdom,2011-06-03 13:05:00,2011-08-07 12:40:00,2,305,465.68,17.91076923076923,25,64
13249,United Kingdom,2011-03-23 15:26:00,2011-09-08 13:26:00,3,546,711.41,30.93086956521739,21,168
13253,United Kingdom,2011-01-04 15:43:00,2011-07-06 10:09:00,2,1572,1030.4,28.622222222222224,35,182
13255,United Kingdom,2010-12-01 11:58:00,2011-12-06 10:56:00,3,174,390.66,27.904285714285717,13,369
13258,United Kingdom,2011-05-18 13:11:00,2011-11-28 09:31:00,3,282,672.83,18.689722222222223,28,193
13259,United Kingdom,2011-10-09 10:48:00,2011-10-09 10:48:00,1,126,283.18,3.4960493827160493,77,0
13260,United Kingdom,2011-10-09 13:21:00,2011-10-09 13:21:00,1,142,557.62,69.7025,8,0
13261,United Kingdom,2011-02-27 10:41:00,2011-03-16 12:22:00,2,210,944.1,104.9,8,17
13262,United Kingdom,2011-03-21 15:06:00,2011-03-21 15:06:00,1,125,200.29,18.208181818181817,11,0
13263,United Kingdom,2011-01-18 16:31:00,2011-12-08 13:59:00,35,4768,7436.93,4.46126574685063,450,323
13265,United Kingdom,2011-03-11 09:54:00,2011-10-17 15:02:00,5,1740,2092.66,23.251777777777775,66,220
13266,United Kingdom,2010-12-15 16:56:00,2011-11-28 14:39:00,19,4299,3717.67,18.40430693069307,83,347
13267,United Kingdom,2010-12-08 09:20:00,2011-12-07 11:12:00,27,1939,4404.44,19.662678571428568,88,364
13268,United Kingdom,2011-03-17 13:20:00,2011-11-22 11:51:00,15,3601,3127.7,7.108409090909091,257,249
13269,United Kingdom,2010-12-05 11:51:00,2011-12-08 14:53:00,17,3508,5312.97,16.655078369905958,178,368
13270,United Kingdom,2010-12-08 14:53:00,2010-12-08 14:53:00,1,200,590.0,590.0,1,0
13271,United Kingdom,2011-11-02 14:31:00,2011-11-02 14:43:00,2,168,172.37,1.8735869565217391,79,0
13272,United Kingdom,2011-09-11 12:06:00,2011-11-08 14:00:00,2,96,276.56,18.437333333333335,15,58
13273,United Kingdom,2011-08-18 14:02:00,2011-08-18 14:02:00,1,153,138.98,8.68625,16,0
13276,United Kingdom,2011-09-01 10:03:00,2011-10-07 12:44:00,2,161,590.9300000000001,19.69766666666667,30,36
13277,United Kingdom,2011-07-29 10:06:00,2011-11-24 09:21:00,4,176,258.4,32.3,5,117
13278,United Kingdom,2011-10-30 11:49:00,2011-10-30 11:49:00,1,537,542.73,11.798478260869565,46,0
13279,United Kingdom,2011-09-22 17:24:00,2011-10-06 18:51:00,2,70,126.30000000000001,11.481818181818182,9,14
13280,United Kingdom,2011-01-06 17:10:00,2011-08-09 13:14:00,3,518,798.46,9.737317073170733,67,214
13282,United Kingdom,2011-05-03 12:03:00,2011-11-21 15:33:00,6,289,1047.8400000000001,26.196000000000005,30,202
13283,United Kingdom,2011-06-07 12:39:00,2011-10-11 09:50:00,2,90,93.66,13.379999999999999,7,125
13284,United Kingdom,2011-01-13 09:23:00,2011-01-21 10:25:00,2,79,196.15,14.010714285714286,13,8
13285,United Kingdom,2011-02-22 17:13:00,2011-11-16 13:19:00,4,2051,2709.12,14.487272727272726,157,266
13291,United Kingdom,2011-07-07 10:36:00,2011-07-07 10:36:00,1,233,361.11,8.597857142857142,41,0
13292,United Kingdom,2011-02-28 15:00:00,2011-11-01 10:04:00,2,347,578.9399999999999,18.67548387096774,29,245
13294,United Kingdom,2011-04-04 12:37:00,2011-06-03 08:54:00,2,453,873.74,16.18037037037037,48,59
13295,United Kingdom,2010-12-02 17:36:00,2010-12-15 11:21:00,2,81,197.95000000000002,17.995454545454546,11,12
13296,United Kingdom,2011-07-25 13:46:00,2011-07-25 13:46:00,1,78,87.4,17.48,5,0
13297,United Kingdom,2011-10-03 15:08:00,2011-12-02 09:32:00,4,963,2089.85,35.421186440677964,52,59
13298,United Kingdom,2011-12-08 13:11:00,2011-12-08 13:11:00,1,96,360.0,180.0,2,0
13299,United Kingdom,2011-03-16 12:55:00,2011-03-16 12:55:00,1,30,142.5,28.5,5,0
13300,United Kingdom,2011-06-23 13:09:00,2011-06-28 11:59:00,2,201,365.29,16.60409090909091,20,4
13301,United Kingdom,2011-02-20 13:13:00,2011-08-28 11:25:00,4,345,618.09,7.630740740740741,75,188
13302,United Kingdom,2011-07-07 17:56:00,2011-07-07 17:56:00,1,5,63.75,63.75,1,0
13304,United Kingdom,2010-12-23 14:35:00,2010-12-23 14:35:00,1,238,300.42,14.305714285714286,21,0
13305,United Kingdom,2010-12-02 12:10:00,2011-12-05 15:15:00,10,1232,2000.86,24.701975308641973,50,368
13307,United Kingdom,2011-08-11 17:14:00,2011-08-11 17:14:00,1,4,15.0,15.0,1,0
13308,United Kingdom,2011-05-20 13:13:00,2011-11-17 09:31:00,4,840,1367.6100000000001,23.993157894736843,49,180
13309,United Kingdom,2011-02-04 12:29:00,2011-12-02 16:34:00,5,1544,1456.79,13.614859813084111,82,301
13310,United Kingdom,2011-01-19 14:50:00,2011-12-01 08:23:00,6,575,1083.63,14.073116883116885,65,315
13311,United Kingdom,2011-07-12 14:26:00,2011-12-05 12:55:00,2,305,598.57,23.02192307692308,25,145
13313,United Kingdom,2011-01-04 10:00:00,2011-11-17 16:48:00,5,851,1555.32,19.939999999999998,47,317
13314,United Kingdom,2011-09-27 10:20:00,2011-12-08 12:29:00,4,487,593.51,8.020405405405405,55,72
13316,United Kingdom,2011-03-30 13:01:00,2011-11-02 13:40:00,5,5507,5570.6900000000005,64.03091954022989,67,217
13317,United Kingdom,2010-12-16 09:22:00,2011-10-06 19:21:00,9,1003,2140.07,15.852370370370371,101,294
13318,United Kingdom,2011-11-02 13:26:00,2011-12-08 18:51:00,3,304,640.76,32.038,14,36
13319,United Kingdom,2010-12-07 11:47:00,2011-12-04 13:34:00,36,4686,10664.34,21.32868,211,362
13320,United Kingdom,2011-05-10 10:29:00,2011-09-30 12:52:00,6,1056,1475.2,13.53394495412844,77,143
13321,United Kingdom,2011-09-14 15:18:00,2011-09-28 15:24:00,2,372,567.36,51.57818181818182,10,14
13322,United Kingdom,2011-11-22 14:21:00,2011-11-22 14:21:00,1,117,199.48000000000002,7.9792000000000005,25,0
13323,United Kingdom,2011-09-16 13:23:00,2011-12-06 17:12:00,5,175,787.85,37.516666666666666,6,81
13324,United Kingdom,2010-12-14 09:50:00,2011-11-07 15:51:00,12,5200,7072.8,91.85454545454546,25,328
13325,United Kingdom,2011-09-19 10:36:00,2011-09-19 10:36:00,1,240,675.3,56.275,12,0
13327,United Kingdom,2010-12-09 15:32:00,2011-11-01 10:21:00,9,1588,3617.57,33.188715596330276,74,326
13328,United Kingdom,2011-01-27 15:22:00,2011-01-27 15:22:00,1,680,1308.48,76.96941176470588,17,0
13329,United Kingdom,2010-12-08 10:11:00,2011-11-08 10:29:00,4,427,740.4,38.96842105263158,16,335
13330,United Kingdom,2011-01-28 10:08:00,2011-09-08 12:27:00,3,751,1140.93,21.526981132075473,37,223
13332,United Kingdom,2011-11-25 13:30:00,2011-11-25 13:30:00,1,179,350.9,16.70952380952381,21,0
13334,United Kingdom,2011-02-07 11:42:00,2011-09-18 15:21:00,3,1764,3502.32,13.216301886792454,207,223
13336,United Kingdom,2011-09-23 14:05:00,2011-09-23 14:05:00,1,559,795.12,15.590588235294117,51,0
13338,United Kingdom,2011-07-05 09:06:00,2011-07-08 14:53:00,3,247,431.82,17.9925,19,3
13339,United Kingdom,2011-05-23 08:31:00,2011-05-23 08:31:00,1,326,860.12,15.928148148148148,54,0
13340,United Kingdom,2011-03-08 11:39:00,2011-10-25 13:15:00,7,5770,10736.48,80.12298507462687,128,231
13341,United Kingdom,2011-03-24 09:50:00,2011-03-24 09:50:00,1,301,775.85,18.472619047619048,42,0
13343,United Kingdom,2011-06-15 12:24:00,2011-06-20 11:37:00,2,126,303.93,13.815,19,4
13344,United Kingdom,2011-03-07 10:28:00,2011-10-03 09:45:00,3,952,2511.69,21.6525,115,209
13345,United Kingdom,2011-02-25 09:01:00,2011-03-08 08:34:00,2,139,377.6,17.163636363636364,20,10
13347,United Kingdom,2011-09-30 13:28:00,2011-09-30 13:28:00,1,205,341.36,42.67,8,0
13348,United Kingdom,2011-10-06 17:28:00,2011-10-06 17:28:00,1,136,233.76,16.697142857142858,14,0
13349,United Kingdom,2011-11-29 08:07:00,2011-11-29 08:07:00,1,225,247.32,15.4575,16,0
13350,United Kingdom,2011-09-21 13:33:00,2011-11-23 16:33:00,3,284,910.72,21.17953488372093,36,63
13351,United Kingdom,2011-10-04 12:55:00,2011-10-04 12:55:00,1,117,373.94,23.37125,16,0
13352,United Kingdom,2011-10-10 13:55:00,2011-12-02 11:58:00,2,315,389.28,14.417777777777777,24,52
13354,United Kingdom,2011-09-29 13:17:00,2011-09-29 13:17:00,1,604,743.53,14.579019607843136,51,0
13355,United Kingdom,2011-08-09 14:48:00,2011-08-09 14:48:00,1,314,674.7,21.084375,32,0
13356,United Kingdom,2011-09-20 14:33:00,2011-09-20 14:33:00,1,325,768.24,18.291428571428572,42,0
13357,United Kingdom,2011-03-27 13:56:00,2011-03-27 13:56:00,1,321,609.4,6.847191011235955,85,0
13358,United Kingdom,2011-03-16 11:52:00,2011-03-16 11:52:00,1,285,439.03,15.138965517241378,29,0
13359,United Kingdom,2011-10-07 09:30:00,2011-10-11 16:48:00,2,159,431.26,17.969166666666666,23,4
13362,United Kingdom,2011-02-25 11:33:00,2011-12-06 13:57:00,5,1379,3085.4900000000002,18.25733727810651,128,284
13363,United Kingdom,2011-10-27 10:46:00,2011-11-22 12:40:00,2,710,992.5,16.541666666666668,47,26
13364,United Kingdom,2011-09-29 18:13:00,2011-10-04 09:48:00,2,0,0.0,0.0,10,4
13365,United Kingdom,2011-05-06 12:00:00,2011-12-01 08:39:00,3,1238,2191.22,16.600151515151513,122,208
13366,United Kingdom,2011-10-20 13:37:00,2011-10-20 13:37:00,1,144,56.160000000000004,56.160000000000004,1,0
13368,United Kingdom,2011-01-06 12:32:00,2011-03-28 09:59:00,2,327,623.4,21.49655172413793,29,80
13369,United Kingdom,2010-12-09 11:30:00,2010-12-20 14:02:00,2,127,263.75,13.881578947368421,14,11
13370,United Kingdom,2010-12-03 10:26:00,2010-12-08 15:57:00,2,336,721.32,16.393636363636364,39,5
13372,United Kingdom,2011-09-11 12:46:00,2011-09-11 12:46:00,1,159,378.64,16.46260869565217,23,0
13373,United Kingdom,2011-03-08 14:35:00,2011-10-10 10:51:00,3,1651,3312.25,20.963607594936708,135,215
13375,United Kingdom,2011-09-12 10:19:00,2011-09-19 16:01:00,2,441,772.9,20.339473684210525,37,7
13376,United Kingdom,2011-04-19 13:03:00,2011-09-01 16:16:00,3,493,1019.76,19.240754716981133,45,135
13379,United Kingdom,2011-07-26 12:26:00,2011-11-13 13:45:00,3,601,572.56,5.902680412371134,85,110
13381,United Kingdom,2011-02-14 10:10:00,2011-11-18 16:59:00,7,2027,3626.81,20.96421965317919,77,277
13382,United Kingdom,2011-03-04 10:03:00,2011-03-04 10:03:00,1,131,222.99,14.866000000000001,15,0
13384,United Kingdom,2011-06-14 12:47:00,2011-11-09 11:04:00,9,2415,4122.28,26.595354838709675,123,147
13385,United Kingdom,2011-01-14 09:52:00,2011-01-14 09:52:00,1,281,534.57,15.273428571428573,35,0
13388,United Kingdom,2011-07-31 12:52:00,2011-08-10 13:35:00,3,281,627.15,17.420833333333334,35,10
13389,United Kingdom,2011-04-21 12:12:00,2011-11-28 14:01:00,3,429,797.96,15.646274509803922,50,221
13390,United Kingdom,2011-09-26 08:38:00,2011-09-26 08:38:00,1,224,544.08,41.8523076923077,13,0
13391,United Kingdom,2011-05-20 10:50:00,2011-05-20 10:50:00,1,4,59.8,59.8,1,0
13394,United Kingdom,2011-02-03 10:39:00,2011-12-08 11:36:00,10,2215,2312.8,14.102439024390245,126,308
13395,United Kingdom,2011-06-07 15:04:00,2011-06-07 15:04:00,1,336,307.72,14.653333333333334,21,0
13396,United Kingdom,2011-01-24 13:37:00,2011-11-18 09:42:00,4,592,1325.29,28.197659574468084,42,297
13397,United Kingdom,2011-01-04 13:50:00,2011-09-28 10:56:00,6,429,1539.18,39.46615384615385,28,266
13398,United Kingdom,2011-05-31 13:17:00,2011-05-31 13:17:00,1,281,457.34,17.59,26,0
13402,United Kingdom,2010-12-02 17:12:00,2011-08-04 15:51:00,2,479,621.23,15.92897435897436,32,244
13403,United Kingdom,2011-11-22 08:28:00,2011-11-22 08:28:00,1,44,75.0,25.0,3,0
13404,United Kingdom,2011-05-11 11:57:00,2011-12-08 15:37:00,2,111,252.49,22.953636363636363,11,211
13405,United Kingdom,2011-01-26 09:27:00,2011-09-26 17:01:00,3,165,572.451,21.201888888888888,25,243
13408,United Kingdom,2010-12-01 10:39:00,2011-12-08 09:05:00,81,16119,27487.41,54.86508982035928,236,371
13410,United Kingdom,2011-02-21 14:38:00,2011-12-01 08:58:00,7,513,988.91,32.96366666666667,15,282
13411,United Kingdom,2011-08-24 13:57:00,2011-08-24 13:57:00,1,72,213.55,11.863888888888889,17,0
13414,United Kingdom,2011-02-16 12:13:00,2011-07-29 11:45:00,3,1574,1390.5,57.9375,23,162
13416,United Kingdom,2011-09-19 14:43:00,2011-10-27 08:56:00,2,142,712.5,37.5,11,37
13417,United Kingdom,2011-05-18 16:26:00,2011-12-05 08:49:00,2,162,640.83,22.886785714285715,26,200
13418,United Kingdom,2010-12-02 10:45:00,2011-11-28 10:23:00,23,3839,5845.44,18.61605095541401,223,360
13419,United Kingdom,2011-10-07 12:49:00,2011-10-07 12:49:00,1,275,221.06,13.81625,16,0
13420,United Kingdom,2011-06-22 11:35:00,2011-07-28 12:10:00,4,88,140.35,14.035,8,36
13421,United Kingdom,2011-02-22 15:46:00,2011-10-30 14:21:00,3,1127,1831.61,17.7826213592233,89,249
13422,United Kingdom,2011-10-06 13:42:00,2011-10-19 13:45:00,2,1321,2601.55,20.324609375,127,13
13425,United Kingdom,2011-02-18 08:34:00,2011-08-23 17:13:00,3,1123,1624.21,20.823205128205128,66,186
13426,United Kingdom,2010-12-15 12:43:00,2011-12-09 08:59:00,12,2224,3550.7000000000003,22.331446540880506,104,358
13427,United Kingdom,2011-05-08 15:58:00,2011-11-20 13:02:00,3,545,582.6,20.089655172413792,25,195
13428,United Kingdom,2011-11-29 14:20:00,2011-11-29 14:20:00,1,151,201.78,2.8419718309859157,70,0
13429,United Kingdom,2011-09-25 15:59:00,2011-11-29 09:10:00,4,1390,1006.8,15.02686567164179,55,64
13430,United Kingdom,2011-09-14 14:26:00,2011-11-21 08:19:00,4,738,648.6899999999999,12.012777777777776,49,67
13431,United Kingdom,2011-09-12 11:25:00,2011-10-03 13:49:00,2,672,1269.1,27.589130434782607,44,21
13434,United Kingdom,2011-09-04 10:35:00,2011-09-26 14:30:00,2,300,534.24,53.424,9,22
13435,United Kingdom,2011-06-03 17:07:00,2011-12-04 14:59:00,9,2125,3794.4900000000002,36.83970873786408,68,183
13436,United Kingdom,2011-12-08 10:33:00,2011-12-08 10:33:00,1,76,196.89,16.4075,12,0
13437,United Kingdom,2011-06-02 14:30:00,2011-11-25 14:00:00,7,1283,3408.06,20.40754491017964,143,175
13439,United Kingdom,2011-03-29 14:20:00,2011-03-29 14:20:00,1,242,283.71,5.253888888888889,54,0
13441,United Kingdom,2011-09-09 09:38:00,2011-09-09 09:38:00,1,204,296.64,22.818461538461538,13,0
13447,United Kingdom,2011-11-04 10:10:00,2011-11-16 13:38:00,4,577,1104.23,17.81016129032258,55,12
13448,United Kingdom,2010-12-01 10:52:00,2011-11-23 12:33:00,10,1626,3460.9900000000002,17.479747474747477,137,357
13449,United Kingdom,2011-11-16 08:28:00,2011-11-16 08:28:00,1,222,291.88,15.362105263157895,19,0
13450,United Kingdom,2011-05-05 19:48:00,2011-11-13 11:54:00,6,1982,2043.7199999999998,28.784788732394365,32,191
13451,United Kingdom,2011-01-09 15:35:00,2011-11-13 15:58:00,6,2122,2838.56,6.540460829493087,315,308
13452,United Kingdom,2011-03-14 11:38:00,2011-03-25 14:19:00,2,2,590.0,295.0,1,11
13453,United Kingdom,2011-02-23 09:44:00,2011-06-27 09:34:00,2,134,356.97999999999996,20.998823529411762,16,123
13455,United Kingdom,2010-12-08 13:11:00,2011-11-15 11:21:00,4,345,1007.35,19.006603773584906,42,341
13456,United Kingdom,2011-05-16 15:34:00,2011-11-22 09:18:00,7,756,1737.8200000000002,26.73569230769231,43,189
13458,United Kingdom,2010-12-15 12:05:00,2011-12-02 15:29:00,22,5460,9537.92,24.207918781725887,242,352
13460,United Kingdom,2011-10-21 09:50:00,2011-11-10 17:17:00,2,286,183.44,10.790588235294118,16,20
13461,United Kingdom,2011-06-29 10:23:00,2011-11-01 09:01:00,3,1170,1445.0,53.51851851851852,14,124
13462,United Kingdom,2011-04-01 11:20:00,2011-06-09 19:53:00,2,61,143.25,14.325,9,69
13464,United Kingdom,2011-10-12 15:01:00,2011-10-12 15:01:00,1,403,674.68,16.45560975609756,41,0
13466,United Kingdom,2011-06-08 16:39:00,2011-08-31 15:29:00,2,258,297.95,16.552777777777777,17,83
13467,United Kingdom,2011-11-03 16:56:00,2011-11-29 10:01:00,2,580,1071.91,10.937857142857144,89,25
13468,United Kingdom,2010-12-01 15:08:00,2011-12-08 10:39:00,41,2581,5656.75,18.48611111111111,184,371
13470,United Kingdom,2011-08-16 17:06:00,2011-09-01 14:57:00,2,100,165.0,16.5,7,15
13471,United Kingdom,2011-10-23 13:10:00,2011-12-08 15:44:00,4,1583,2501.84,9.84976377952756,214,46
13473,United Kingdom,2011-01-11 08:45:00,2011-10-10 11:20:00,3,260,417.54,18.97909090909091,21,272
13474,United Kingdom,2011-04-17 13:53:00,2011-04-17 13:53:00,1,129,226.84,3.658709677419355,59,0
13475,United Kingdom,2011-02-14 12:36:00,2011-06-01 13:52:00,4,1012,1431.78,16.648604651162792,64,107
13476,United Kingdom,2011-03-03 14:43:00,2011-06-14 12:00:00,4,414,1092.77,17.91426229508197,56,102
13477,United Kingdom,2011-02-21 12:29:00,2011-11-02 12:04:00,8,1018,1441.53,17.796666666666667,57,253
13479,United Kingdom,2011-04-19 11:27:00,2011-05-25 16:49:00,3,133,291.0,18.1875,14,36
13481,United Kingdom,2010-12-06 15:12:00,2011-10-25 09:07:00,8,1127,1776.81,15.864374999999999,98,322
13482,United Kingdom,2011-04-21 17:03:00,2011-04-21 17:03:00,1,116,184.64,16.785454545454545,11,0
13483,United Kingdom,2011-10-05 11:53:00,2011-10-05 11:53:00,1,160,140.34,14.034,10,0
13484,United Kingdom,2011-04-12 16:30:00,2011-04-12 16:30:00,1,44,313.8,39.225,8,0
13485,United Kingdom,2011-04-20 13:58:00,2011-04-20 13:58:00,1,277,454.24,19.749565217391304,23,0
13486,United Kingdom,2011-07-07 17:19:00,2011-09-22 13:13:00,3,669,1122.41,16.2668115942029,69,76
13487,United Kingdom,2010-12-21 14:54:00,2011-10-13 12:07:00,3,265,575.4,16.923529411764704,26,295
13488,United Kingdom,2010-12-07 13:01:00,2011-11-22 14:41:00,17,4512,8910.61,20.86793911007026,272,350
13489,United Kingdom,2011-02-18 10:42:00,2011-08-26 13:16:00,4,560,449.52,32.10857142857143,11,189
13491,United Kingdom,2010-12-02 14:30:00,2011-10-19 08:32:00,10,903,1215.82,14.137441860465115,73,320
13492,Switzerland,2011-05-09 10:06:00,2011-07-26 14:25:00,3,408,1269.84,25.3968,38,78
13493,Switzerland,2011-02-25 16:42:00,2011-03-09 15:35:00,2,380,618.63,77.32875,6,11
13494,United Kingdom,2011-02-01 11:58:00,2011-02-01 11:58:00,1,162,316.26000000000005,17.570000000000004,18,0
13495,United Kingdom,2010-12-06 15:14:00,2011-12-02 11:21:00,6,814,1990.1200000000001,38.27153846153846,34,360
13496,United Kingdom,2010-12-15 10:17:00,2011-11-29 10:58:00,3,329,617.93,17.16472222222222,28,349
13497,United Kingdom,2010-12-06 11:37:00,2011-03-02 09:04:00,3,159,321.05,16.052500000000002,19,85
13499,United Kingdom,2011-03-15 08:52:00,2011-11-22 11:21:00,7,1358,1146.96,25.488,31,252
13500,United Kingdom,2011-08-09 12:20:00,2011-11-16 15:35:00,4,585,1136.77,16.966716417910447,60,99
13501,Switzerland,2011-02-24 18:59:00,2011-04-11 09:35:00,2,557,1310.47,24.725849056603774,52,45
13502,United Kingdom,2011-01-20 09:03:00,2011-11-23 10:39:00,3,264,292.0,16.22222222222222,17,307
13503,United Kingdom,2011-09-29 13:23:00,2011-09-29 13:23:00,1,248,216.85,12.755882352941176,17,0
13504,United Kingdom,2011-10-06 13:20:00,2011-10-06 13:20:00,1,178,295.93,13.451363636363636,22,0
13505,Switzerland,2011-04-21 12:07:00,2011-10-03 12:14:00,8,2461,4282.88,18.867312775330397,182,165
13506,United Kingdom,2010-12-05 12:15:00,2011-01-31 15:27:00,3,321,452.82,15.614482758620689,26,57
13507,United Kingdom,2011-07-17 11:50:00,2011-12-06 13:13:00,4,1597,2479.16,15.303456790123455,146,142
13508,United Kingdom,2011-04-10 11:58:00,2011-04-10 11:58:00,1,24,110.97,9.2475,12,0
13509,United Kingdom,2011-02-28 13:27:00,2011-12-01 10:10:00,7,1106,979.72,22.266363636363636,27,275
13510,United Kingdom,2011-06-09 09:32:00,2011-12-08 13:46:00,5,1382,1785.16,15.257777777777779,86,182
13512,United Kingdom,2011-03-24 10:03:00,2011-03-24 10:03:00,1,143,251.21,16.747333333333334,15,0
13513,United Kingdom,2011-08-05 11:50:00,2011-08-05 11:50:00,1,109,205.1,20.509999999999998,10,0
13514,United Kingdom,2011-09-27 09:39:00,2011-09-27 09:39:00,1,40,152.20000000000002,38.050000000000004,4,0
13515,United Kingdom,2011-04-06 10:33:00,2011-09-28 11:26:00,4,681,891.12,15.103728813559322,50,175
13516,United Kingdom,2011-04-15 11:06:00,2011-11-18 13:15:00,3,985,1389.41,31.5775,43,217
13517,United Kingdom,2011-06-13 08:44:00,2011-10-11 11:43:00,5,1360,2109.07,14.74874125874126,125,120
13518,United Kingdom,2011-09-15 10:29:00,2011-09-15 10:29:00,1,382,627.16,17.42111111111111,36,0
13519,United Kingdom,2011-09-22 18:24:00,2011-10-20 15:56:00,2,22,110.80000000000001,12.311111111111112,8,27
13520,Switzerland,2010-12-03 10:36:00,2011-10-12 10:20:00,8,1642,3487.75,36.713157894736845,49,312
13521,United Kingdom,2011-11-29 15:09:00,2011-12-08 13:50:00,3,718,1071.73,2.5639473684210525,313,8
13522,United Kingdom,2011-11-09 15:11:00,2011-11-09 15:11:00,1,44,125.80000000000001,25.160000000000004,5,0
13523,United Kingdom,2010-12-08 14:22:00,2011-11-06 15:11:00,6,1745,3755.38,21.21683615819209,157,333
13524,United Kingdom,2011-05-04 12:26:00,2011-10-30 12:34:00,5,324,680.1800000000001,25.191851851851855,17,179
13525,United Kingdom,2011-04-05 15:36:00,2011-11-25 12:01:00,2,394,628.78,104.79666666666667,5,233
13527,United Kingdom,2011-01-17 11:17:00,2011-11-06 12:04:00,8,1664,2218.61,10.17711009174312,153,293
13529,United Kingdom,2011-05-19 11:50:00,2011-09-22 09:15:00,2,74,307.76,20.517333333333333,15,125
13531,United Kingdom,2010-12-08 15:03:00,2011-05-18 16:56:00,2,174,483.8,21.990909090909092,17,161
13532,United Kingdom,2011-11-06 12:25:00,2011-11-06 12:25:00,1,129,210.31,3.1865151515151515,66,0
13533,United Kingdom,2011-03-17 12:47:00,2011-06-10 11:54:00,3,202,269.09,3.5878666666666663,61,84
13534,United Kingdom,2010-12-16 15:23:00,2011-12-07 14:52:00,43,2876,5613.08,16.41251461988304,119,355
13536,United Kingdom,2011-09-25 13:30:00,2011-12-08 16:38:00,7,2126,3444.39,19.35050561797753,91,74
13538,United Kingdom,2011-01-28 10:40:00,2011-10-27 16:34:00,7,175,1280.85,51.233999999999995,10,272
13539,United Kingdom,2011-02-03 15:23:00,2011-09-15 10:18:00,4,314,605.84,15.943157894736842,36,223
13544,United Kingdom,2011-04-13 12:09:00,2011-10-31 11:57:00,2,112,276.06,3.539230769230769,76,200
13546,United Kingdom,2011-05-23 12:14:00,2011-11-27 14:50:00,3,357,621.09,6.4029896907216495,72,188
13548,United Kingdom,2011-04-10 11:35:00,2011-09-04 14:50:00,2,436,678.16,5.51349593495935,114,147
13549,United Kingdom,2011-04-11 13:42:00,2011-11-14 09:20:00,8,457,916.12,17.61769230769231,37,216
13551,United Kingdom,2011-01-24 14:46:00,2011-01-24 14:46:00,1,12,91.80000000000001,22.950000000000003,4,0
13552,United Kingdom,2011-01-28 10:10:00,2011-10-04 15:19:00,16,1386,3539.53,29.25231404958678,82,249
13555,United Kingdom,2011-05-22 11:06:00,2011-09-27 12:36:00,4,2636,4098.88,30.362074074074076,128,128
13557,United Kingdom,2011-03-04 12:14:00,2011-11-11 15:24:00,2,546,584.06,17.178235294117645,31,252
13558,United Kingdom,2011-10-02 13:01:00,2011-12-04 11:24:00,4,338,594.52,3.517869822485207,123,62
13560,United Kingdom,2011-12-02 13:11:00,2011-12-02 13:11:00,1,63,171.42000000000002,5.3568750000000005,32,0
13561,United Kingdom,2011-05-08 12:39:00,2011-05-08 12:39:00,1,83,141.85999999999999,10.132857142857143,14,0
13562,United Kingdom,2011-04-08 12:42:00,2011-09-19 10:51:00,3,757,1799.33,21.943048780487803,50,163
13563,United Kingdom,2011-07-22 17:21:00,2011-09-16 14:45:00,2,209,777.53,15.867959183673468,49,55
13564,United Kingdom,2010-12-06 17:26:00,2011-07-18 14:35:00,5,634,623.3900000000001,7.5107228915662665,68,223
13565,United Kingdom,2011-01-09 14:28:00,2011-11-20 14:33:00,2,172,240.22,6.321578947368421,35,315
13566,United Kingdom,2011-09-18 12:40:00,2011-10-30 11:59:00,2,567,856.84,5.0700591715976335,134,41
13568,United Kingdom,2011-06-19 14:42:00,2011-06-19 14:42:00,1,66,187.05,4.3500000000000005,41,0
13569,United Kingdom,2010-12-07 12:29:00,2011-11-22 13:07:00,2,156,338.62,4.286329113924051,73,350
13570,United Kingdom,2011-04-10 13:36:00,2011-04-10 13:36:00,1,161,239.49,8.870000000000001,27,0
13571,United Kingdom,2011-03-31 12:43:00,2011-11-27 10:47:00,12,1757,2088.94,6.143941176470588,157,240
13572,United Kingdom,2011-05-18 11:59:00,2011-05-18 11:59:00,1,534,1384.25,41.946969696969695,32,0
13573,United Kingdom,2011-03-31 14:47:00,2011-10-20 14:33:00,2,302,290.25,11.61,24,202
13575,United Kingdom,2011-06-16 14:24:00,2011-11-16 13:14:00,5,449,732.0699999999999,15.914565217391303,41,152
13576,United Kingdom,2010-12-01 17:24:00,2011-11-29 15:34:00,20,2640,6703.3,51.56384615384616,78,362
13577,United Kingdom,2011-04-12 10:33:00,2011-11-14 15:19:00,5,771,1658.3,19.50941176470588,61,216
13579,United Kingdom,2010-12-05 16:10:00,2011-11-25 08:41:00,2,176,467.04,20.30608695652174,19,354
13581,United Kingdom,2011-02-03 14:41:00,2011-02-03 14:41:00,1,30,118.0,11.8,10,0
13583,United Kingdom,2011-07-07 10:40:00,2011-07-07 10:40:00,1,725,781.03,14.736415094339621,53,0
13584,United Kingdom,2011-02-06 12:49:00,2011-02-06 12:49:00,1,37,142.4,5.933333333333334,24,0
13587,United Kingdom,2011-10-07 12:31:00,2011-11-08 11:17:00,3,160,347.0,31.545454545454547,8,31
13588,United Kingdom,2011-03-29 15:53:00,2011-11-24 10:42:00,13,2573,2445.12,13.584,132,239
13589,United Kingdom,2011-06-13 12:44:00,2011-11-25 12:10:00,2,114,379.65,18.07857142857143,21,164
13590,United Kingdom,2011-02-09 13:25:00,2011-11-28 12:54:00,7,1846,1976.12,22.203595505617976,70,291
13591,United Kingdom,2011-03-18 12:18:00,2011-10-06 12:26:00,3,485,1117.13,19.26086206896552,56,202
13592,United Kingdom,2011-03-20 14:01:00,2011-11-04 09:49:00,4,84,247.95999999999998,15.497499999999999,15,228
13593,United Kingdom,2011-01-07 16:32:00,2011-08-23 13:35:00,6,695,1965.0800000000002,15.352187500000001,77,227
13594,United Kingdom,2011-10-18 10:19:00,2011-10-18 10:19:00,1,359,396.97,15.268076923076924,26,0
13596,United Kingdom,2011-11-27 11:57:00,2011-12-04 12:01:00,2,384,664.11,4.548698630136986,133,7
13598,United Kingdom,2011-10-23 14:28:00,2011-10-23 14:35:00,2,51,147.29,4.091388888888889,33,0
13599,United Kingdom,2010-12-08 10:11:00,2011-12-08 19:26:00,33,3168,5026.85,19.113498098859317,172,365
13600,United Kingdom,2011-01-31 15:27:00,2011-01-31 15:27:00,1,324,219.52,11.553684210526317,19,0
13601,United Kingdom,2011-05-12 16:52:00,2011-10-25 17:31:00,2,548,693.32,7.003232323232324,90,166
13602,United Kingdom,2011-10-06 11:47:00,2011-10-06 11:47:00,1,267,428.89,18.647391304347824,23,0
13603,United Kingdom,2011-11-13 15:57:00,2011-11-13 15:57:00,1,164,164.34,6.086666666666667,27,0
13606,United Kingdom,2011-02-01 11:42:00,2011-11-10 17:46:00,3,276,276.75,6.91875,40,282
13607,United Kingdom,2011-10-30 16:17:00,2011-10-30 16:17:00,1,288,675.51,6.964020618556701,93,0
13610,United Kingdom,2011-02-27 14:44:00,2011-11-27 15:38:00,9,486,1065.88,4.91188940092166,165,273
13611,United Kingdom,2010-12-15 10:31:00,2011-09-11 14:51:00,4,750,1140.8,15.416216216216215,67,270
13614,United Kingdom,2011-01-13 12:37:00,2011-11-15 14:47:00,4,564,1585.46,8.130564102564103,171,306
13615,United Kingdom,2011-01-25 08:21:00,2011-01-31 11:29:00,2,183,399.99,16.66625,23,6
13617,United Kingdom,2011-06-12 12:55:00,2011-10-30 13:50:00,3,300,544.18,12.367727272727272,31,140
13618,United Kingdom,2011-06-19 11:09:00,2011-06-19 11:09:00,1,246,177.34,13.641538461538461,13,0
13621,United Kingdom,2011-08-15 08:26:00,2011-08-15 08:26:00,1,343,213.85,11.255263157894737,19,0
13623,United Kingdom,2011-02-15 12:55:00,2011-11-09 12:00:00,7,278,652.4,7.860240963855421,78,266
13626,United Kingdom,2011-04-01 10:05:00,2011-04-01 10:05:00,1,209,257.23,13.53842105263158,19,0
13627,United Kingdom,2010-12-17 09:52:00,2011-10-11 14:20:00,7,1266,1624.02,17.276808510638297,84,298
13629,United Kingdom,2011-01-05 12:09:00,2011-11-16 13:21:00,11,4372,7792.36,132.07389830508475,28,315
13630,United Kingdom,2011-02-27 12:49:00,2011-12-04 15:16:00,11,1377,1995.68,24.946,51,280
13631,United Kingdom,2011-03-17 17:13:00,2011-09-01 09:57:00,12,460,3021.77,251.81416666666667,6,167
13632,United Kingdom,2011-04-10 15:07:00,2011-11-15 10:51:00,6,1030,2114.68,14.484109589041095,121,218
13634,United Kingdom,2011-01-16 15:30:00,2011-11-06 13:40:00,5,700,1547.3600000000001,8.319139784946238,156,293
13635,United Kingdom,2011-10-03 10:55:00,2011-10-03 10:55:00,1,677,1071.03,17.274677419354838,62,0
13636,United Kingdom,2011-02-27 14:29:00,2011-11-03 10:30:00,6,586,941.62,14.7128125,57,248
13637,United Kingdom,2011-04-27 13:06:00,2011-10-18 13:32:00,3,405,804.3,8.124242424242423,79,174
13638,United Kingdom,2011-11-24 10:38:00,2011-11-24 10:38:00,1,93,122.64,15.33,8,0
13639,United Kingdom,2011-09-26 13:36:00,2011-09-26 13:36:00,1,800,1033.34,25.833499999999997,39,0
13642,United Kingdom,2011-05-08 12:34:00,2011-05-08 12:34:00,1,151,312.28,5.478596491228069,57,0
13643,United Kingdom,2011-06-07 11:40:00,2011-11-08 15:37:00,3,273,519.44,18.551428571428573,24,154
13644,United Kingdom,2011-08-26 11:53:00,2011-12-01 08:18:00,5,2060,2597.52,17.55081081081081,144,96
13645,United Kingdom,2011-08-11 16:11:00,2011-08-11 16:11:00,1,158,252.1,50.42,5,0
13647,United Kingdom,2011-04-19 09:49:00,2011-11-30 12:00:00,5,886,1640.22,20.762278481012657,65,225
13649,United Kingdom,2010-12-08 14:46:00,2011-03-28 11:51:00,2,139,346.6,15.069565217391306,23,109
13650,United Kingdom,2011-03-17 12:37:00,2011-11-23 12:22:00,7,918,1809.34,18.46265306122449,79,250
13651,United Kingdom,2011-10-31 12:11:00,2011-11-04 14:59:00,2,33,94.2,15.700000000000001,6,4
13652,United Kingdom,2010-12-06 09:21:00,2011-10-25 08:51:00,3,578,1095.08,17.38222222222222,48,322
13654,United Kingdom,2011-03-11 12:54:00,2011-10-27 16:24:00,6,2182,2707.33,16.30921686746988,157,230
13655,United Kingdom,2011-04-12 09:53:00,2011-08-17 14:25:00,2,605,932.97,16.66017857142857,52,127
13656,United Kingdom,2011-01-06 15:42:00,2011-06-28 10:31:00,2,490,379.65,7.747959183673469,49,172
13657,United Kingdom,2011-05-22 12:35:00,2011-11-29 12:32:00,2,209,382.14,23.88375,16,190
13658,United Kingdom,2011-05-19 17:15:00,2011-11-30 10:13:00,7,1009,2421.47,21.620267857142856,91,194
13659,United Kingdom,2011-01-23 12:08:00,2011-05-26 19:56:00,3,867,1540.65,14.398598130841123,93,123
13662,United Kingdom,2011-03-25 13:23:00,2011-09-15 12:04:00,7,528,862.58,15.132982456140352,50,173
13663,United Kingdom,2011-06-13 15:44:00,2011-06-13 15:44:00,1,91,189.47,14.574615384615385,13,0
13666,United Kingdom,2011-02-25 13:05:00,2011-10-10 15:39:00,3,41,84.65,7.054166666666667,12,227
13667,United Kingdom,2011-07-13 15:42:00,2011-07-13 15:42:00,1,149,299.05,3.603012048192771,82,0
13668,United Kingdom,2010-12-12 12:35:00,2011-12-07 12:14:00,29,3617,6162.31,12.47431174089069,286,359
13669,United Kingdom,2011-07-13 11:44:00,2011-10-20 09:32:00,2,237,218.55,24.283333333333335,9,98
13670,United Kingdom,2011-09-25 15:25:00,2011-09-25 15:25:00,1,282,349.7,13.988,25,0
13672,United Kingdom,2011-01-10 12:02:00,2011-02-11 13:55:00,6,-1,-71.46,-4.46625,5,32
13673,United Kingdom,2011-11-07 15:40:00,2011-11-21 12:11:00,2,114,387.44,6.457333333333334,47,13
13675,United Kingdom,2011-02-28 12:14:00,2011-07-11 12:57:00,2,330,486.82000000000005,19.472800000000003,25,133
13678,United Kingdom,2011-07-11 10:14:00,2011-07-11 10:14:00,1,924,232.6,14.5375,16,0
13680,United Kingdom,2011-01-04 14:12:00,2011-12-08 13:47:00,5,1265,2199.01,10.227953488372094,164,337
13681,United Kingdom,2011-07-07 15:21:00,2011-11-22 11:13:00,4,360,827.83,14.523333333333333,37,137
13682,United Kingdom,2011-06-05 14:06:00,2011-06-05 14:06:00,1,10,59.5,19.833333333333332,3,0
13684,United Kingdom,2011-02-27 10:13:00,2011-02-27 10:25:00,2,37,62.13,2.071,29,0
13685,United Kingdom,2011-10-10 12:59:00,2011-12-07 11:41:00,7,5056,3119.44,79.98564102564103,29,57
13686,United Kingdom,2011-06-10 09:10:00,2011-06-10 09:10:00,1,70,72.0,9.0,8,0
13689,United Kingdom,2011-10-07 13:21:00,2011-10-07 13:21:00,1,512,910.0,151.66666666666666,6,0
13690,United Kingdom,2011-10-11 15:03:00,2011-10-11 15:03:00,1,67,172.25,19.13888888888889,9,0
13692,United Kingdom,2011-04-17 12:57:00,2011-11-15 11:17:00,5,1224,1466.8700000000001,26.67036363636364,49,211
13693,United Kingdom,2011-01-18 15:21:00,2011-01-18 15:23:00,2,-6,-32.0,-8.0,4,0
13694,United Kingdom,2010-12-01 12:12:00,2011-12-06 09:32:00,60,61899,62690.54,107.34681506849316,369,369
13695,United Kingdom,2011-03-25 11:31:00,2011-11-08 14:26:00,15,1603,2504.13,27.823666666666668,46,228
13697,United Kingdom,2011-11-01 09:14:00,2011-11-01 09:14:00,1,177,151.29999999999998,12.608333333333333,12,0
13699,United Kingdom,2011-07-07 16:51:00,2011-07-07 16:51:00,1,66,308.58000000000004,22.041428571428575,14,0
13700,United Kingdom,2011-01-16 13:18:00,2011-11-13 13:00:00,10,2281,2248.63,11.590876288659794,139,300
13703,United Kingdom,2011-01-25 13:10:00,2011-01-25 13:10:00,1,10,99.5,99.5,1,0
13704,United Kingdom,2011-09-12 14:40:00,2011-12-04 15:13:00,10,1528,2295.31,17.002296296296297,111,83
13705,United Kingdom,2010-12-01 10:29:00,2011-12-02 12:32:00,3,363,711.86,25.423571428571428,25,366
13706,United Kingdom,2011-02-10 09:21:00,2011-02-10 09:21:00,1,189,330.79,16.5395,20,0
13707,United Kingdom,2011-01-28 13:27:00,2011-03-17 18:03:00,2,351,806.41,16.800208333333334,48,48
13708,United Kingdom,2011-03-13 13:46:00,2011-03-13 13:46:00,1,301,285.33,5.823061224489796,49,0
13709,United Kingdom,2011-01-28 14:57:00,2011-12-06 10:28:00,17,3493,6228.71,18.05423188405797,244,311
13710,United Kingdom,2011-11-08 08:16:00,2011-11-08 08:16:00,1,176,180.48,22.56,8,0
13711,United Kingdom,2011-05-05 10:29:00,2011-05-05 10:31:00,2,140,252.06,19.38923076923077,11,0
13712,United Kingdom,2011-04-07 12:33:00,2011-04-07 12:33:00,1,352,228.84,22.884,10,0
13715,United Kingdom,2010-12-02 08:52:00,2011-03-03 19:21:00,8,554,1051.99,9.831682242990654,89,91
13716,United Kingdom,2011-03-15 13:49:00,2011-03-15 13:49:00,1,138,138.28,6.584761904761905,21,0
13717,United Kingdom,2011-02-14 13:21:00,2011-11-07 14:13:00,7,1958,1432.26,13.905436893203884,92,266
13718,United Kingdom,2011-02-17 11:58:00,2011-04-07 13:24:00,2,173,306.55,25.545833333333334,9,49
13719,United Kingdom,2011-04-19 13:56:00,2011-11-24 15:26:00,5,609,1041.68,17.361333333333334,56,219
13720,United Kingdom,2011-03-30 09:17:00,2011-08-15 12:46:00,4,501,799.9,18.60232558139535,42,138
13721,United Kingdom,2011-11-03 14:05:00,2011-11-03 14:05:00,1,316,524.14,18.719285714285714,28,0
13722,United Kingdom,2011-03-02 11:43:00,2011-08-11 15:26:00,4,1400,2369.16,27.548372093023254,75,162
13723,United Kingdom,2011-05-06 17:04:00,2011-05-06 17:04:00,1,43,199.85000000000002,33.30833333333334,6,0
13725,United Kingdom,2011-02-04 12:18:00,2011-10-21 10:03:00,11,659,1809.81,15.337372881355932,97,258
13726,United Kingdom,2011-08-31 11:06:00,2011-11-01 10:49:00,2,1054,1079.6599999999999,25.70619047619047,39,61
13727,United Kingdom,2011-11-06 12:16:00,2011-11-11 09:46:00,2,162,333.48,16.674,19,4
13728,United Kingdom,2011-02-02 12:09:00,2011-11-03 10:49:00,6,458,1016.14,16.12920634920635,38,273
13730,United Kingdom,2011-07-01 12:47:00,2011-07-27 08:35:00,2,488,752.6,17.50232558139535,38,25
13731,United Kingdom,2011-04-07 10:10:00,2011-05-04 14:33:00,2,278,610.59,16.068157894736842,36,27
13732,United Kingdom,2011-11-11 15:49:00,2011-11-11 15:49:00,1,498,491.86,14.904848484848486,33,0
13735,United Kingdom,2011-04-19 12:40:00,2011-11-15 11:14:00,8,1081,2764.48,13.354975845410628,161,209
13736,United Kingdom,2011-03-24 13:04:00,2011-12-04 15:19:00,3,492,721.9,3.740414507772021,167,255
13737,United Kingdom,2011-05-23 16:32:00,2011-05-23 16:32:00,1,125,339.59999999999997,11.319999999999999,29,0
13739,United Kingdom,2011-11-21 13:35:00,2011-11-21 13:35:00,1,54,216.9,72.3,3,0
13740,United Kingdom,2011-04-13 10:32:00,2011-04-13 10:32:00,1,425,350.75,15.25,23,0
13741,United Kingdom,2011-05-06 13:43:00,2011-09-29 09:19:00,4,217,666.33,19.038,34,145
13742,United Kingdom,2011-01-23 14:59:00,2011-11-23 11:07:00,14,1107,3079.27,9.775460317460317,200,303
13743,United Kingdom,2011-03-25 14:46:00,2011-12-07 10:09:00,8,1775,1340.1499999999999,31.90833333333333,8,256
13744,United Kingdom,2011-02-20 14:08:00,2011-09-05 15:19:00,2,1153,1080.52,17.15111111111111,54,197
13745,United Kingdom,2011-06-30 16:43:00,2011-07-11 14:21:00,2,486,291.54,11.213076923076924,25,10
13747,United Kingdom,2010-12-01 10:37:00,2010-12-01 10:37:00,1,8,79.6,79.6,1,0
13748,United Kingdom,2010-12-01 09:00:00,2011-09-05 09:45:00,5,439,948.25,33.86607142857143,24,278
13750,United Kingdom,2011-01-07 11:49:00,2011-10-17 12:16:00,5,516,1647.26,68.63583333333334,20,283
13751,United Kingdom,2011-02-24 15:56:00,2011-02-24 15:56:00,1,152,296.25,32.916666666666664,9,0
13752,United Kingdom,2011-04-07 12:04:00,2011-08-07 14:16:00,6,874,1175.38,15.671733333333334,64,122
13753,United Kingdom,2011-02-25 12:48:00,2011-02-25 12:48:00,1,512,741.26,21.178857142857144,35,0
13754,United Kingdom,2011-01-26 14:58:00,2011-07-11 11:51:00,2,214,282.59999999999997,23.549999999999997,11,165
13755,United Kingdom,2011-10-07 15:45:00,2011-12-06 12:26:00,10,1219,2101.39,6.526055900621118,232,59
13756,United Kingdom,2010-12-07 11:41:00,2011-12-07 16:44:00,15,3164,5145.12,35.979860139860136,66,365
13758,United Kingdom,2010-12-01 12:08:00,2011-11-28 11:11:00,7,1844,3190.55,27.26965811965812,104,361
13759,United Kingdom,2011-09-29 15:40:00,2011-11-06 14:47:00,2,287,659.4100000000001,26.376400000000004,24,37
13760,United Kingdom,2011-03-28 12:52:00,2011-10-16 16:13:00,2,197,286.79,5.03140350877193,50,202
13761,United Kingdom,2011-06-13 08:43:00,2011-10-20 14:01:00,2,642,1070.65,15.295000000000002,68,129
13762,United Kingdom,2011-05-05 09:15:00,2011-05-19 15:23:00,2,0,3.552713678800501e-15,2.5376526277146434e-16,7,14
13763,United Kingdom,2011-06-21 17:40:00,2011-10-07 15:13:00,3,725,1689.46,99.38,17,107
13764,United Kingdom,2011-01-06 14:53:00,2011-09-30 12:03:00,3,926,1519.42,7.340193236714976,183,266
13767,United Kingdom,2010-12-01 10:47:00,2011-12-07 15:00:00,52,7258,16945.71,42.470451127819544,55,371
13769,United Kingdom,2010-12-07 13:28:00,2011-12-07 15:08:00,16,1152,2771.87,19.383706293706293,73,365
13771,United Kingdom,2011-04-06 15:47:00,2011-10-06 14:18:00,5,1476,2631.7,21.930833333333332,114,182
13772,United Kingdom,2011-04-14 12:31:00,2011-11-06 11:43:00,3,540,1122.63,6.489190751445087,141,205
13774,United Kingdom,2011-09-19 12:06:00,2011-09-19 12:06:00,1,192,345.0,15.681818181818182,22,0
13777,United Kingdom,2010-12-01 16:01:00,2011-12-09 12:25:00,41,12804,25748.350000000002,117.57237442922376,40,372
13778,United Kingdom,2011-08-28 15:25:00,2011-08-28 15:25:00,1,70,178.7,19.855555555555554,9,0
13780,United Kingdom,2011-06-22 11:43:00,2011-12-02 13:49:00,2,318,360.01,6.315964912280702,56,163
13781,United Kingdom,2011-04-03 12:08:00,2011-04-03 12:08:00,1,30,127.84,7.5200000000000005,17,0
13782,United Kingdom,2011-01-16 11:08:00,2011-11-27 11:54:00,6,369,908.86,8.043008849557522,96,315
13784,United Kingdom,2011-01-11 14:38:00,2011-11-30 09:33:00,11,2493,2462.79,79.44483870967741,9,322
13786,United Kingdom,2010-12-07 13:53:00,2010-12-07 13:53:00,1,136,230.39999999999998,32.91428571428571,7,0
13787,United Kingdom,2010-12-10 14:45:00,2011-09-25 12:06:00,2,337,309.04,9.969032258064518,24,288
13790,United Kingdom,2011-12-05 15:48:00,2011-12-05 15:48:00,1,748,348.8,7.751111111111111,45,0
13791,United Kingdom,2011-06-24 16:38:00,2011-10-27 14:38:00,3,828,1047.68,61.62823529411765,7,124
13792,United Kingdom,2011-02-25 14:03:00,2011-10-04 14:31:00,2,92,195.55,15.042307692307693,13,221
13798,United Kingdom,2010-12-02 17:24:00,2011-12-08 15:51:00,63,23515,36352.87,82.9974200913242,115,370
13799,United Kingdom,2011-02-18 14:18:00,2011-08-15 12:07:00,2,402,688.86,17.663076923076922,32,177
13800,United Kingdom,2011-02-03 12:27:00,2011-02-03 12:27:00,1,331,558.32,16.91878787878788,33,0
13801,United Kingdom,2011-10-04 10:15:00,2011-10-04 10:15:00,1,168,324.8,14.121739130434783,23,0
13802,United Kingdom,2010-12-14 09:54:00,2011-07-24 13:26:00,6,2281,3906.27,59.18590909090909,57,222
13803,United Kingdom,2011-03-29 12:57:00,2011-03-29 12:57:00,1,121,277.07,16.298235294117646,17,0
13804,United Kingdom,2011-02-23 09:09:00,2011-11-09 12:32:00,7,1462,2588.39,19.173259259259257,124,259
13805,United Kingdom,2011-08-02 15:29:00,2011-10-18 14:50:00,2,1900,924.6,71.12307692307692,10,76
13806,United Kingdom,2011-10-07 11:43:00,2011-10-07 11:43:00,1,56,256.38,25.637999999999998,10,0
13807,United Kingdom,2010-12-07 15:48:00,2010-12-07 15:48:00,1,36,112.6,16.085714285714285,7,0
13808,United Kingdom,2011-09-04 12:07:00,2011-12-04 12:18:00,5,782,1747.66,22.995526315789476,70,91
13809,Cyprus,2011-02-07 13:15:00,2011-02-07 13:15:00,1,29,155.05,12.920833333333334,11,0
13810,Germany,2011-10-14 12:57:00,2011-11-11 08:33:00,4,311,899.51,24.98638888888889,32,27
13811,Germany,2011-04-14 18:40:00,2011-06-09 09:54:00,4,67,591.75,42.267857142857146,7,55
13812,Germany,2011-08-26 12:54:00,2011-10-28 14:27:00,3,333,539.0,14.972222222222221,33,63
13813,Germany,2011-07-28 10:33:00,2011-10-31 10:38:00,5,550,1353.41,19.06211267605634,54,95
13814,Germany,2011-07-25 13:54:00,2011-10-14 16:57:00,3,862,1562.12,26.933103448275862,37,81
13815,Germany,2011-01-25 12:16:00,2011-11-17 14:19:00,5,2557,4014.91,22.683107344632766,132,296
13816,Germany,2011-10-06 14:37:00,2011-11-16 08:38:00,4,260,555.04,16.819393939393937,27,40
13817,Germany,2010-12-23 11:46:00,2011-11-10 17:49:00,2,211,382.98,15.957500000000001,20,322
13819,United Kingdom,2011-01-24 10:38:00,2011-02-11 10:38:00,3,1109,1140.35,31.676388888888887,26,18
13821,United Kingdom,2011-03-23 11:30:00,2011-07-18 09:49:00,2,153,385.64,6.536271186440678,51,116
13822,United Kingdom,2011-10-30 15:55:00,2011-12-04 12:13:00,2,611,632.0,6.583333333333333,90,34
13823,United Kingdom,2011-09-09 10:42:00,2011-11-21 10:22:00,2,439,957.66,23.941499999999998,39,72
13824,United Kingdom,2011-02-02 13:07:00,2011-11-07 12:41:00,5,768,1698.94,36.93347826086956,34,277
13826,United Kingdom,2011-06-16 13:48:00,2011-07-04 16:27:00,2,80,174.65,14.554166666666667,11,18
13827,United Kingdom,2011-07-19 15:38:00,2011-10-13 12:38:00,3,138,409.8,4.4543478260869565,83,85
13828,United Kingdom,2011-11-17 16:02:00,2011-11-17 16:02:00,1,311,209.49,13.966000000000001,15,0
13829,United Kingdom,2010-12-15 16:36:00,2010-12-15 16:36:00,1,-12,-102.0,-102.0,1,0
13831,United Kingdom,2010-12-05 12:13:00,2011-11-23 15:41:00,6,743,2198.45,30.534027777777776,58,353
13832,United Kingdom,2011-11-20 15:36:00,2011-11-22 12:31:00,2,25,40.949999999999996,10.237499999999999,3,1
13833,United Kingdom,2011-07-03 13:27:00,2011-07-03 13:27:00,1,117,383.85,13.708928571428572,28,0
13835,United Kingdom,2011-05-08 15:22:00,2011-11-14 15:37:00,4,442,834.57,15.174000000000001,48,190
13837,United Kingdom,2011-01-26 12:15:00,2011-05-12 12:10:00,2,182,266.59000000000003,14.810555555555558,17,105
13838,United Kingdom,2010-12-05 10:45:00,2011-12-04 11:00:00,4,254,674.82,4.089818181818182,144,364
13841,United Kingdom,2011-04-01 12:10:00,2011-04-01 12:10:00,1,100,85.0,85.0,1,0
13842,United Kingdom,2010-12-08 10:39:00,2011-10-12 10:51:00,9,1768,3385.62,16.43504854368932,155,308
13844,United Kingdom,2011-11-28 13:21:00,2011-11-28 13:21:00,1,196,361.62,18.081,20,0
13845,United Kingdom,2011-10-06 08:25:00,2011-10-06 08:25:00,1,182,312.98,34.775555555555556,9,0
13846,United Kingdom,2010-12-14 16:07:00,2011-11-15 12:07:00,4,383,847.61,14.613965517241379,56,335
13848,United Kingdom,2010-12-08 15:10:00,2011-09-08 12:58:00,3,3700,1255.0,251.0,3,273
13849,United Kingdom,2011-06-22 10:11:00,2011-10-19 10:59:00,2,1016,1537.95,15.227227722772279,97,119
13850,United Kingdom,2011-08-02 14:04:00,2011-09-12 18:00:00,2,941,1586.81,16.88095744680851,93,41
13851,United Kingdom,2011-02-24 17:18:00,2011-09-05 12:36:00,3,1705,2651.46,32.73407407407407,77,192
13853,United Kingdom,2011-10-13 14:18:00,2011-12-01 08:12:00,2,304,1056.94,44.03916666666667,23,48
13854,United Kingdom,2010-12-09 10:48:00,2011-12-01 09:06:00,29,2278,8025.0199999999995,70.39491228070175,39,356
13856,United Kingdom,2011-05-20 13:13:00,2011-06-24 10:03:00,5,484,363.4,21.376470588235293,10,34
13858,United Kingdom,2011-10-13 16:17:00,2011-10-13 16:17:00,1,75,216.17,19.651818181818182,11,0
13859,United Kingdom,2011-01-17 16:14:00,2011-01-17 16:14:00,1,129,201.16,7.184285714285714,27,0
13860,United Kingdom,2011-09-14 09:27:00,2011-12-08 12:57:00,6,589,1240.0,16.103896103896105,58,85
13862,United Kingdom,2011-01-11 15:13:00,2011-11-21 16:24:00,10,1682,2187.31,15.403591549295774,97,314
13863,United Kingdom,2011-04-06 10:20:00,2011-04-08 17:03:00,2,219,299.56,13.616363636363637,20,2
13865,United Kingdom,2011-02-23 12:04:00,2011-10-12 13:31:00,4,204,501.56,16.718666666666667,26,231
13866,United Kingdom,2011-09-26 14:54:00,2011-09-26 14:54:00,1,57,145.67000000000002,20.810000000000002,7,0
13867,United Kingdom,2011-05-05 17:28:00,2011-11-08 15:48:00,3,501,1005.09,16.7515,51,186
13868,United Kingdom,2011-11-01 12:45:00,2011-12-02 16:32:00,2,1964,3192.54,96.74363636363637,32,31
13869,United Kingdom,2010-12-17 15:14:00,2011-08-08 13:53:00,4,1709,3083.65,10.143585526315789,234,233
13870,United Kingdom,2011-02-25 09:09:00,2011-12-07 13:23:00,10,1320,2751.25,23.315677966101696,91,285
13871,United Kingdom,2011-02-04 09:30:00,2011-11-17 10:49:00,14,2801,6389.8,18.90473372781065,155,286
13873,United Kingdom,2011-02-03 09:37:00,2011-08-12 10:08:00,4,138,381.7,15.904166666666667,21,190
13874,United Kingdom,2010-12-16 18:20:00,2010-12-16 18:20:00,1,180,540.45,30.025000000000002,18,0
13875,United Kingdom,2011-02-11 15:39:00,2011-10-17 09:36:00,5,1316,1786.79,17.180673076923078,79,247
13876,United Kingdom,2011-10-07 10:22:00,2011-10-07 10:22:00,1,36,122.7,17.52857142857143,7,0
13877,United Kingdom,2011-09-14 15:49:00,2011-09-14 15:49:00,1,108,117.24,39.08,3,0
13878,United Kingdom,2011-10-16 12:19:00,2011-10-16 12:19:00,1,463,1271.57,36.330571428571425,35,0
13880,United Kingdom,2010-12-07 14:00:00,2011-11-18 13:44:00,13,1842,3219.77,19.513757575757577,125,345
13881,United Kingdom,2011-02-01 10:14:00,2011-12-06 12:50:00,22,10062,16989.52,94.38622222222223,72,308
13882,United Kingdom,2011-10-06 15:28:00,2011-12-07 11:16:00,6,950,1131.28,17.14060606060606,54,61
13883,United Kingdom,2011-01-17 16:45:00,2011-12-08 19:20:00,9,1368,2538.75,16.379032258064516,110,325
13884,United Kingdom,2011-03-01 13:40:00,2011-12-02 16:30:00,6,297,781.3000000000001,13.021666666666668,45,276
13885,United Kingdom,2011-05-23 08:52:00,2011-06-03 15:07:00,2,182,506.8,18.1,28,11
13886,United Kingdom,2011-09-29 13:17:00,2011-09-29 13:17:00,1,126,243.56,15.2225,16,0
13887,United Kingdom,2011-05-19 17:22:00,2011-05-19 17:22:00,1,147,349.55,18.397368421052633,19,0
13888,United Kingdom,2011-05-05 14:41:00,2011-08-12 10:13:00,2,254,595.67,15.273589743589742,38,98
13889,United Kingdom,2011-09-08 09:13:00,2011-09-08 09:13:00,1,146,416.90000000000003,27.793333333333337,15,0
13890,United Kingdom,2010-12-16 09:31:00,2011-12-08 15:36:00,14,826,1860.8600000000001,16.323333333333334,74,357
13892,United Kingdom,2011-04-07 12:04:00,2011-11-13 11:50:00,4,983,632.97,23.443333333333335,26,219
13893,United Kingdom,2011-02-15 11:30:00,2011-02-15 11:30:00,1,190,821.1,39.1,21,0
13894,United Kingdom,2011-02-02 12:54:00,2011-11-17 13:35:00,5,339,535.97,17.865666666666666,25,288
13895,United Kingdom,2011-06-28 10:17:00,2011-11-18 17:15:00,5,1364,2588.12,21.74890756302521,97,143
13897,United Kingdom,2011-10-20 14:30:00,2011-10-20 14:30:00,1,200,311.16,18.303529411764707,17,0
13898,United Kingdom,2011-01-18 10:28:00,2011-01-18 10:28:00,1,133,155.93,12.994166666666667,12,0
13899,United Kingdom,2011-03-10 09:30:00,2011-11-23 13:40:00,2,156,388.52,20.448421052631577,19,258
13900,United Kingdom,2011-03-22 10:13:00,2011-06-09 19:26:00,3,430,740.95,17.23139534883721,42,79
13901,United Kingdom,2011-01-25 09:01:00,2011-09-28 14:48:00,5,1739,2867.2,19.242953020134227,144,246
13904,United Kingdom,2011-02-18 11:18:00,2011-11-02 13:41:00,2,332,332.64,12.793846153846154,24,257
13908,United Kingdom,2011-03-08 12:04:00,2011-09-21 11:49:00,5,1470,2347.05,18.627380952380953,104,196
13911,United Kingdom,2011-02-04 14:46:00,2011-10-13 15:43:00,9,2731,2580.91,17.43858108108108,120,251
13914,United Kingdom,2011-11-03 16:28:00,2011-12-06 10:54:00,3,379,613.95,18.05735294117647,28,32
13917,United Kingdom,2011-06-01 12:46:00,2011-10-21 09:56:00,2,228,272.04,15.113333333333335,16,141
13918,United Kingdom,2011-03-31 18:05:00,2011-10-21 12:25:00,2,1140,1212.8400000000001,40.428000000000004,30,203
13919,Denmark,2011-08-10 10:15:00,2011-10-17 15:24:00,3,437,350.15999999999997,10.61090909090909,24,68
13922,United Kingdom,2010-12-23 10:38:00,2010-12-23 10:38:00,1,93,172.25,24.607142857142858,7,0
13923,United Kingdom,2011-10-17 12:33:00,2011-10-17 12:33:00,1,185,351.13,17.5565,20,0
13924,United Kingdom,2011-09-28 15:07:00,2011-12-08 09:39:00,11,1532,1682.08,12.277956204379562,91,70
13925,United Kingdom,2011-07-28 12:09:00,2011-11-03 13:00:00,6,327,616.65,13.703333333333333,28,98
13926,United Kingdom,2011-11-16 13:16:00,2011-11-16 13:16:00,1,104,223.85000000000002,20.35,11,0
13927,United Kingdom,2011-09-26 12:00:00,2011-09-26 12:00:00,1,214,348.99,16.61857142857143,21,0
13928,United Kingdom,2011-07-29 15:59:00,2011-11-29 10:33:00,4,129,464.57,17.206296296296298,23,122
13929,United Kingdom,2011-01-17 15:11:00,2011-06-23 15:26:00,3,139,802.85,80.285,8,157
13930,United Kingdom,2011-07-26 11:00:00,2011-10-13 09:45:00,2,274,337.34,19.843529411764706,15,78
13931,United Kingdom,2011-03-04 08:43:00,2011-09-15 10:03:00,3,721,1230.93,20.86322033898305,56,195
13932,United Kingdom,2011-02-18 12:02:00,2011-02-18 12:02:00,1,72,307.4,19.2125,16,0
13933,United Kingdom,2011-07-14 13:35:00,2011-08-22 14:03:00,2,205,608.7900000000001,26.469130434782613,23,39
13934,United Kingdom,2011-03-21 08:39:00,2011-03-21 08:39:00,1,390,922.1,29.74516129032258,31,0
13936,United Kingdom,2011-06-13 08:47:00,2011-06-21 17:44:00,2,324,361.28,13.38074074074074,26,8
13937,United Kingdom,2011-06-23 16:35:00,2011-06-23 16:35:00,1,123,158.85,17.65,9,0
13938,United Kingdom,2011-11-04 14:37:00,2011-11-04 14:37:00,1,70,71.66,10.237142857142857,7,0
13939,United Kingdom,2011-02-01 11:30:00,2011-11-16 13:33:00,4,843,556.75,12.103260869565217,43,288
13940,United Kingdom,2011-07-18 16:05:00,2011-11-22 15:15:00,4,516,839.14,17.12530612244898,39,126
13941,United Kingdom,2010-12-02 10:17:00,2011-11-18 09:43:00,7,2307,4912.41,104.51936170212765,24,350
13946,United Kingdom,2011-03-17 10:02:00,2011-09-21 13:33:00,3,443,561.5699999999999,51.05181818181818,11,188
13947,United Kingdom,2011-10-05 14:42:00,2011-10-05 14:42:00,1,44,90.6,18.119999999999997,5,0
13948,United Kingdom,2010-12-14 10:18:00,2010-12-14 10:18:00,1,40,102.0,34.0,3,0
13949,United Kingdom,2011-09-06 11:55:00,2011-12-07 09:35:00,6,2474,2427.32,15.170750000000002,124,91
13950,United Kingdom,2011-04-07 11:29:00,2011-11-28 14:44:00,5,321,728.56,20.237777777777776,33,235
13951,United Kingdom,2011-02-18 15:21:00,2011-06-16 16:43:00,3,459,674.45,17.293589743589745,38,118
13952,United Kingdom,2011-04-15 09:27:00,2011-05-12 19:27:00,3,1425,3246.091,23.52239855072464,120,27
13953,United Kingdom,2010-12-22 10:29:00,2011-12-02 16:04:00,7,2724,3515.68,175.784,8,345
13954,United Kingdom,2011-09-30 10:52:00,2011-12-08 12:50:00,3,141,378.59,12.619666666666665,24,69
13955,United Kingdom,2011-02-07 12:24:00,2011-07-08 17:19:00,2,154,322.96,9.786666666666665,33,151
13956,United Kingdom,2011-03-13 12:51:00,2011-12-04 13:20:00,5,486,1019.27,6.933809523809524,123,266
13958,United Kingdom,2010-12-02 17:03:00,2010-12-02 17:03:00,1,-23,-102.45,-20.490000000000002,5,0
13959,United Kingdom,2010-12-12 13:56:00,2011-09-21 15:06:00,3,355,594.04,6.600444444444444,79,283
13960,United Kingdom,2011-09-29 12:39:00,2011-11-18 15:27:00,2,142,230.22,19.185,11,50
13962,United Kingdom,2011-04-08 11:21:00,2011-11-18 08:47:00,2,87,169.55,15.413636363636364,11,223
13963,United Kingdom,2010-12-07 09:21:00,2011-02-04 14:43:00,4,460,664.54,18.986857142857144,35,59
13967,United Kingdom,2011-07-17 12:02:00,2011-07-17 12:02:00,1,42,80.7,40.35,2,0
13969,United Kingdom,2010-12-09 19:32:00,2011-12-02 15:11:00,20,4469,8956.92,14.308178913738018,334,357
13971,United Kingdom,2011-02-27 12:27:00,2011-12-01 08:27:00,11,1818,2702.2200000000003,17.102658227848103,118,276
13972,United Kingdom,2011-05-22 11:34:00,2011-09-30 11:54:00,2,187,190.25,12.683333333333334,15,131
13973,United Kingdom,2011-02-25 15:21:00,2011-02-25 15:21:00,1,109,264.7,24.063636363636363,11,0
13974,United Kingdom,2011-10-21 14:41:00,2011-10-21 14:41:00,1,249,413.59000000000003,14.77107142857143,28,0
13975,United Kingdom,2011-03-08 12:19:00,2011-11-08 13:19:00,7,1690,2438.19,7.366132930513595,240,245
13976,United Kingdom,2011-05-17 09:13:00,2011-05-17 09:13:00,1,154,357.98,35.798,10,0
13978,United Kingdom,2011-10-25 15:04:00,2011-11-25 11:36:00,2,315,196.79000000000002,13.119333333333335,14,30
13979,United Kingdom,2011-09-27 13:32:00,2011-09-27 13:32:00,1,639,869.87,16.108703703703704,54,0
13980,United Kingdom,2011-10-10 13:34:00,2011-10-10 13:34:00,1,172,200.14,18.19454545454545,11,0
13982,United Kingdom,2010-12-09 13:57:00,2011-10-31 16:24:00,5,1132,1861.11,16.183565217391305,72,326
13983,United Kingdom,2010-12-08 10:38:00,2011-11-10 11:06:00,13,1170,2590.46,23.129107142857144,91,337
13984,United Kingdom,2010-12-08 15:58:00,2011-11-13 12:38:00,6,271,488.03,28.70764705882353,14,339
13985,United Kingdom,2011-03-20 13:48:00,2011-12-05 17:06:00,16,3437,7024.53,20.01290598290598,108,260
13986,United Kingdom,2011-11-22 15:00:00,2011-11-22 15:00:00,1,430,320.46,24.650769230769228,12,0
13988,United Kingdom,2011-03-30 11:48:00,2011-11-20 10:15:00,9,3025,4098.8,17.14979079497908,188,234
13989,United Kingdom,2011-04-14 15:39:00,2011-10-05 09:47:00,2,1313,1266.08,30.88,33,173
13990,United Kingdom,2011-05-10 15:19:00,2011-05-10 15:19:00,1,190,311.3,19.45625,16,0
13991,United Kingdom,2011-07-19 12:58:00,2011-11-27 16:18:00,7,993,847.54,10.089761904761904,58,131
13992,United Kingdom,2011-11-09 15:23:00,2011-11-09 15:23:00,1,64,76.8,15.36,5,0
13993,United Kingdom,2011-01-13 10:43:00,2011-11-07 13:00:00,12,892,3409.66,27.277279999999998,66,298
13994,United Kingdom,2011-07-14 18:28:00,2011-12-06 11:05:00,6,932,2274.14,15.36581081081081,122,144
13995,United Kingdom,2011-04-08 08:20:00,2011-11-24 14:22:00,6,867,1383.49,15.902183908045977,55,230
13999,United Kingdom,2010-12-13 11:23:00,2011-11-29 13:40:00,15,2231,3865.26,18.23235849056604,102,351
14000,United Kingdom,2011-05-12 16:50:00,2011-05-17 13:44:00,2,707,633.71,39.606875,15,4
14001,United Kingdom,2010-12-01 12:58:00,2011-10-25 10:31:00,4,959,2030.3300000000002,50.758250000000004,35,327
14002,United Kingdom,2011-07-06 14:59:00,2011-07-28 15:55:00,2,877,529.73,11.270851063829788,47,22
14004,United Kingdom,2011-02-24 09:28:00,2011-10-27 14:40:00,7,2668,4582.64,26.799064327485382,102,245
14005,United Kingdom,2011-05-08 10:33:00,2011-11-30 12:41:00,5,2478,2874.72,34.22285714285714,53,206
14006,United Kingdom,2011-01-31 15:11:00,2011-08-16 09:39:00,3,641,962.19,32.073,22,196
14009,United Kingdom,2011-05-18 13:00:00,2011-05-25 15:47:00,3,361,685.9300000000001,15.589318181818184,42,7
14012,United Kingdom,2011-03-07 12:26:00,2011-03-07 12:26:00,1,160,328.8,29.89090909090909,11,0
14013,United Kingdom,2011-03-09 08:59:00,2011-08-21 15:01:00,3,462,473.02,13.91235294117647,30,165
14014,United Kingdom,2011-09-23 13:18:00,2011-09-23 13:18:00,1,1076,505.18,12.953333333333333,39,0
14015,United Kingdom,2011-10-18 10:02:00,2011-10-18 10:02:00,1,378,917.34,45.867000000000004,20,0
14016,Ireland,2010-12-17 14:21:00,2011-07-08 14:27:00,5,2124,4328.46,26.718888888888888,154,203
14019,United Kingdom,2011-07-24 15:39:00,2011-10-24 10:13:00,4,1034,1398.96,20.57294117647059,37,91
14020,United Kingdom,2011-09-12 15:32:00,2011-11-23 09:22:00,2,441,642.8,16.48205128205128,37,71
14021,United Kingdom,2011-03-28 15:10:00,2011-07-07 15:46:00,3,192,631.9,28.722727272727273,22,101
14022,United Kingdom,2011-04-28 14:39:00,2011-04-28 14:39:00,1,487,440.0,15.714285714285714,28,0
14023,United Kingdom,2011-04-03 15:50:00,2011-12-02 13:58:00,2,345,584.07,18.840967741935486,30,242
14024,United Kingdom,2011-08-07 13:31:00,2011-08-10 11:30:00,2,150,327.7,20.48125,16,2
14027,United Kingdom,2011-10-10 09:01:00,2011-10-10 09:01:00,1,62,104.82,17.47,6,0
14029,United Kingdom,2011-07-18 16:57:00,2011-10-07 14:46:00,2,198,467.66,31.177333333333333,15,80
14030,United Kingdom,2010-12-08 16:11:00,2011-11-21 16:48:00,8,1478,2358.84,9.747272727272728,210,348
14031,United Kingdom,2010-12-02 16:34:00,2011-12-02 17:13:00,23,5370,14634.640000000001,56.72341085271319,121,365
14032,United Kingdom,2010-12-08 10:53:00,2011-12-07 15:23:00,18,2008,2929.84,19.275263157894738,53,364
14034,United Kingdom,2011-07-05 13:06:00,2011-11-17 14:02:00,4,312,509.09,5.720112359550561,82,135
14035,United Kingdom,2011-02-15 12:48:00,2011-11-11 10:03:00,5,739,1428.02,21.636666666666667,41,268
14036,United Kingdom,2011-02-28 09:26:00,2011-02-28 09:26:00,1,268,626.65,16.49078947368421,38,0
14037,United Kingdom,2010-12-10 11:39:00,2011-06-16 13:57:00,2,46,147.20000000000002,5.257142857142858,27,188
14038,United Kingdom,2011-05-16 14:05:00,2011-09-22 13:37:00,4,963,1554.48,16.71483870967742,64,128
14039,United Kingdom,2011-11-06 13:48:00,2011-11-06 13:48:00,1,92,152.2,25.366666666666664,6,0
14040,United Kingdom,2011-01-12 14:57:00,2011-10-30 12:42:00,15,1514,3487.59,14.840808510638299,147,290
14041,United Kingdom,2011-03-18 13:25:00,2011-03-18 13:25:00,1,94,141.41,6.733809523809524,21,0
14044,United Kingdom,2011-02-03 11:39:00,2011-11-13 12:05:00,4,304,646.42,3.1379611650485435,165,283
14045,United Kingdom,2010-12-01 11:32:00,2011-08-22 15:27:00,4,535,1659.75,276.625,4,264
14046,United Kingdom,2011-02-28 14:48:00,2011-02-28 14:48:00,1,460,154.99,11.070714285714287,14,0
14047,United Kingdom,2010-12-02 10:09:00,2011-12-01 11:43:00,7,377,1290.01,37.94147058823529,22,364
14048,United Kingdom,2011-02-07 14:53:00,2011-03-07 13:49:00,2,274,375.13,4.262840909090909,84,27
14049,United Kingdom,2011-01-26 10:30:00,2011-11-23 12:20:00,6,3784,5536.15,11.184141414141413,352,301
14050,United Kingdom,2011-08-25 13:46:00,2011-11-08 10:00:00,2,689,746.36,13.821481481481483,49,74
14051,United Kingdom,2010-12-08 12:49:00,2011-12-09 10:20:00,26,3741,15477.34,71.98762790697674,52,365
14052,United Kingdom,2011-11-20 12:30:00,2011-11-20 12:30:00,1,89,225.36,4.024285714285715,56,0
14053,United Kingdom,2011-07-03 12:21:00,2011-08-07 14:27:00,2,215,260.25,65.0625,2,35
14054,United Kingdom,2011-10-05 15:49:00,2011-10-05 15:49:00,1,62,92.46,15.409999999999998,6,0
14055,United Kingdom,2011-08-25 15:04:00,2011-08-25 15:04:00,1,216,725.6400000000001,72.56400000000001,10,0
14056,United Kingdom,2011-02-28 15:19:00,2011-12-08 13:36:00,29,4211,8062.46,7.263477477477477,321,282
14057,United Kingdom,2010-12-14 12:11:00,2011-11-16 10:32:00,18,4705,6141.099999999999,21.176206896551722,179,336
14059,United Kingdom,2011-03-18 10:06:00,2011-03-18 10:06:00,1,128,183.6,22.95,8,0
14060,United Kingdom,2010-12-02 12:11:00,2011-12-05 12:29:00,20,5374,6135.38,30.223546798029556,86,368
14062,United Kingdom,2010-12-10 15:56:00,2011-11-30 10:04:00,12,5593,10464.85,94.27792792792793,60,354
14064,United Kingdom,2011-03-10 12:59:00,2011-11-10 13:14:00,7,1334,1168.92,14.796455696202532,59,245
14066,United Kingdom,2011-03-18 12:21:00,2011-03-18 12:21:00,1,45,152.55,21.792857142857144,7,0
14067,United Kingdom,2011-09-04 12:00:00,2011-10-07 10:21:00,2,361,374.7,7.2057692307692305,51,32
14068,United Kingdom,2011-01-23 16:02:00,2011-01-23 16:02:00,1,73,265.85,11.077083333333334,22,0
14071,United Kingdom,2011-03-20 11:33:00,2011-12-06 12:27:00,9,899,1306.16,3.9342168674698796,271,261
14073,United Kingdom,2011-11-07 15:49:00,2011-11-18 16:14:00,2,128,139.54,9.967142857142857,13,11
14075,United Kingdom,2011-03-23 16:35:00,2011-12-05 08:38:00,3,754,942.26,21.913023255813954,33,256
14076,United Kingdom,2011-08-02 15:19:00,2011-08-02 15:19:00,1,79,118.67,2.6970454545454547,43,0
14077,United Kingdom,2011-03-10 15:52:00,2011-10-30 12:35:00,5,268,499.41999999999996,11.89095238095238,33,233
14078,United Kingdom,2010-12-01 12:54:00,2011-08-30 12:16:00,6,310,1049.37,16.144153846153845,46,271
14079,United Kingdom,2011-08-07 12:10:00,2011-08-07 12:10:00,1,301,375.1,31.258333333333336,12,0
14080,United Kingdom,2011-11-07 11:09:00,2011-11-07 11:09:00,1,48,45.599999999999994,11.399999999999999,4,0
14081,United Kingdom,2010-12-05 15:47:00,2011-03-17 14:24:00,4,589,891.77,5.828562091503268,126,101
14082,United Kingdom,2010-12-10 11:02:00,2010-12-10 11:02:00,1,110,182.25,6.2844827586206895,28,0
14083,United Kingdom,2010-12-03 12:24:00,2011-12-05 13:14:00,9,705,1002.9,5.6661016949152545,162,367
14085,United Kingdom,2010-12-06 12:39:00,2011-12-07 13:46:00,19,3176,4408.54,9.818574610244989,272,366
14087,United Kingdom,2011-12-07 12:28:00,2011-12-07 12:41:00,2,249,178.72,2.590144927536232,62,0
14088,United Kingdom,2011-01-21 13:07:00,2011-11-29 16:16:00,14,12593,50415.49,85.44998305084745,379,312
14089,United Kingdom,2011-10-14 10:38:00,2011-10-14 10:38:00,1,133,158.75,12.211538461538462,13,0
14090,United Kingdom,2011-01-19 10:51:00,2011-01-19 10:51:00,1,72,76.32000000000001,76.32000000000001,1,0
14092,United Kingdom,2010-12-02 09:10:00,2011-12-02 12:13:00,17,2061,4063.1,18.723963133640552,117,365
14093,United Kingdom,2011-11-27 16:27:00,2011-11-27 16:27:00,1,391,433.86,4.3386000000000005,95,0
14096,United Kingdom,2011-08-30 10:49:00,2011-12-05 17:17:00,34,16335,57120.909999999996,11.139023010920436,1121,97
14098,United Kingdom,2011-11-03 10:13:00,2011-11-03 10:13:00,1,104,147.35,7.016666666666667,21,0
14099,United Kingdom,2010-12-20 11:14:00,2011-11-23 13:53:00,12,2177,3092.9700000000003,12.273690476190477,167,338
14100,United Kingdom,2011-07-25 11:01:00,2011-07-25 11:01:00,1,63,191.95000000000002,7.678000000000001,24,0
14101,United Kingdom,2011-01-17 13:09:00,2011-09-27 12:28:00,6,6942,5976.79,170.76542857142857,15,252
14102,United Kingdom,2011-10-26 12:46:00,2011-12-04 15:38:00,8,746,1060.33,16.83063492063492,35,39
14104,United Kingdom,2011-06-27 12:49:00,2011-07-08 12:50:00,2,72,216.20999999999998,10.295714285714284,21,11
14105,United Kingdom,2011-04-14 17:58:00,2011-09-15 16:13:00,2,798,1260.33,16.58328947368421,74,153
14107,United Kingdom,2010-12-10 13:29:00,2011-10-19 12:12:00,8,1788,2688.48,21.681290322580644,61,312
14108,United Kingdom,2011-08-30 11:32:00,2011-11-09 10:41:00,3,380,594.16,16.976,33,70
14109,United Kingdom,2011-09-28 10:18:00,2011-11-16 13:51:00,2,56,80.2,5.728571428571429,9,49
14110,United Kingdom,2011-03-18 09:59:00,2011-12-06 12:26:00,13,2443,5669.65,36.343910256410254,94,263
14111,United Kingdom,2011-04-12 11:36:00,2011-11-25 13:44:00,5,457,688.6,62.6,10,227
14112,United Kingdom,2011-03-09 11:28:00,2011-11-17 12:30:00,12,1608,2774.17,16.035664739884393,117,253
14113,United Kingdom,2010-12-20 11:56:00,2011-12-06 12:18:00,8,635,1377.92,34.448,26,351
14114,United Kingdom,2011-01-13 11:05:00,2011-03-11 09:42:00,2,101,386.53,25.768666666666665,15,56
14116,United Kingdom,2011-08-10 12:44:00,2011-11-20 10:29:00,5,707,1382.74,19.204722222222223,61,101
14117,United Kingdom,2011-07-19 09:49:00,2011-07-19 09:49:00,1,72,90.0,30.0,3,0
14119,United Kingdom,2010-12-20 13:58:00,2010-12-20 13:58:00,1,-2,-19.9,-19.9,1,0
14121,United Kingdom,2011-10-11 10:39:00,2011-12-06 12:19:00,6,2078,2740.3,17.020496894409938,148,56
14124,United Kingdom,2011-09-16 13:32:00,2011-09-16 13:32:00,1,1618,419.58000000000004,83.91600000000001,4,0
14125,United Kingdom,2011-09-22 15:40:00,2011-11-29 12:47:00,3,1628,2720.63,16.38933734939759,159,67
14126,United Kingdom,2011-11-29 12:21:00,2011-12-02 11:45:00,4,458,643.6300000000001,40.22687500000001,14,2
14127,United Kingdom,2011-02-02 12:26:00,2011-08-09 10:49:00,3,321,709.71,16.129772727272726,39,187
14128,United Kingdom,2011-03-29 10:49:00,2011-10-10 12:00:00,2,564,637.5,13.858695652173912,40,195
14129,United Kingdom,2011-03-24 08:44:00,2011-12-08 11:02:00,5,592,1123.8600000000001,21.61269230769231,31,259
14130,United Kingdom,2011-01-24 16:05:00,2011-01-24 16:05:00,1,257,480.91,7.286515151515152,66,0
14132,United Kingdom,2011-06-09 12:04:00,2011-12-07 13:35:00,12,3366,3580.13,17.811592039800995,100,181
14133,United Kingdom,2011-01-28 11:27:00,2011-08-02 11:34:00,5,342,590.3399999999999,19.677999999999997,26,186
14135,United Kingdom,2010-12-02 10:27:00,2011-12-08 11:38:00,15,3850,4690.31,35.00231343283583,95,371
14138,United Kingdom,2011-10-07 09:38:00,2011-12-08 12:44:00,2,600,965.8800000000001,20.99739130434783,40,62
14139,United Kingdom,2011-10-24 13:34:00,2011-10-24 13:34:00,1,510,415.82,15.993076923076924,26,0
14140,United Kingdom,2011-11-08 11:20:00,2011-12-06 09:05:00,3,809,920.05,13.732089552238806,60,27
14141,United Kingdom,2011-08-26 14:40:00,2011-12-07 09:53:00,6,337,879.0300000000001,19.109347826086957,28,102
14142,United Kingdom,2010-12-01 16:33:00,2010-12-01 16:33:00,1,313,311.81,14.173181818181819,22,0
14143,United Kingdom,2011-07-29 09:48:00,2011-07-29 09:48:00,1,30,115.8,16.54285714285714,7,0
14145,United Kingdom,2011-05-06 13:01:00,2011-10-24 12:10:00,5,636,3148.2,262.34999999999997,6,170
14146,United Kingdom,2010-12-17 15:52:00,2011-12-01 10:18:00,6,1886,2949.57,12.039061224489796,183,348
14147,United Kingdom,2011-02-27 11:42:00,2011-10-21 13:36:00,3,96,468.4,78.06666666666666,4,236
14148,United Kingdom,2011-04-20 12:02:00,2011-04-20 12:02:00,1,16,157.2,52.4,3,0
14149,United Kingdom,2011-05-03 09:44:00,2011-05-11 12:34:00,3,129,259.43,6.48575,28,8
14150,United Kingdom,2010-12-15 10:04:00,2011-11-04 10:05:00,2,496,658.64,25.33230769230769,23,324
14152,United Kingdom,2011-04-19 15:46:00,2011-09-25 12:54:00,3,699,611.09,12.2218,47,158
14154,United Kingdom,2011-04-14 15:58:00,2011-04-14 16:26:00,2,465,1345.62,25.87730769230769,52,0
14155,United Kingdom,2011-03-18 14:13:00,2011-03-18 14:13:00,1,25,118.75,19.791666666666668,6,0
14156,Ireland,2010-12-02 17:08:00,2011-11-30 10:54:00,66,56908,113214.59,80.0103109540636,716,362
14157,United Kingdom,2011-02-27 13:04:00,2011-11-20 11:32:00,3,260,392.44,8.349787234042553,45,265
14158,United Kingdom,2011-10-30 15:08:00,2011-10-30 15:08:00,1,781,507.66,12.381951219512196,41,0
14159,United Kingdom,2010-12-12 11:17:00,2011-11-20 12:36:00,14,4335,4615.64,3.901639898562976,501,343
14161,United Kingdom,2010-12-05 13:18:00,2011-05-08 11:41:00,3,450,1097.6200000000001,10.554038461538463,87,153
14162,United Kingdom,2011-02-20 12:32:00,2011-06-19 11:36:00,2,142,289.36,11.5744,25,118
14163,United Kingdom,2011-04-14 17:33:00,2011-09-13 15:18:00,4,893,2445.91,47.036730769230765,36,151
14164,United Kingdom,2011-09-20 12:18:00,2011-09-30 12:24:00,2,1033,1631.77,56.26793103448276,28,10
14165,United Kingdom,2011-03-09 12:39:00,2011-03-09 12:39:00,1,53,120.44,5.0183333333333335,23,0
14167,United Kingdom,2011-01-12 15:44:00,2011-10-31 14:29:00,4,147,562.59,11.251800000000001,27,291
14171,United Kingdom,2011-09-02 16:43:00,2011-09-02 16:43:00,1,167,363.79,6.272241379310345,57,0
14173,United Kingdom,2011-05-04 14:03:00,2011-11-29 11:54:00,4,150,450.84,15.546206896551723,28,208
14174,United Kingdom,2011-11-06 13:17:00,2011-11-06 13:17:00,1,94,134.46,5.171538461538462,26,0
14175,United Kingdom,2011-01-14 12:22:00,2011-10-19 13:42:00,7,1461,3108.06,18.95158536585366,139,278
14176,United Kingdom,2010-12-07 11:45:00,2011-02-15 13:12:00,5,207,574.0,17.9375,28,70
14177,United Kingdom,2011-06-13 11:10:00,2011-09-16 09:52:00,5,203,544.51,12.96452380952381,37,94
14178,United Kingdom,2011-06-10 12:51:00,2011-12-01 12:01:00,7,1494,1600.26,5.032264150943396,191,173
14179,United Kingdom,2011-10-18 14:00:00,2011-10-30 12:07:00,2,319,701.57,4.46859872611465,135,11
14180,United Kingdom,2010-12-02 13:08:00,2011-11-29 10:56:00,31,710,4640.77,18.712782258064518,112,361
14184,United Kingdom,2011-10-04 12:43:00,2011-10-04 12:43:00,1,127,452.89,18.870416666666667,24,0
14185,United Kingdom,2011-01-12 13:52:00,2011-01-12 13:52:00,1,6,197.65,65.88333333333334,3,0
14188,United Kingdom,2011-02-02 13:46:00,2011-12-01 09:46:00,10,1145,2018.91,28.435352112676057,34,301
14189,United Kingdom,2010-12-06 11:42:00,2011-12-07 15:55:00,24,3919,4604.31,16.622057761732854,176,366
14191,United Kingdom,2011-05-03 10:30:00,2011-12-08 09:23:00,14,3657,4660.01,17.718669201520914,146,218
14193,United Kingdom,2011-03-15 11:38:00,2011-10-03 09:34:00,2,445,853.39,20.318809523809524,35,201
14194,United Kingdom,2011-02-04 14:51:00,2011-12-05 10:38:00,32,5783,11216.75,18.570778145695364,269,303
14195,United Kingdom,2011-04-01 16:50:00,2011-05-22 10:29:00,3,702,962.7,120.3375,7,50
14196,United Kingdom,2011-08-25 10:25:00,2011-08-25 10:25:00,1,142,335.52,55.919999999999995,6,0
14198,United Kingdom,2011-04-14 14:54:00,2011-12-05 16:34:00,7,280,663.5,15.079545454545455,35,235
14199,United Kingdom,2011-05-05 13:44:00,2011-05-05 13:44:00,1,28,185.39999999999998,92.69999999999999,2,0
14201,United Kingdom,2010-12-15 13:25:00,2011-10-10 13:27:00,9,578,688.04,17.64205128205128,32,299
14204,United Kingdom,2011-12-07 13:38:00,2011-12-07 13:38:00,1,72,150.61,3.861794871794872,36,0
14205,United Kingdom,2010-12-09 13:38:00,2011-11-29 11:56:00,4,99,218.78,5.60974358974359,35,354
14206,United Kingdom,2010-12-14 10:31:00,2011-04-14 16:38:00,2,274,308.26,14.67904761904762,21,121
14208,United Kingdom,2011-09-06 12:48:00,2011-09-06 12:48:00,1,114,151.74,15.174000000000001,10,0
14209,United Kingdom,2011-01-11 12:56:00,2011-11-29 10:18:00,7,688,2067.13,23.49011363636364,55,321
14210,United Kingdom,2010-12-03 12:43:00,2011-09-09 12:55:00,7,759,1900.89,18.455242718446602,66,280
14211,United Kingdom,2011-02-17 15:50:00,2011-10-17 13:23:00,13,1232,2208.3,18.71440677966102,87,241
14212,United Kingdom,2011-09-11 12:45:00,2011-09-11 12:45:00,1,1152,1070.48,118.94222222222223,9,0
14213,United Kingdom,2010-12-03 09:47:00,2010-12-03 09:47:00,1,-244,-1192.2,-238.44,5,0
14214,United Kingdom,2011-03-07 12:26:00,2011-11-09 10:31:00,7,748,1000.23,14.289,64,246
14215,United Kingdom,2010-12-06 15:34:00,2011-11-28 12:19:00,7,1354,1777.92,16.31119266055046,98,356
14216,United Kingdom,2011-11-02 10:51:00,2011-12-06 14:56:00,4,594,1839.3,31.17457627118644,47,34
14217,United Kingdom,2010-12-08 13:28:00,2011-12-08 11:53:00,24,677,1925.3600000000001,17.994018691588785,78,364
14218,United Kingdom,2011-10-28 10:00:00,2011-10-28 10:00:00,1,160,169.48000000000002,14.123333333333335,12,0
14219,United Kingdom,2011-12-05 16:23:00,2011-12-05 16:23:00,1,78,89.94,12.848571428571429,7,0
14220,United Kingdom,2010-12-16 18:18:00,2011-04-06 13:23:00,2,272,632.4,30.114285714285714,21,110
14221,United Kingdom,2011-01-04 15:33:00,2011-10-28 13:42:00,10,2190,3427.85,17.669329896907215,123,296
14222,United Kingdom,2011-06-15 16:42:00,2011-06-15 16:42:00,1,607,683.17,16.662682926829266,41,0
14223,United Kingdom,2011-03-20 16:02:00,2011-09-08 13:38:00,4,583,975.23,15.987377049180328,50,171
14224,United Kingdom,2011-01-23 13:58:00,2011-08-21 13:24:00,4,483,1009.73,8.93566371681416,105,209
14226,United Kingdom,2011-03-15 15:36:00,2011-11-11 11:34:00,7,1289,2184.2400000000002,30.33666666666667,64,240
14227,United Kingdom,2011-02-28 12:27:00,2011-11-13 15:48:00,15,1811,3315.71,18.11863387978142,117,258
14229,United Kingdom,2011-01-10 12:03:00,2011-10-19 10:04:00,5,590,1450.6,33.73488372093023,29,281
14231,United Kingdom,2011-02-24 11:55:00,2011-06-13 15:35:00,5,402,822.0600000000001,15.223333333333334,47,109
14232,United Kingdom,2011-03-20 12:44:00,2011-11-08 12:17:00,8,1937,2043.93,17.321440677966102,81,232
14233,United Kingdom,2011-01-26 12:43:00,2011-10-27 09:25:00,5,671,1447.51,40.20861111111111,30,273
14234,United Kingdom,2011-10-13 13:58:00,2011-11-17 17:53:00,4,951,754.12,5.130068027210885,122,35
14235,United Kingdom,2011-03-24 13:23:00,2011-11-29 13:26:00,6,1947,3093.86,38.67325,65,250
14236,United Kingdom,2010-12-02 18:49:00,2011-09-20 09:13:00,2,310,490.86,32.724000000000004,15,291
14237,United Kingdom,2010-12-01 13:20:00,2010-12-01 13:20:00,1,38,161.0,17.88888888888889,9,0
14238,United Kingdom,2011-01-17 14:40:00,2011-01-17 14:40:00,1,111,146.85,18.35625,8,0
14239,United Kingdom,2011-01-27 14:45:00,2011-10-27 14:40:00,13,986,2323.5,20.030172413793103,83,272
14240,United Kingdom,2011-04-28 11:40:00,2011-11-09 13:45:00,2,418,890.34,21.19857142857143,37,195
14241,United Kingdom,2011-06-09 11:46:00,2011-06-09 11:46:00,1,146,213.70000000000002,21.37,10,0
14242,United Kingdom,2011-01-18 08:53:00,2011-04-19 11:46:00,2,123,280.55,17.534375,13,91
14243,United Kingdom,2010-12-09 08:34:00,2011-12-01 11:12:00,14,1204,2535.88,17.134324324324325,99,357
14245,United Kingdom,2011-03-21 10:41:00,2011-06-16 14:33:00,5,971,1677.48,14.977500000000001,107,87
14246,United Kingdom,2011-04-08 08:25:00,2011-08-21 11:50:00,3,804,1474.06,19.654133333333334,57,135
14247,United Kingdom,2011-03-06 15:21:00,2011-03-06 15:21:00,1,47,136.76999999999998,6.838499999999999,19,0
14248,United Kingdom,2011-01-25 14:45:00,2011-01-25 14:45:00,1,102,302.58,37.8225,8,0
14250,United Kingdom,2011-09-11 13:44:00,2011-12-02 14:30:00,3,1200,1904.05,17.153603603603603,94,82
14251,United Kingdom,2011-10-13 12:46:00,2011-12-08 08:32:00,5,1674,2879.7000000000003,36.91923076923077,37,55
14256,United Kingdom,2010-12-10 11:44:00,2011-03-30 16:39:00,3,410,935.0600000000001,17.315925925925928,51,110
14257,United Kingdom,2011-01-25 10:49:00,2011-10-19 13:38:00,6,1677,3087.27,28.85299065420561,89,267
14258,United Kingdom,2011-01-06 12:18:00,2011-11-30 15:27:00,10,7098,12650.08,112.94714285714285,58,328
14259,United Kingdom,2011-07-21 10:44:00,2011-07-21 10:44:00,1,68,120.0,24.0,5,0
14261,United Kingdom,2011-09-22 10:47:00,2011-10-20 10:04:00,2,406,1163.45,22.37403846153846,52,27
14262,United Kingdom,2011-04-13 12:23:00,2011-12-01 14:17:00,8,1645,2618.23,18.3093006993007,87,232
14264,United Kingdom,2010-12-02 17:35:00,2011-07-08 10:20:00,3,66,319.47,16.81421052631579,17,217
14265,Unspecified,2011-07-14 09:10:00,2011-08-22 13:32:00,2,330,530.18,17.10258064516129,31,39
14267,United Kingdom,2011-03-24 11:38:00,2011-07-12 11:11:00,7,461,1279.09,19.380151515151514,25,109
14270,United Kingdom,2011-01-12 09:33:00,2011-01-12 09:33:00,1,197,492.65000000000003,16.98793103448276,29,0
14271,United Kingdom,2011-04-28 12:47:00,2011-04-28 12:47:00,1,88,112.32,11.232,10,0
14272,United Kingdom,2011-03-30 13:57:00,2011-09-27 10:08:00,2,599,437.96,13.271515151515151,33,180
14273,United Kingdom,2011-04-11 13:24:00,2011-10-19 13:20:00,4,264,559.97,19.309310344827587,22,190
14276,United Kingdom,2011-02-23 09:38:00,2011-09-12 17:49:00,5,723,1019.39,13.591866666666666,52,201
14277,France,2011-05-11 13:20:00,2011-11-24 15:01:00,4,1616,3928.8,17.461333333333336,195,197
14280,United Kingdom,2011-05-27 10:37:00,2011-05-27 10:37:00,1,52,134.04,16.755,8,0
14282,United Kingdom,2010-12-07 12:21:00,2011-12-06 17:04:00,15,2656,3701.44,24.035324675324677,70,364
14284,United Kingdom,2011-09-14 13:04:00,2011-11-09 08:11:00,3,157,578.45,17.01323529411765,24,55
14285,United Kingdom,2011-06-16 12:36:00,2011-11-18 14:50:00,4,541,1910.01,70.74111111111111,18,155
14286,United Kingdom,2011-04-11 08:16:00,2011-11-16 10:34:00,5,4306,4595.81,16.12564912280702,220,219
14287,United Kingdom,2011-05-25 11:41:00,2011-12-01 13:25:00,4,236,151.23000000000002,13.74818181818182,10,190
14288,United Kingdom,2011-05-10 13:22:00,2011-05-11 15:17:00,2,187,413.85,24.344117647058823,16,1
14289,United Kingdom,2011-02-23 12:33:00,2011-12-01 11:44:00,6,292,911.26,19.388510638297873,33,280
14290,United Kingdom,2010-12-13 10:24:00,2011-11-28 14:02:00,6,913,2307.4500000000003,22.40242718446602,90,350
14291,United Kingdom,2011-03-09 15:20:00,2011-12-08 10:26:00,12,2748,3873.3,16.27436974789916,145,273
14292,United Kingdom,2011-01-17 16:20:00,2011-12-02 11:50:00,14,1643,4819.33,44.62342592592592,67,318
14293,United Kingdom,2010-12-06 10:18:00,2011-12-06 15:17:00,4,709,1046.56,17.15672131147541,51,365
14295,United Kingdom,2011-01-11 11:53:00,2011-10-30 15:50:00,2,82,154.70000000000002,22.1,7,292
14297,United Kingdom,2011-03-10 08:31:00,2011-11-22 09:06:00,6,861,1284.06,20.0634375,49,257
14298,United Kingdom,2010-12-14 12:59:00,2011-12-06 15:04:00,45,58021,50862.44,31.01368292682927,884,357
14299,United Kingdom,2010-12-08 13:33:00,2011-12-01 16:05:00,18,2013,2855.35,17.625617283950618,94,358
14300,United Kingdom,2011-11-21 08:57:00,2011-11-21 08:57:00,1,32,43.2,14.4,3,0
14301,United Kingdom,2011-08-14 15:33:00,2011-08-24 09:04:00,2,600,632.04,39.5025,13,9
14304,United Kingdom,2011-02-11 14:48:00,2011-05-01 11:50:00,2,54,197.1,7.3,25,78
14305,United Kingdom,2011-07-27 14:14:00,2011-09-29 15:29:00,5,1069,1803.76,16.39781818181818,96,64
14306,United Kingdom,2011-09-15 10:31:00,2011-10-19 13:23:00,3,1073,2083.42,59.52628571428571,33,34
14307,United Kingdom,2010-12-01 11:41:00,2011-09-12 09:38:00,6,2058,2995.72,16.642888888888887,150,284
14309,United Kingdom,2010-12-16 13:05:00,2011-12-01 13:33:00,10,1619,2319.68,18.85918699186992,75,350
14311,United Kingdom,2011-04-11 10:14:00,2011-04-28 19:49:00,2,125,229.71,8.507777777777777,20,17
14312,United Kingdom,2011-01-06 16:35:00,2011-10-24 09:46:00,6,1012,1611.59,18.524022988505745,74,290
14314,United Kingdom,2011-08-25 10:39:00,2011-08-25 10:39:00,1,296,120.0,15.0,8,0
14315,United Kingdom,2011-03-18 12:59:00,2011-11-18 15:35:00,7,1010,2456.98,23.62480769230769,64,245
14317,United Kingdom,2011-10-06 10:44:00,2011-10-06 10:44:00,1,255,508.58000000000004,21.190833333333334,24,0
14320,United Kingdom,2011-01-11 09:12:00,2011-05-17 09:24:00,3,239,343.11,8.169285714285715,29,126
14321,United Kingdom,2011-01-10 11:35:00,2011-11-29 09:47:00,5,2406,1530.75,12.445121951219512,111,322
14323,United Kingdom,2011-04-15 11:44:00,2011-08-17 11:37:00,4,340,574.26,14.006341463414634,32,123
14326,United Kingdom,2011-04-11 15:04:00,2011-04-19 11:08:00,2,99,166.85,18.538888888888888,8,7
14327,United Kingdom,2011-06-29 13:58:00,2011-06-29 13:58:00,1,139,311.65,25.97083333333333,12,0
14329,United Kingdom,2011-01-14 13:42:00,2011-12-01 08:27:00,14,3067,4889.14,18.243059701492538,218,320
14331,United Kingdom,2011-07-27 15:14:00,2011-08-07 13:17:00,2,252,462.65999999999997,16.523571428571426,27,10
14332,United Kingdom,2011-07-15 10:33:00,2011-11-17 11:54:00,3,463,840.21,33.6084,22,125
14333,United Kingdom,2011-10-03 10:38:00,2011-10-06 19:25:00,2,52,351.45,18.49736842105263,15,3
14334,United Kingdom,2010-12-16 17:37:00,2011-11-23 10:01:00,9,1730,2539.46,15.579509202453988,98,341
14335,Germany,2011-09-04 13:07:00,2011-11-23 13:41:00,2,375,454.86,7.581,55,80
14336,United Kingdom,2011-03-08 16:48:00,2011-11-23 11:40:00,4,1759,1614.91,17.943444444444445,77,259
14338,United Kingdom,2011-05-27 13:30:00,2011-07-04 16:00:00,4,329,554.22,16.300588235294118,30,38
14339,United Kingdom,2011-04-11 11:06:00,2011-04-19 11:31:00,4,150,289.90999999999997,16.106111111111108,15,8
14340,United Kingdom,2011-05-05 09:44:00,2011-05-05 09:44:00,1,58,134.7,22.45,6,0
14341,United Kingdom,2011-01-25 13:55:00,2011-10-25 15:48:00,9,1395,2151.08,16.675038759689922,109,273
14342,United Kingdom,2011-05-13 13:50:00,2011-11-18 13:21:00,6,337,607.71,25.321250000000003,19,188
14344,United Kingdom,2010-12-06 11:58:00,2011-08-04 13:51:00,8,477,889.9300000000001,12.534225352112676,56,241
14345,United Kingdom,2011-11-01 09:51:00,2011-11-01 09:51:00,1,50,108.97999999999999,18.16333333333333,6,0
14346,United Kingdom,2011-02-15 13:52:00,2011-08-11 09:47:00,2,605,1021.58,17.026333333333334,55,176
14348,United Kingdom,2011-03-24 16:23:00,2011-03-24 16:23:00,1,183,409.57,22.753888888888888,18,0
14349,United Kingdom,2011-11-29 15:39:00,2011-11-29 15:39:00,1,86,133.5,4.306451612903226,31,0
14350,United Kingdom,2011-03-10 14:14:00,2011-03-14 12:27:00,2,166,258.7,12.319047619047618,19,3
14351,United Kingdom,2011-06-28 11:56:00,2011-06-28 11:56:00,1,12,51.0,51.0,1,0
14352,United Kingdom,2011-03-11 14:58:00,2011-07-05 15:41:00,4,538,1078.96,22.95659574468085,44,116
14353,United Kingdom,2011-05-08 16:06:00,2011-05-08 16:06:00,1,64,90.6,15.1,6,0
14354,United Kingdom,2011-11-09 15:36:00,2011-12-04 11:32:00,2,210,163.62,18.18,9,24
14355,United Kingdom,2010-12-09 12:16:00,2010-12-09 12:16:00,1,92,174.4,15.854545454545455,11,0
14356,United Kingdom,2011-09-19 14:43:00,2011-10-10 17:16:00,4,266,666.9399999999999,17.551052631578944,36,21
14357,United Kingdom,2011-10-27 16:23:00,2011-10-27 16:23:00,1,147,225.12,5.628,39,0
14359,United Kingdom,2011-09-13 09:03:00,2011-11-20 13:17:00,6,363,882.58,15.216896551724139,44,68
14360,United Kingdom,2011-09-06 11:58:00,2011-11-08 09:12:00,4,1139,2118.03,18.102820512820514,104,62
14362,United Kingdom,2011-11-17 15:08:00,2011-11-17 15:08:00,1,96,151.5,4.094594594594595,37,0
14364,United Kingdom,2011-05-12 12:56:00,2011-08-23 11:01:00,8,1967,3717.35,53.87463768115942,61,102
14367,United Kingdom,2011-03-08 14:12:00,2011-12-01 13:19:00,19,4398,9134.12,17.234188679245285,270,267
14368,United Kingdom,2011-01-24 09:52:00,2011-01-24 09:52:00,1,36,155.0,19.375,8,0
14371,United Kingdom,2011-02-17 16:35:00,2011-02-17 16:35:00,1,34,100.5,25.125,4,0
14373,United Kingdom,2010-12-16 15:40:00,2010-12-16 15:40:00,1,17,76.55,19.1375,4,0
14375,United Kingdom,2011-06-07 13:44:00,2011-06-07 13:44:00,1,184,235.56,3.5690909090909093,57,0
14377,United Kingdom,2011-03-22 13:38:00,2011-06-01 13:32:00,2,219,617.05,56.095454545454544,11,70
14379,United Kingdom,2011-02-17 15:03:00,2011-10-26 16:43:00,2,292,348.1,7.567391304347827,39,251
14381,United Kingdom,2011-10-18 17:10:00,2011-10-18 17:10:00,1,146,202.68,3.619285714285714,56,0
14382,United Kingdom,2011-11-13 16:18:00,2011-11-13 16:18:00,1,1231,615.49,4.88484126984127,121,0
14383,United Kingdom,2011-06-29 10:18:00,2011-11-01 15:53:00,3,817,1247.69,21.14728813559322,49,125
14385,United Kingdom,2011-11-16 11:55:00,2011-11-30 15:36:00,3,159,202.11,14.436428571428573,13,14
14386,United Kingdom,2011-02-16 09:45:00,2011-02-16 09:45:00,1,54,142.4,20.342857142857145,7,0
14387,United Kingdom,2011-08-22 14:13:00,2011-11-07 12:29:00,3,795,1727.6,12.428776978417266,125,76
14388,United Kingdom,2010-12-02 11:02:00,2011-12-01 11:13:00,10,1933,3172.04,16.607539267015706,124,364
14389,United Kingdom,2011-01-25 12:45:00,2011-12-01 09:19:00,5,702,999.72,16.12451612903226,34,309
14390,United Kingdom,2010-12-02 11:56:00,2011-11-29 13:49:00,13,2122,4582.22,15.855432525951558,135,362
14393,United Kingdom,2011-05-05 18:16:00,2011-05-05 18:16:00,1,13,67.95,13.59,5,0
14395,United Kingdom,2010-12-02 18:15:00,2011-12-07 14:34:00,12,1685,3444.11,9.812279202279203,181,369
14396,United Kingdom,2010-12-03 15:19:00,2011-10-05 16:09:00,2,225,487.99,6.684794520547945,71,306
14397,United Kingdom,2011-05-10 12:25:00,2011-12-09 09:57:00,23,1852,2556.68,26.912421052631576,18,212
14400,United Kingdom,2011-07-13 15:50:00,2011-07-21 18:05:00,2,450,559.7,21.52692307692308,25,8
14401,United Kingdom,2010-12-15 09:07:00,2011-12-05 13:30:00,14,4505,4039.98,22.07639344262295,113,355
14403,United Kingdom,2011-04-06 14:23:00,2011-08-01 12:57:00,5,513,1426.31,54.85807692307692,17,116
14404,United Kingdom,2010-12-05 16:00:00,2011-11-06 12:30:00,7,819,1409.72,13.957623762376238,70,335
14406,United Kingdom,2011-08-12 16:54:00,2011-08-12 16:54:00,1,77,156.75,19.59375,8,0
14407,United Kingdom,2011-03-08 11:59:00,2011-08-24 14:02:00,9,1412,2111.08,27.777368421052632,67,169
14408,United Kingdom,2011-03-20 14:41:00,2011-11-29 11:41:00,7,1610,2599.03,24.519150943396227,60,253
14409,United Kingdom,2010-12-06 15:03:00,2011-09-29 18:18:00,7,1158,1908.25,34.695454545454545,40,297
14410,United Kingdom,2011-02-07 09:36:00,2011-11-24 11:16:00,15,288,573.45,2.0407473309608544,197,290
14411,United Kingdom,2011-02-02 10:56:00,2011-02-02 10:56:00,1,196,1063.0,75.92857142857143,14,0
14412,United Kingdom,2011-09-28 08:48:00,2011-11-04 13:14:00,3,784,761.3299999999999,16.918444444444443,43,37
14413,United Kingdom,2010-12-12 13:37:00,2010-12-12 13:37:00,1,67,121.05,5.502272727272727,22,0
14414,United Kingdom,2010-12-16 11:11:00,2011-09-09 12:09:00,8,2509,1485.1299999999999,15.15438775510204,79,267
14415,United Kingdom,2010-12-14 13:06:00,2011-12-08 14:38:00,18,2958,5766.85,9.595424292845259,284,359
14416,United Kingdom,2011-10-28 15:10:00,2011-11-17 15:22:00,2,326,490.22,35.01571428571429,13,20
14418,United Kingdom,2011-08-23 17:18:00,2011-12-06 11:39:00,3,1711,1937.25,15.622983870967742,114,104
14419,United Kingdom,2010-12-10 10:56:00,2011-11-29 11:22:00,6,483,1051.79,5.206881188118811,112,354
14420,United Kingdom,2011-09-01 18:07:00,2011-09-15 16:57:00,2,333,385.87,12.862333333333334,29,13
14421,United Kingdom,2011-05-12 10:49:00,2011-10-13 13:24:00,2,365,813.11,30.115185185185187,25,154
14422,United Kingdom,2011-03-17 17:26:00,2011-12-09 11:26:00,6,2906,4263.64,19.205585585585588,189,266
14423,United Kingdom,2011-05-05 15:12:00,2011-05-05 15:12:00,1,120,265.2,88.39999999999999,3,0
14424,United Kingdom,2011-11-22 11:48:00,2011-11-22 11:48:00,1,48,322.08,322.08,1,0
14426,United Kingdom,2010-12-15 12:06:00,2011-11-21 11:47:00,16,2339,3918.9,14.844318181818181,187,340
14427,United Kingdom,2011-10-07 09:10:00,2011-10-20 14:23:00,2,228,363.34000000000003,21.37294117647059,16,13
14428,United Kingdom,2011-01-18 16:39:00,2011-12-02 13:17:00,7,420,1209.3700000000001,8.57709219858156,108,317
14431,United Kingdom,2011-02-10 10:40:00,2011-02-14 10:56:00,2,124,423.26,20.155238095238094,17,4
14432,United Kingdom,2011-09-11 14:09:00,2011-11-30 08:04:00,6,2013,2248.5,5.964190981432361,256,79
14434,United Kingdom,2011-09-28 15:31:00,2011-11-18 08:56:00,6,368,1372.8,114.39999999999999,3,50
14436,United Kingdom,2011-09-02 10:13:00,2011-09-02 10:13:00,1,129,89.06,9.895555555555555,9,0
14437,United Kingdom,2010-12-09 09:27:00,2011-07-19 14:56:00,2,59,-43.400000000000006,-7.233333333333334,6,222
14438,United Kingdom,2011-02-06 14:56:00,2011-02-06 14:56:00,1,82,131.9,14.655555555555557,9,0
14439,Greece,2011-01-24 11:39:00,2011-01-24 11:39:00,1,526,2661.24,83.16375,32,0
14440,United Kingdom,2010-12-09 12:49:00,2011-12-01 15:42:00,5,588,2357.6800000000003,42.8669090909091,33,357
14441,United Kingdom,2010-12-09 14:57:00,2011-12-09 09:07:00,10,430,1545.14,26.188813559322035,45,364
14442,Channel Islands,2011-01-27 09:33:00,2011-12-08 11:53:00,5,475,1544.62,22.715,59,315
14443,United Kingdom,2010-12-02 17:05:00,2011-10-17 10:10:00,7,931,1400.88,14.29469387755102,86,318
14446,United Kingdom,2011-04-07 12:10:00,2011-12-09 11:34:00,4,916,1010.35,3.6474729241877255,233,245
14447,United Kingdom,2011-03-04 10:49:00,2011-11-21 08:28:00,5,571,1163.23,16.617571428571427,54,261
14448,United Kingdom,2010-12-10 17:26:00,2011-11-30 13:50:00,2,104,375.35,18.767500000000002,20,354
14449,United Kingdom,2010-12-02 14:09:00,2011-11-21 12:06:00,4,741,885.8,3.5431999999999997,201,353
14450,United Kingdom,2011-01-23 11:53:00,2011-06-12 10:46:00,3,241,483.25,12.08125,32,139
14451,United Kingdom,2011-05-29 12:35:00,2011-10-10 13:38:00,2,378,643.9,6.132380952380952,86,134
14452,United Kingdom,2011-09-07 11:32:00,2011-11-29 12:06:00,2,116,259.05,4.3175,55,83
14453,United Kingdom,2011-06-02 14:15:00,2011-06-02 14:15:00,1,49,119.93,5.451363636363637,22,0
14456,United Kingdom,2011-07-20 13:06:00,2011-12-04 13:59:00,14,2878,3002.5099999999998,3.147285115303983,580,137
14457,United Kingdom,2011-02-02 09:39:00,2011-02-02 09:39:00,1,88,113.64,28.41,4,0
14459,United Kingdom,2011-07-07 13:35:00,2011-07-07 13:35:00,1,760,1837.92,49.67351351351351,37,0
14460,United Kingdom,2011-02-02 11:54:00,2011-08-21 14:19:00,4,869,383.34,22.54941176470588,14,200
14461,United Kingdom,2011-03-23 12:15:00,2011-07-14 17:11:00,3,766,2103.06,11.683666666666666,173,113
14462,United Kingdom,2011-01-04 12:45:00,2011-10-07 09:22:00,15,924,1942.45,8.127405857740586,151,275
14463,United Kingdom,2011-05-18 14:42:00,2011-09-02 15:20:00,3,179,529.62,88.27,6,107
14465,United Kingdom,2011-02-10 12:13:00,2011-04-07 12:38:00,3,398,1038.44,8.44260162601626,107,56
14466,United Kingdom,2010-12-02 13:36:00,2011-11-10 14:07:00,7,1006,2272.4,31.561111111111114,35,343
14467,United Kingdom,2011-01-31 12:35:00,2011-11-22 12:48:00,4,276,596.26,6.699550561797753,67,295
14470,United Kingdom,2011-02-25 11:56:00,2011-11-28 10:31:00,2,193,461.19,10.725348837209303,43,275
14472,United Kingdom,2010-12-19 14:03:00,2011-08-28 11:01:00,8,1135,1852.67,6.991207547169812,153,251
14473,United Kingdom,2011-03-02 13:56:00,2011-09-26 15:10:00,2,88,234.34000000000003,33.47714285714286,7,208
14474,United Kingdom,2011-10-24 13:26:00,2011-10-27 12:57:00,2,139,537.71,17.92366666666667,29,2
14475,United Kingdom,2011-02-08 10:12:00,2011-09-29 10:46:00,6,428,799.82,17.017446808510638,36,233
14476,United Kingdom,2011-03-27 15:39:00,2011-03-27 15:39:00,1,110,193.0,11.352941176470589,17,0
14477,United Kingdom,2011-02-15 15:44:00,2011-11-20 11:11:00,5,719,1307.81,118.89181818181818,7,277
14479,United Kingdom,2010-12-09 12:59:00,2011-03-31 09:07:00,2,117,316.25,17.569444444444443,18,111
14480,United Kingdom,2011-11-28 16:35:00,2011-11-28 16:35:00,1,143,279.05,21.465384615384615,13,0
14481,United Kingdom,2011-02-25 13:53:00,2011-06-28 10:38:00,2,489,636.51,21.217,25,122
14482,United Kingdom,2011-04-14 16:41:00,2011-11-21 13:14:00,6,1627,2022.81,14.765036496350364,110,220
14483,United Kingdom,2011-03-03 10:26:00,2011-07-13 09:45:00,2,95,129.2,12.919999999999998,10,131
14484,United Kingdom,2011-10-20 14:11:00,2011-10-20 14:11:00,1,210,321.92,22.994285714285716,14,0
14485,United Kingdom,2011-11-01 12:25:00,2011-11-01 12:25:00,1,70,162.8,3.539130434782609,44,0
14487,United Kingdom,2010-12-06 12:55:00,2011-11-13 12:17:00,7,711,1152.73,8.175390070921987,112,341
14488,United Kingdom,2011-10-03 09:30:00,2011-10-19 14:39:00,2,793,1047.43,21.376122448979594,46,16
14489,United Kingdom,2011-05-16 14:51:00,2011-05-16 14:51:00,1,299,463.38,15.446,30,0
14491,United Kingdom,2010-12-02 12:10:00,2011-06-17 15:22:00,2,139,340.93,20.05470588235294,17,197
14493,United Kingdom,2011-07-07 16:59:00,2011-12-02 16:14:00,7,1279,2362.84,19.21008130081301,95,147
14494,United Kingdom,2011-11-14 09:21:00,2011-11-14 09:21:00,1,92,139.56,19.937142857142856,7,0
14495,United Kingdom,2011-08-10 14:13:00,2011-10-20 12:28:00,2,62,123.8,20.633333333333333,6,70
14496,United Kingdom,2010-12-01 15:35:00,2011-02-01 09:01:00,2,159,538.8100000000001,28.35842105263158,16,61
14497,United Kingdom,2011-02-03 17:01:00,2011-02-11 15:20:00,2,233,457.47,14.757096774193549,29,7
14498,United Kingdom,2010-12-13 11:29:00,2011-10-28 12:09:00,5,1098,1957.32,10.141554404145078,162,319
14499,United Kingdom,2011-03-06 11:55:00,2011-11-13 13:01:00,3,496,808.44,4.254947368421053,146,252
14500,United Kingdom,2011-06-03 10:08:00,2011-09-12 16:45:00,3,117,356.85,50.978571428571435,6,101
14501,United Kingdom,2011-01-24 10:43:00,2011-10-06 20:15:00,3,119,190.31,15.859166666666667,9,255
14502,United Kingdom,2011-01-30 15:52:00,2011-11-20 11:50:00,14,1465,2310.18,3.756390243902439,369,293
14503,United Kingdom,2011-06-14 10:00:00,2011-12-06 13:30:00,6,2004,3543.26,21.605243902439025,113,175
14504,United Kingdom,2011-03-06 14:38:00,2011-10-23 16:00:00,4,308,673.26,6.2921495327102805,85,231
14505,United Kingdom,2010-12-12 16:14:00,2011-11-22 15:45:00,11,2723,5772.49,7.316210392902408,542,344
14506,United Kingdom,2010-12-05 14:25:00,2011-11-22 13:02:00,5,704,1960.65,6.6462711864406785,204,351
14507,United Kingdom,2011-03-08 17:23:00,2011-11-16 12:21:00,7,582,1352.88,13.947216494845362,79,252
14508,United Kingdom,2011-09-11 11:29:00,2011-11-17 19:48:00,2,129,268.05,4.873636363636364,52,67
14511,United Kingdom,2011-07-29 12:13:00,2011-11-28 17:05:00,6,772,1267.4099999999999,17.850845070422533,53,122
14512,United Kingdom,2011-04-21 19:05:00,2011-06-05 12:39:00,2,122,275.28,11.968695652173912,19,44
14513,United Kingdom,2011-02-24 09:36:00,2011-08-31 11:25:00,4,355,438.49,24.360555555555557,11,188
14514,United Kingdom,2011-01-12 15:22:00,2011-10-09 16:05:00,3,564,990.2,14.35072463768116,65,270
14515,United Kingdom,2011-05-05 12:13:00,2011-11-22 11:37:00,6,1110,2076.89,21.192755102040817,68,200
14517,United Kingdom,2011-07-21 11:42:00,2011-11-06 14:20:00,2,91,330.45,18.358333333333334,17,108
14518,United Kingdom,2011-10-06 14:43:00,2011-10-06 14:43:00,1,278,174.37,10.898125,16,0
14520,United Kingdom,2011-02-22 09:15:00,2011-12-08 09:46:00,2,146,270.6,67.65,3,289
14522,United Kingdom,2011-05-25 16:01:00,2011-11-15 13:24:00,4,525,974.54,57.32588235294117,15,173
14523,United Kingdom,2011-08-23 13:13:00,2011-08-23 13:13:00,1,251,241.09,20.090833333333332,12,0
14524,United Kingdom,2010-12-14 11:01:00,2011-11-08 12:29:00,9,669,1843.83,9.359543147208122,161,329
14525,United Kingdom,2010-12-13 17:40:00,2011-12-01 08:53:00,13,2603,4105.07,14.20439446366782,218,352
14527,United Kingdom,2010-12-01 09:41:00,2011-12-07 12:19:00,86,2048,7709.69,7.633356435643564,331,371
14528,United Kingdom,2011-11-02 17:09:00,2011-11-02 17:09:00,1,278,364.21999999999997,20.234444444444442,18,0
14529,United Kingdom,2011-08-21 14:10:00,2011-10-10 15:27:00,3,325,578.61,2.7164788732394367,177,50
14530,United Kingdom,2011-02-16 10:47:00,2011-11-14 10:38:00,6,1395,2862.11,13.437136150234743,140,270
14532,United Kingdom,2010-12-22 13:48:00,2011-04-17 13:05:00,4,284,932.85,14.57578125,45,115
14533,United Kingdom,2010-12-22 11:07:00,2011-11-15 12:05:00,9,2777,1812.6200000000001,27.88646153846154,53,328
14534,United Kingdom,2011-01-25 11:47:00,2011-12-07 12:19:00,25,1905,4025.6,7.359414990859232,334,316
14535,United Kingdom,2011-04-05 12:50:00,2011-10-11 16:24:00,4,1818,2831.7400000000002,8.55510574018127,280,189
14536,United Kingdom,2011-03-25 12:21:00,2011-03-25 12:21:00,1,39,170.95,9.497222222222222,18,0
14537,United Kingdom,2011-10-13 10:54:00,2011-10-13 10:54:00,1,120,355.56,35.556,10,0
14538,United Kingdom,2011-03-28 14:57:00,2011-10-06 10:31:00,2,155,388.25,20.43421052631579,19,191
14539,United Kingdom,2011-10-26 12:03:00,2011-11-24 09:50:00,2,428,537.48,16.79625,31,28
14540,United Kingdom,2011-02-03 15:02:00,2011-11-30 10:15:00,3,411,952.66,13.417746478873239,64,299
14541,United Kingdom,2011-01-24 14:16:00,2011-10-12 10:08:00,8,641,1453.35,13.84142857142857,71,260
14542,United Kingdom,2011-06-07 08:19:00,2011-06-07 08:19:00,1,19,103.25,20.65,5,0
14543,United Kingdom,2010-12-10 11:51:00,2011-12-06 10:32:00,21,600,2916.17,27.77304761904762,43,360
14544,United Kingdom,2010-12-13 12:50:00,2011-11-15 15:06:00,2,1536,2004.3,18.056756756756755,97,337
14546,United Kingdom,2011-04-05 10:45:00,2011-12-05 16:33:00,9,1283,2482.86,5.982795180722892,255,244
14547,United Kingdom,2011-10-16 14:35:00,2011-12-06 11:06:00,9,2629,3953.9500000000003,11.106601123595507,198,50
14548,United Kingdom,2011-01-26 08:38:00,2011-07-12 12:19:00,2,256,652.8,163.2,2,167
14549,United Kingdom,2011-02-01 13:47:00,2011-02-01 13:47:00,1,136,289.24,5.165,56,0
14550,United Kingdom,2011-10-26 12:14:00,2011-11-29 12:12:00,2,389,757.37,16.114255319148935,38,33
14551,United Kingdom,2011-05-19 18:21:00,2011-11-21 13:36:00,2,106,186.23,18.622999999999998,9,185
14552,United Kingdom,2011-07-11 12:49:00,2011-07-11 12:49:00,1,90,164.22,2.8810526315789473,57,0
14553,United Kingdom,2011-01-04 15:40:00,2011-11-20 13:20:00,5,493,859.27,7.604159292035398,103,319
14554,United Kingdom,2011-10-18 13:04:00,2011-11-29 16:44:00,4,1443,2279.4900000000002,11.229014778325125,147,42
14555,United Kingdom,2011-02-10 17:19:00,2011-10-13 16:24:00,2,122,312.54,16.449473684210528,18,244
14557,United Kingdom,2011-09-15 15:48:00,2011-10-06 20:36:00,2,0,0.0,0.0,16,21
14560,United Kingdom,2010-12-17 09:22:00,2011-12-02 15:22:00,24,1223,2174.18,28.607631578947366,39,350
14561,United Kingdom,2011-06-08 13:26:00,2011-09-25 12:39:00,3,1014,1080.76,15.6631884057971,67,108
14562,United Kingdom,2011-02-08 14:45:00,2011-12-06 11:05:00,22,1663,4676.62,10.604580498866213,189,300
14565,United Kingdom,2010-12-13 13:25:00,2011-09-05 12:37:00,6,1532,3073.77,23.82767441860465,111,265
14566,Channel Islands,2011-08-21 11:05:00,2011-08-21 11:05:00,1,800,1432.0,358.0,4,0
14567,United Kingdom,2011-08-01 13:48:00,2011-11-04 13:57:00,3,410,1524.46,44.83705882352941,33,95
14569,United Kingdom,2011-12-08 14:58:00,2011-12-08 14:58:00,1,79,227.39,18.949166666666667,10,0
14570,United Kingdom,2011-03-04 10:39:00,2011-03-04 10:58:00,2,95,218.06,7.519310344827586,29,0
14572,United Kingdom,2011-01-19 17:21:00,2011-12-06 14:40:00,10,1417,2775.39,10.473169811320755,191,320
14573,United Kingdom,2010-12-02 19:59:00,2011-06-13 11:15:00,13,528,1590.12,6.824549356223176,127,192
14576,United Kingdom,2010-12-02 17:51:00,2010-12-02 17:51:00,1,12,35.400000000000006,35.400000000000006,1,0
14577,United Kingdom,2010-12-12 11:26:00,2011-11-27 12:47:00,4,353,859.71,6.989512195121952,86,350
14578,United Kingdom,2011-12-06 17:18:00,2011-12-06 17:18:00,1,240,168.63,7.02625,24,0
14581,United Kingdom,2011-11-23 12:39:00,2011-11-23 12:39:00,1,217,138.6,8.152941176470588,16,0
14582,United Kingdom,2011-10-30 11:56:00,2011-10-30 11:56:00,1,73,114.11,19.018333333333334,6,0
14583,United Kingdom,2011-05-18 11:28:00,2011-12-04 12:32:00,5,751,986.96,3.2680794701986757,243,200
14584,United Kingdom,2011-05-25 17:31:00,2011-06-23 18:33:00,5,377,1020.06,10.303636363636363,68,29
14585,United Kingdom,2011-10-20 14:33:00,2011-10-20 14:33:00,1,91,157.05,5.415517241379311,29,0
14586,United Kingdom,2011-03-08 10:04:00,2011-04-26 17:32:00,3,236,134.16,4.9688888888888885,19,49
14587,United Kingdom,2011-01-12 13:16:00,2011-11-21 11:34:00,10,747,1577.39,4.240295698924731,170,312
14589,United Kingdom,2010-12-03 11:42:00,2010-12-03 11:42:00,1,5,39.75,13.25,3,0
14591,United Kingdom,2011-05-10 14:09:00,2011-11-24 13:57:00,4,1228,1320.21,7.501193181818182,138,197
14592,United Kingdom,2011-10-06 18:08:00,2011-11-04 16:35:00,3,407,557.94,3.5312658227848104,132,28
14593,United Kingdom,2011-05-25 11:14:00,2011-11-18 12:48:00,3,330,617.15,4.087086092715231,127,177
14594,United Kingdom,2010-12-01 13:54:00,2011-12-02 13:28:00,2,183,363.33,6.987115384615384,48,365
14595,United Kingdom,2011-01-30 13:36:00,2011-11-20 12:12:00,6,978,1740.6,17.06470588235294,94,293
14597,United Kingdom,2011-06-01 12:33:00,2011-11-28 13:13:00,2,566,866.24,18.430638297872342,45,180
14598,United Kingdom,2011-10-26 13:19:00,2011-10-26 13:19:00,1,189,221.97,4.4394,49,0
14600,United Kingdom,2011-02-07 09:48:00,2011-02-07 09:48:00,1,125,393.33000000000004,15.733200000000002,25,0
14601,United Kingdom,2011-11-29 09:48:00,2011-11-29 09:48:00,1,168,213.96,30.565714285714286,7,0
14603,United Kingdom,2011-03-10 10:27:00,2011-03-10 10:27:00,1,400,660.0,330.0,2,0
14606,United Kingdom,2010-12-01 16:57:00,2011-12-08 19:28:00,128,5941,11633.35,4.216509604929322,832,372
14607,United Kingdom,2011-03-23 15:22:00,2011-11-24 10:35:00,17,7758,10981.1,100.74403669724771,38,245
14608,United Kingdom,2010-12-12 14:49:00,2011-12-05 16:52:00,4,437,1785.15,89.25750000000001,8,358
14609,United Kingdom,2011-02-16 12:10:00,2011-09-28 12:54:00,4,7026,601.56,150.39,2,224
14616,United Kingdom,2011-01-26 12:42:00,2011-04-11 09:54:00,3,104,406.08000000000004,135.36,2,74
14618,United Kingdom,2010-12-08 14:57:00,2011-11-30 13:45:00,4,261,538.59,31.681764705882355,11,356
14619,United Kingdom,2011-04-08 07:37:00,2011-04-14 17:13:00,2,145,379.51,17.250454545454545,20,6
14620,United Kingdom,2011-03-01 08:30:00,2011-05-19 14:14:00,3,188,393.28000000000003,13.109333333333334,26,79
14621,United Kingdom,2010-12-16 13:00:00,2011-12-08 16:22:00,6,987,1765.76,18.393333333333334,80,357
14622,United Kingdom,2011-06-08 12:42:00,2011-06-08 12:42:00,1,146,320.58000000000004,15.265714285714287,21,0
14623,United Kingdom,2011-04-18 13:54:00,2011-11-07 13:56:00,6,416,866.8000000000001,6.468656716417911,108,203
14624,United Kingdom,2011-10-11 14:39:00,2011-10-13 13:44:00,2,162,225.85,17.373076923076923,13,1
14625,United Kingdom,2010-12-02 17:19:00,2011-06-07 15:40:00,5,330,848.48,14.88561403508772,52,186
14626,United Kingdom,2011-04-20 13:18:00,2011-12-01 08:55:00,7,1387,2757.07,21.881507936507937,108,224
14627,United Kingdom,2011-02-01 10:49:00,2011-02-01 10:49:00,1,-5,-21.85,-4.37,5,0
14628,United Kingdom,2011-04-11 14:43:00,2011-09-09 14:58:00,2,272,671.96,27.998333333333335,22,151
14629,United Kingdom,2011-10-23 16:13:00,2011-12-05 16:55:00,3,374,935.46,6.195099337748345,133,43
14631,United Kingdom,2011-02-14 09:31:00,2011-10-20 11:17:00,3,622,1006.98,24.56048780487805,38,248
14632,United Kingdom,2011-03-22 08:49:00,2011-03-22 08:49:00,1,96,114.56,14.32,8,0
14633,United Kingdom,2011-03-18 17:07:00,2011-03-18 17:07:00,1,96,344.90000000000003,17.245,20,0
14636,United Kingdom,2011-03-16 09:52:00,2011-11-03 16:12:00,2,241,609.85,21.780357142857145,27,232
14638,United Kingdom,2011-10-20 10:10:00,2011-10-20 10:10:00,1,166,443.6,27.725,16,0
14639,United Kingdom,2010-12-13 13:50:00,2011-10-18 15:06:00,8,1428,2952.34,16.870514285714286,138,309
14640,United Kingdom,2011-04-26 12:31:00,2011-11-24 11:00:00,8,823,2024.45,18.07544642857143,87,211
14641,United Kingdom,2011-11-18 10:42:00,2011-11-18 10:42:00,1,90,110.46,15.78,7,0
14642,United Kingdom,2011-10-12 11:08:00,2011-10-12 11:08:00,1,76,96.12,48.06,2,0
14643,United Kingdom,2010-12-16 17:53:00,2011-06-22 14:41:00,3,755,668.61,19.665,30,187
14644,United Kingdom,2011-02-14 14:14:00,2011-11-30 14:58:00,4,252,780.46,26.91241379310345,26,289
14645,United Kingdom,2011-03-09 09:52:00,2011-07-06 09:15:00,2,381,597.09,19.903000000000002,28,118
14646,Netherlands,2010-12-20 10:09:00,2011-12-08 12:12:00,76,196143,279489.02,134.3051513695339,702,353
14647,United Kingdom,2011-05-22 13:40:00,2011-05-22 13:40:00,1,91,236.04000000000002,8.430000000000001,24,0
14649,United Kingdom,2011-05-11 14:37:00,2011-12-05 12:30:00,4,1004,1402.59,7.5408064516129025,148,207
14651,United Kingdom,2011-05-12 16:29:00,2011-10-03 15:52:00,2,343,653.75,6.4727722772277225,95,143
14652,United Kingdom,2011-09-23 14:21:00,2011-09-23 14:21:00,1,53,114.18,3.937241379310345,29,0
14653,United Kingdom,2011-01-05 13:40:00,2011-12-08 13:45:00,7,945,1926.65,8.233547008547008,154,337
14655,United Kingdom,2011-05-01 14:59:00,2011-12-06 10:52:00,5,1088,1930.15,38.603,35,218
14656,United Kingdom,2011-03-01 13:19:00,2011-06-23 13:51:00,2,120,291.05,3.638125,73,114
14657,United Kingdom,2011-01-17 15:19:00,2011-11-22 12:47:00,5,465,838.27,6.600551181102362,103,308
14658,United Kingdom,2011-08-14 15:42:00,2011-12-04 15:35:00,2,47,247.15,8.522413793103448,27,111
14659,United Kingdom,2011-01-28 12:43:00,2011-12-01 12:17:00,12,1183,2456.53,9.484671814671815,147,306
14660,United Kingdom,2011-08-31 10:40:00,2011-09-14 11:34:00,2,228,285.74,9.524666666666667,24,14
14661,United Kingdom,2011-11-13 11:51:00,2011-11-13 11:51:00,1,35,107.95,26.9875,4,0
14662,United Kingdom,2011-01-27 17:41:00,2011-11-11 12:13:00,4,578,741.37,4.722101910828026,143,287
14664,United Kingdom,2011-11-06 14:56:00,2011-11-20 10:59:00,2,465,636.24,6.492244897959184,78,13
14665,United Kingdom,2011-02-02 09:08:00,2011-10-10 11:54:00,7,500,1258.38,10.755384615384616,63,250
14666,United Kingdom,2011-11-15 12:57:00,2011-11-15 12:57:00,1,161,195.25,13.946428571428571,14,0
14667,United Kingdom,2010-12-06 13:13:00,2011-11-29 11:30:00,27,5316,9165.04,16.07901754385965,354,357
14669,United Kingdom,2011-01-11 12:30:00,2011-04-12 11:43:00,3,770,1259.24,7.58578313253012,158,90
14670,United Kingdom,2011-03-04 13:58:00,2011-03-04 14:13:00,2,326,392.86,3.1939837398373987,107,0
14672,United Kingdom,2011-01-07 15:48:00,2011-04-19 10:19:00,2,454,765.55,12.549999999999999,58,101
14673,United Kingdom,2010-12-07 12:49:00,2011-12-06 14:31:00,5,1004,1736.4,23.464864864864865,39,364
14675,United Kingdom,2011-11-23 12:58:00,2011-11-23 12:58:00,1,336,596.36,6.148041237113402,93,0
14676,United Kingdom,2011-02-11 13:38:00,2011-11-08 13:29:00,8,2498,2543.2400000000002,57.800909090909094,30,269
14679,United Kingdom,2010-12-03 10:07:00,2010-12-03 10:07:00,1,-1,-2.55,-2.55,1,0
14680,United Kingdom,2010-12-03 12:05:00,2011-11-14 16:59:00,23,12474,26932.34,84.1635625,83,346
14681,United Kingdom,2011-05-12 10:45:00,2011-09-29 15:52:00,3,76,498.95,71.27857142857142,6,140
14682,United Kingdom,2011-05-22 12:51:00,2011-06-05 12:12:00,2,80,52.0,26.0,1,13
14684,United Kingdom,2010-12-12 12:44:00,2011-11-14 11:33:00,5,821,1201.51,3.080794871794872,231,336
14687,United Kingdom,2011-08-25 11:59:00,2011-08-25 11:59:00,1,470,628.38,41.892,15,0
14688,United Kingdom,2010-12-01 09:37:00,2011-12-02 12:26:00,27,3185,5055.61,14.201151685393258,148,366
14689,United Kingdom,2011-05-15 11:22:00,2011-05-15 11:22:00,1,76,112.8,8.676923076923076,13,0
14690,United Kingdom,2011-07-11 11:44:00,2011-10-26 15:39:00,3,160,341.96,6.576153846153845,42,107
14691,United Kingdom,2011-05-11 09:55:00,2011-11-09 12:30:00,5,707,2114.33,29.779295774647885,50,182
14692,United Kingdom,2011-01-21 13:47:00,2011-07-25 15:08:00,5,255,582.05,8.435507246376812,53,185
14693,United Kingdom,2011-03-20 12:50:00,2011-03-20 12:50:00,1,34,172.9,21.6125,8,0
14696,United Kingdom,2010-12-01 15:37:00,2011-12-05 13:43:00,9,1626,2070.97,15.571203007518795,117,368
14697,United Kingdom,2011-05-05 15:29:00,2011-05-05 15:39:00,2,181,188.60999999999999,8.573181818181817,22,0
14698,United Kingdom,2011-10-19 12:54:00,2011-12-08 12:26:00,5,602,1217.27,6.0863499999999995,148,49
14699,United Kingdom,2011-05-09 14:54:00,2011-05-09 14:54:00,1,77,109.13000000000001,13.641250000000001,8,0
14700,United Kingdom,2011-04-15 13:16:00,2011-11-07 14:40:00,3,1314,2195.1,19.599107142857143,80,206
14701,United Kingdom,2011-01-27 12:40:00,2011-11-29 12:38:00,12,898,2462.94,7.2015789473684215,273,305
14702,United Kingdom,2010-12-09 19:23:00,2011-12-08 19:29:00,18,1429,3210.29,9.359446064139942,196,364
14703,United Kingdom,2011-11-25 09:23:00,2011-11-25 09:23:00,1,183,318.17,14.462272727272728,22,0
14704,United Kingdom,2011-06-12 13:59:00,2011-11-28 12:51:00,9,1043,1493.96,3.8014249363867685,288,168
14705,United Kingdom,2011-05-25 12:39:00,2011-05-25 12:39:00,1,100,179.0,179.0,1,0
14708,United Kingdom,2010-12-06 12:23:00,2011-12-07 08:21:00,4,615,1096.67,37.816206896551726,25,365
14709,United Kingdom,2010-12-16 13:43:00,2011-11-24 15:41:00,14,2482,4911.14,24.929644670050763,71,343
14710,United Kingdom,2011-10-11 13:49:00,2011-11-25 14:53:00,4,375,599.48,4.4079411764705885,124,45
14711,United Kingdom,2011-03-22 13:32:00,2011-11-29 14:58:00,12,954,2809.02,8.095158501440922,221,252
14712,United Kingdom,2011-08-19 13:33:00,2011-11-10 12:59:00,3,315,917.07,36.6828,21,82
14713,United Kingdom,2010-12-09 18:58:00,2011-11-30 16:26:00,12,1611,2660.1,7.823823529411764,146,355
14714,United Kingdom,2011-11-15 13:07:00,2011-11-15 13:07:00,1,229,160.19,16.019,10,0
14715,United Kingdom,2011-01-12 13:27:00,2011-11-15 12:10:00,4,521,867.38,12.21661971830986,60,306
14716,United Kingdom,2011-07-14 12:42:00,2011-10-27 17:29:00,2,495,307.51,6.029607843137255,46,105
14719,United Kingdom,2011-04-04 14:17:00,2011-12-08 12:43:00,6,1024,1571.89,6.660550847457627,177,247
14720,United Kingdom,2011-08-05 12:06:00,2011-12-04 12:02:00,3,219,663.81,17.94081081081081,34,120
14722,United Kingdom,2011-07-15 14:58:00,2011-07-15 14:58:00,1,118,180.42000000000002,6.443571428571429,28,0
14723,United Kingdom,2010-12-03 14:18:00,2011-11-29 15:23:00,6,673,1122.3600000000001,4.333436293436294,193,361
14725,United Kingdom,2011-11-15 12:42:00,2011-11-15 12:42:00,1,588,655.58,13.948510638297874,45,0
14727,United Kingdom,2011-03-10 14:45:00,2011-03-10 14:45:00,1,62,268.58,26.857999999999997,10,0
14729,United Kingdom,2010-12-01 12:43:00,2010-12-01 12:43:00,1,197,313.49,4.415352112676056,69,0
14730,United Kingdom,2011-03-08 12:49:00,2011-12-08 14:39:00,8,1078,1897.57,4.107294372294372,317,275
14731,United Kingdom,2011-05-11 13:06:00,2011-10-23 15:54:00,3,256,380.02,8.444888888888888,38,165
14732,United Kingdom,2011-01-04 14:40:00,2011-12-01 14:34:00,10,1402,2686.34,18.029127516778523,105,330
14733,United Kingdom,2010-12-07 11:30:00,2011-11-30 14:54:00,15,3725,9451.54,43.75712962962963,102,358
14735,United Kingdom,2010-12-16 16:05:00,2011-12-06 12:09:00,34,2160,5807.6900000000005,28.33019512195122,99,354
14737,United Kingdom,2010-12-21 13:49:00,2011-12-06 10:16:00,3,345,1164.55,68.50294117647059,15,349
14738,United Kingdom,2011-01-27 14:10:00,2011-10-31 12:57:00,9,576,1289.94,23.03464285714286,39,276
14739,United Kingdom,2010-12-07 14:58:00,2011-12-07 14:32:00,8,3817,3899.1,63.91967213114754,47,364
14740,United Kingdom,2011-03-01 08:35:00,2011-06-01 15:17:00,4,729,1423.21,15.303333333333335,85,92
14741,United Kingdom,2010-12-02 08:43:00,2011-11-28 08:48:00,6,841,1400.34,23.73457627118644,35,361
14744,United Kingdom,2010-12-08 10:21:00,2011-11-23 12:51:00,9,625,1088.53,38.87607142857143,21,350
14745,United Kingdom,2011-02-27 15:25:00,2011-08-19 10:05:00,6,1020,1167.16,16.673714285714286,46,172
14747,United Kingdom,2011-04-04 14:09:00,2011-04-06 10:17:00,2,82,294.3,15.489473684210527,18,1
14748,United Kingdom,2010-12-06 10:19:00,2011-11-10 18:33:00,6,1192,1311.79,14.25858695652174,90,339
14752,United Kingdom,2011-10-27 11:55:00,2011-10-27 11:55:00,1,260,389.64,77.928,5,0
14753,United Kingdom,2011-09-13 14:50:00,2011-09-13 14:50:00,1,211,563.15,18.771666666666665,30,0
14754,United Kingdom,2011-02-17 12:21:00,2011-10-26 12:01:00,2,486,638.05,15.562195121951218,38,250
14755,United Kingdom,2011-01-09 14:02:00,2011-11-30 11:24:00,12,2217,4965.38,20.950970464135022,128,324
14756,United Kingdom,2011-11-24 18:13:00,2011-11-24 18:13:00,1,416,738.96,19.446315789473687,38,0
14757,United Kingdom,2011-09-25 14:36:00,2011-09-25 14:36:00,1,160,420.5,22.13157894736842,19,0
14758,United Kingdom,2011-03-25 12:10:00,2011-07-18 08:21:00,4,419,1484.06,20.90225352112676,54,114
14759,United Kingdom,2011-04-21 10:55:00,2011-12-05 12:03:00,3,569,1625.97,15.940882352941177,92,228
14760,United Kingdom,2011-02-15 16:27:00,2011-02-18 14:36:00,2,28,53.8,7.685714285714285,5,2
14761,United Kingdom,2011-01-09 12:03:00,2011-10-12 12:10:00,2,118,255.9,23.263636363636365,11,276
14762,United Kingdom,2011-03-21 08:20:00,2011-03-21 08:20:00,1,341,300.52,14.310476190476189,21,0
14764,United Kingdom,2011-10-24 11:54:00,2011-10-27 10:46:00,2,175,250.55,35.792857142857144,6,2
14765,United Kingdom,2011-06-16 19:49:00,2011-11-10 19:53:00,3,135,254.11,6.515641025641026,38,147
14766,United Kingdom,2010-12-02 10:46:00,2011-12-01 16:05:00,8,1323,2423.07,17.686642335766425,111,364
14768,United Kingdom,2011-08-04 13:25:00,2011-11-22 12:54:00,3,34,139.5,23.25,4,109
14769,United Kingdom,2010-12-17 11:40:00,2011-12-07 10:24:00,10,7209,10383.83,9.7409287054409,718,354
14770,United Kingdom,2011-01-20 15:00:00,2011-04-21 14:21:00,2,490,876.42,16.854230769230767,49,90
14772,United Kingdom,2011-08-19 15:04:00,2011-08-19 15:04:00,1,82,139.26,15.473333333333333,9,0
14775,United Kingdom,2010-12-02 16:38:00,2011-10-12 15:27:00,3,1174,1011.9,16.865,57,313
14776,United Kingdom,2011-01-31 13:17:00,2011-10-19 15:34:00,13,2688,2195.58,16.384925373134326,44,261
14777,United Kingdom,2010-12-16 15:27:00,2011-12-05 13:20:00,2,-9,-17.45,-5.816666666666666,2,353
14778,United Kingdom,2011-02-04 11:43:00,2011-08-04 15:23:00,2,306,730.86,20.881714285714285,34,181
14779,United Kingdom,2011-01-20 12:04:00,2011-03-04 12:42:00,3,84,386.15,9.418292682926829,40,43
14780,United Kingdom,2011-09-21 15:15:00,2011-10-16 12:46:00,2,310,447.68,16.58074074074074,26,24
14782,United Kingdom,2011-01-24 11:12:00,2011-01-24 11:12:00,1,114,200.10000000000002,33.35,6,0
14784,United Kingdom,2011-01-20 09:25:00,2011-11-13 13:30:00,2,237,289.99,19.332666666666668,15,297
14785,United Kingdom,2011-11-24 13:40:00,2011-11-29 13:21:00,2,84,77.4,25.8,2,4
14788,United Kingdom,2011-11-13 15:52:00,2011-12-02 17:06:00,2,421,679.4399999999999,22.648,26,19
14789,United Kingdom,2011-11-11 08:59:00,2011-11-11 08:59:00,1,116,197.64,32.94,6,0
14790,United Kingdom,2011-03-31 11:49:00,2011-11-23 09:28:00,4,699,745.06,16.19695652173913,30,236
14792,United Kingdom,2011-10-06 18:34:00,2011-10-07 09:19:00,2,0,0.0,0.0,2,0
14793,United Kingdom,2011-11-18 14:50:00,2011-12-05 16:25:00,2,88,214.14,14.276,14,17
14794,United Kingdom,2011-01-09 16:11:00,2011-12-07 10:11:00,9,669,1272.11,15.513536585365852,68,331
14795,United Kingdom,2011-06-26 13:04:00,2011-06-26 13:04:00,1,17,131.45000000000002,21.908333333333335,6,0
14796,United Kingdom,2010-12-08 09:55:00,2011-12-08 15:31:00,27,5912,7792.51,6.740925605536332,403,365
14798,United Kingdom,2011-02-02 15:26:00,2011-10-18 10:58:00,3,150,173.74,14.478333333333333,11,257
14799,United Kingdom,2011-10-19 16:16:00,2011-10-19 16:16:00,1,146,157.7,12.13076923076923,13,0
14800,United Kingdom,2010-12-05 11:10:00,2011-10-23 12:46:00,16,3623,4228.39,10.842025641025641,248,322
14801,United Kingdom,2011-10-09 15:24:00,2011-10-09 15:24:00,1,173,189.34,3.3217543859649123,56,0
14803,United Kingdom,2011-02-20 13:21:00,2011-06-30 13:58:00,3,370,845.55,19.217045454545453,35,130
14804,United Kingdom,2011-12-01 11:20:00,2011-12-01 11:20:00,1,121,353.27,29.439166666666665,12,0
14805,United Kingdom,2011-01-30 10:43:00,2011-11-24 16:20:00,4,114,546.4,11.878260869565217,30,298
14806,United Kingdom,2011-09-25 15:32:00,2011-09-25 15:32:00,1,330,193.39000000000001,17.580909090909092,11,0
14808,United Kingdom,2011-06-20 12:53:00,2011-10-31 12:21:00,15,2027,2152.8,8.542857142857143,179,132
14810,United Kingdom,2010-12-05 12:08:00,2011-10-30 11:19:00,11,1015,2085.33,8.209960629921259,106,328
14813,United Kingdom,2010-12-05 11:54:00,2010-12-05 11:57:00,2,66,152.88,5.2717241379310344,25,0
14815,United Kingdom,2011-10-03 11:36:00,2011-11-03 11:36:00,2,744,778.5,14.68867924528302,53,31
14816,United Kingdom,2011-05-26 13:16:00,2011-05-26 13:16:00,1,5,271.85,67.9625,4,0
14817,United Kingdom,2011-03-07 13:51:00,2011-05-23 13:35:00,2,655,1110.34,17.624444444444443,52,76
14818,United Kingdom,2011-03-31 12:28:00,2011-09-27 11:01:00,3,324,657.8,13.704166666666666,41,179
14819,United Kingdom,2011-05-31 13:50:00,2011-10-06 13:41:00,2,109,272.07,20.928461538461537,13,127
14820,United Kingdom,2011-06-19 14:56:00,2011-11-18 15:41:00,4,253,507.29,17.492758620689656,24,152
14821,United Kingdom,2010-12-08 08:43:00,2010-12-08 08:43:00,1,20,48.800000000000004,24.400000000000002,2,0
14823,United Kingdom,2011-05-29 12:48:00,2011-06-12 13:12:00,3,88,321.43,4.591857142857143,56,14
14824,United Kingdom,2011-09-09 14:12:00,2011-11-29 14:20:00,4,525,1127.71,38.88655172413793,19,81
14825,United Kingdom,2010-12-06 12:30:00,2011-12-06 11:38:00,12,989,2221.01,18.50841666666667,82,364
14828,United Kingdom,2011-01-07 09:50:00,2011-05-27 10:16:00,3,2172,2139.76,125.86823529411765,17,140
14829,United Kingdom,2010-12-02 16:12:00,2011-11-10 16:16:00,6,414,644.65,14.325555555555555,40,343
14830,United Kingdom,2011-10-17 14:29:00,2011-10-17 14:29:00,1,164,188.88,4.843076923076923,39,0
14834,United Kingdom,2011-04-13 15:00:00,2011-11-22 10:30:00,8,731,1698.35,24.262142857142855,43,222
14836,United Kingdom,2011-11-09 13:26:00,2011-11-29 16:45:00,3,45,102.44999999999999,17.075,5,20
14837,United Kingdom,2011-05-22 12:49:00,2011-09-11 10:58:00,5,1430,1641.2,14.92,96,111
14840,United Kingdom,2011-03-17 12:00:00,2011-03-17 12:00:00,1,31,62.85,15.7125,4,0
14841,United Kingdom,2010-12-16 10:28:00,2011-10-17 15:03:00,6,1778,3295.76,23.88231884057971,103,305
14842,United Kingdom,2011-02-04 15:32:00,2011-11-04 13:09:00,8,1146,2456.8,15.549367088607596,128,272
14844,United Kingdom,2011-04-12 13:10:00,2011-10-07 10:41:00,4,1833,3189.81,24.537,87,177
14847,United Kingdom,2011-07-14 10:52:00,2011-07-14 10:52:00,1,120,309.4,23.799999999999997,13,0
14849,United Kingdom,2010-12-01 12:22:00,2011-11-18 10:58:00,28,5656,7904.28,20.163979591836735,159,351
14850,United Kingdom,2010-12-07 08:42:00,2011-02-01 11:21:00,2,285,278.15,12.643181818181818,22,56
14851,United Kingdom,2011-03-28 14:59:00,2011-11-16 14:20:00,2,325,511.35,18.2625,28,232
14852,United Kingdom,2011-04-01 13:22:00,2011-10-12 13:20:00,6,1747,2836.69,19.83699300699301,96,193
14853,United Kingdom,2011-05-12 15:17:00,2011-12-01 09:44:00,3,81,463.05,46.305,8,202
14854,United Kingdom,2011-03-10 12:22:00,2011-09-22 17:00:00,8,1810,2730.09,21.000692307692308,110,196
14855,United Kingdom,2011-07-28 12:06:00,2011-08-12 14:02:00,2,267,645.65,32.2825,13,15
14856,United Kingdom,2011-10-14 09:35:00,2011-11-03 14:53:00,3,711,1290.53,19.854307692307692,65,20
14857,United Kingdom,2011-07-14 15:03:00,2011-10-11 09:23:00,3,455,1165.65,19.109016393442623,58,88
14859,United Kingdom,2011-05-19 14:42:00,2011-11-27 11:18:00,5,669,1352.04,22.91593220338983,47,191
14860,United Kingdom,2011-11-20 14:17:00,2011-12-01 09:44:00,2,230,168.62,14.051666666666668,11,10
14861,United Kingdom,2011-10-18 12:54:00,2011-10-18 12:54:00,1,117,125.79,20.965,6,0
14862,United Kingdom,2011-07-14 11:20:00,2011-11-14 10:01:00,2,772,841.1999999999999,17.525,47,122
14863,United Kingdom,2011-11-10 15:04:00,2011-11-10 15:04:00,1,132,266.76,24.25090909090909,11,0
14865,United Kingdom,2010-12-02 18:23:00,2011-12-02 16:25:00,2,108,52.2,13.05,4,364
14866,United Kingdom,2010-12-08 14:58:00,2011-11-29 11:45:00,13,6569,14197.45,137.83932038834953,30,355
14867,United Kingdom,2010-12-06 11:47:00,2011-06-07 11:39:00,4,327,701.33,18.954864864864867,32,182
14868,United Kingdom,2011-04-20 13:36:00,2011-12-06 14:49:00,9,1399,2939.64,19.997551020408164,96,230
14869,United Kingdom,2011-08-28 16:09:00,2011-12-06 10:55:00,3,548,717.7,10.108450704225353,66,99
14870,United Kingdom,2011-03-23 10:51:00,2011-03-23 10:51:00,1,119,327.25,25.173076923076923,13,0
14871,United Kingdom,2010-12-14 12:18:00,2011-12-06 13:42:00,4,179,501.28000000000003,5.390107526881721,68,357
14873,United Kingdom,2011-05-13 13:52:00,2011-05-13 13:52:00,1,168,519.68,18.56,28,0
14875,United Kingdom,2011-03-22 11:53:00,2011-11-30 14:41:00,5,554,1448.72,28.9744,47,253
14878,United Kingdom,2010-12-16 12:11:00,2011-11-27 11:15:00,9,799,1476.09,12.099098360655738,62,345
14880,United Kingdom,2011-02-24 12:27:00,2011-09-23 13:42:00,3,365,690.59,15.012826086956522,45,211
14881,United Kingdom,2011-11-20 11:06:00,2011-11-20 11:06:00,1,316,255.4,15.023529411764706,17,0
14882,United Kingdom,2011-11-06 10:15:00,2011-11-13 12:47:00,2,158,589.7,53.60909090909092,6,7
14883,United Kingdom,2011-05-12 09:49:00,2011-11-21 10:23:00,7,789,756.64,14.011851851851851,39,193
14885,United Kingdom,2011-07-31 12:05:00,2011-07-31 12:05:00,1,724,765.3199999999999,51.02133333333333,15,0
14886,United Kingdom,2011-04-01 08:56:00,2011-04-01 08:56:00,1,160,364.8,20.266666666666666,18,0
14887,United Kingdom,2011-09-21 15:32:00,2011-09-21 15:32:00,1,1100,1862.0,310.3333333333333,6,0
14888,United Kingdom,2011-05-16 14:58:00,2011-05-16 14:58:00,1,184,369.2,18.46,20,0
14889,United Kingdom,2011-01-07 15:19:00,2011-01-07 15:19:00,1,90,135.9,13.59,10,0
14890,United Kingdom,2011-03-31 11:57:00,2011-03-31 11:57:00,1,51,125.65,17.95,7,0
14891,United Kingdom,2011-06-05 10:58:00,2011-07-14 18:08:00,2,505,554.38,16.79939393939394,30,39
14893,United Kingdom,2011-11-28 10:49:00,2011-11-30 12:31:00,2,799,1237.8500000000001,16.956849315068496,72,2
14894,United Kingdom,2011-09-15 13:51:00,2011-09-15 13:51:00,1,265,655.75,28.51086956521739,23,0
14895,United Kingdom,2011-01-21 09:26:00,2011-12-02 09:23:00,24,4823,11020.26,21.77916996047431,275,314
14896,United Kingdom,2010-12-09 12:24:00,2011-05-19 10:20:00,2,279,468.77000000000004,10.901627906976746,43,160
14897,United Kingdom,2011-02-16 08:37:00,2011-12-02 10:32:00,4,468,1366.38,24.84327272727273,43,289
14898,United Kingdom,2010-12-03 15:25:00,2011-11-16 14:54:00,8,989,1194.11,10.661696428571428,87,347
14901,United Kingdom,2010-12-02 11:20:00,2011-11-28 17:09:00,10,659,1414.99,14.438673469387755,73,361
14902,United Kingdom,2011-11-14 10:34:00,2011-11-18 17:09:00,2,209,314.11,13.087916666666667,20,4
14903,United Kingdom,2011-03-06 11:50:00,2011-11-18 16:07:00,10,1486,2729.18,7.60217270194986,227,257
14904,United Kingdom,2011-11-14 09:13:00,2011-12-07 12:55:00,2,1985,1025.44,14.86144927536232,66,23
14905,United Kingdom,2011-04-20 10:48:00,2011-07-08 13:36:00,3,274,599.9,33.327777777777776,14,79
14907,United Kingdom,2010-12-07 10:14:00,2011-12-06 14:14:00,10,1686,3478.85,20.707440476190477,125,364
14908,United Kingdom,2011-09-26 12:56:00,2011-09-26 12:56:00,1,132,277.8,30.866666666666667,9,0
14910,United Kingdom,2011-10-16 11:06:00,2011-12-07 10:06:00,7,221,389.86,11.138857142857143,25,51
14911,Ireland,2010-12-01 14:05:00,2011-12-08 15:54:00,248,76905,132458.73,22.465863297150612,1794,372
14912,Italy,2011-04-07 11:06:00,2011-11-23 12:29:00,3,970,841.52,30.054285714285715,22,230
14913,United Kingdom,2010-12-15 14:35:00,2011-11-04 08:29:00,4,1743,1227.43,14.108390804597702,76,323
14915,United Kingdom,2011-03-07 09:39:00,2011-09-15 10:27:00,3,105,258.83,19.91,12,192
14916,United Kingdom,2011-01-19 15:30:00,2011-09-30 09:20:00,5,1132,1264.84,16.010632911392403,72,253
14918,United Kingdom,2011-07-08 12:50:00,2011-08-16 11:50:00,2,675,1610.15,35.781111111111116,39,38
14920,United Kingdom,2011-05-11 10:31:00,2011-05-11 10:32:00,2,509,977.77,17.153859649122808,57,0
14921,United Kingdom,2011-05-22 12:51:00,2011-11-09 13:17:00,2,953,1316.07,16.872692307692308,78,171
14923,United Kingdom,2011-10-20 11:51:00,2011-10-20 11:51:00,1,418,749.1,17.025000000000002,44,0
14924,United Kingdom,2011-04-08 09:25:00,2011-04-08 09:25:00,1,64,310.05,31.005000000000003,10,0
14929,United Kingdom,2011-11-07 17:21:00,2011-11-07 17:21:00,1,136,223.88,20.35272727272727,11,0
14930,Channel Islands,2011-03-10 14:42:00,2011-08-23 10:31:00,3,1160,2362.96,18.605984251968504,116,165
14931,Channel Islands,2011-04-13 09:32:00,2011-12-05 10:19:00,6,416,964.6800000000001,22.96857142857143,30,236
14932,Channel Islands,2010-12-09 11:48:00,2010-12-09 11:48:00,1,80,363.53,21.384117647058822,17,0
14934,Channel Islands,2011-03-02 11:48:00,2011-09-28 09:45:00,3,1041,1888.84,21.46409090909091,68,209
14935,Channel Islands,2011-02-15 14:44:00,2011-02-15 14:44:00,1,935,1784.71,178.471,10,0
14936,Channel Islands,2011-03-09 11:53:00,2011-11-30 15:07:00,9,4083,8117.42,22.178743169398906,210,266
14937,Channel Islands,2011-08-01 14:16:00,2011-10-14 12:29:00,4,483,1617.63,46.218,33,73
14944,United Kingdom,2010-12-22 13:13:00,2011-11-10 09:10:00,14,2801,5842.95,33.97063953488372,101,322
14946,United Kingdom,2011-11-25 13:33:00,2011-11-25 13:33:00,1,22,100.9,33.63333333333333,3,0
14947,United Kingdom,2011-08-01 09:31:00,2011-09-28 15:48:00,2,179,290.82,20.77285714285714,14,58
14948,United Kingdom,2011-05-04 14:52:00,2011-11-16 17:16:00,7,661,1066.57,16.66515625,56,196
14950,United Kingdom,2011-11-20 13:48:00,2011-12-01 09:42:00,2,135,361.25,18.0625,19,10
14951,United Kingdom,2011-09-21 15:15:00,2011-09-21 15:15:00,1,311,311.69,15.5845,20,0
14952,United Kingdom,2010-12-08 11:33:00,2011-10-24 13:50:00,15,3295,7912.79,53.10597315436242,119,320
14953,United Kingdom,2011-11-14 14:59:00,2011-11-14 14:59:00,1,224,285.67,5.2901851851851855,54,0
14954,United Kingdom,2011-11-27 14:30:00,2011-11-27 14:30:00,1,117,294.85,3.8292207792207793,75,0
14957,United Kingdom,2011-03-31 17:59:00,2011-03-31 17:59:00,1,34,58.49,4.8741666666666665,12,0
14958,United Kingdom,2011-04-08 11:28:00,2011-07-15 14:20:00,3,128,483.72999999999996,11.798292682926828,33,98
14959,United Kingdom,2011-02-16 13:00:00,2011-10-11 16:28:00,5,491,684.97,11.229016393442624,37,237
14960,United Kingdom,2011-06-21 13:38:00,2011-12-01 12:54:00,2,221,221.27,8.195185185185185,23,162
14961,United Kingdom,2010-12-14 11:38:00,2011-11-29 09:42:00,12,3692,7006.58,22.102776025236594,193,349
14962,United Kingdom,2011-03-14 09:42:00,2011-03-14 09:42:00,1,44,126.7,25.34,5,0
14963,United Kingdom,2011-06-09 12:30:00,2011-11-30 12:16:00,5,1159,1472.34,7.6684375,149,173
14964,United Kingdom,2011-04-06 14:13:00,2011-04-06 14:13:00,1,143,206.21,15.862307692307693,13,0
14965,United Kingdom,2011-09-04 13:15:00,2011-09-04 13:20:00,2,363,596.09,7.359135802469136,80,0
14966,United Kingdom,2011-11-25 12:20:00,2011-11-25 12:20:00,1,179,183.02,5.08388888888889,35,0
14967,United Kingdom,2011-10-21 11:06:00,2011-10-21 11:06:00,1,140,463.8,77.3,6,0
14968,United Kingdom,2011-11-09 13:58:00,2011-11-09 13:58:00,1,127,147.59,3.988918918918919,37,0
14970,United Kingdom,2011-01-27 12:23:00,2011-10-02 13:44:00,4,250,1592.06,46.825294117647054,24,248
14971,United Kingdom,2011-10-27 13:33:00,2011-11-04 17:07:00,3,639,1097.98,7.083741935483871,144,8
14972,United Kingdom,2011-08-03 14:54:00,2011-08-03 14:54:00,1,28,114.77,6.376111111111111,18,0
14973,United Kingdom,2011-04-28 12:22:00,2011-08-24 15:51:00,3,369,1314.45,41.0765625,29,118
14974,United Kingdom,2011-11-02 13:01:00,2011-11-02 13:01:00,1,37,89.94,5.290588235294117,17,0
14975,United Kingdom,2011-10-13 14:08:00,2011-10-13 14:08:00,1,380,279.94,25.44909090909091,11,0
14976,United Kingdom,2011-01-17 11:09:00,2011-10-13 16:37:00,8,230,765.86,10.49123287671233,47,269
14978,United Kingdom,2011-01-13 12:03:00,2011-09-28 13:07:00,5,523,1921.3700000000001,8.97836448598131,136,258
14981,United Kingdom,2011-04-07 13:45:00,2011-04-07 13:45:00,1,97,102.12,12.765,8,0
14984,United Kingdom,2011-06-12 11:04:00,2011-11-20 14:28:00,2,58,202.37,5.188974358974359,37,161
14985,United Kingdom,2010-12-16 19:51:00,2011-05-25 14:29:00,2,256,292.01,3.5181927710843373,78,159
14987,United Kingdom,2010-12-09 12:13:00,2011-11-24 09:59:00,2,128,326.4,81.6,2,349
14988,United Kingdom,2011-05-12 12:05:00,2011-05-12 12:05:00,1,141,334.54,8.3635,40,0
14995,United Kingdom,2011-03-04 13:14:00,2011-11-01 11:39:00,2,102,231.98000000000002,3.866333333333334,53,241
14997,United Kingdom,2011-06-14 16:52:00,2011-10-24 13:28:00,4,1102,540.98,20.036296296296296,25,131
14998,United Kingdom,2011-04-12 16:28:00,2011-06-22 17:30:00,2,258,414.87,5.606351351351352,70,71
15000,United Kingdom,2011-10-23 11:42:00,2011-10-23 11:42:00,1,218,490.52,6.37038961038961,76,0
15002,United Kingdom,2010-12-07 13:16:00,2011-08-16 10:44:00,4,862,1641.76,14.276173913043479,93,251
15004,United Kingdom,2011-07-15 14:05:00,2011-07-15 14:05:00,1,623,1220.77,7.927077922077922,154,0
15005,United Kingdom,2010-12-08 14:36:00,2011-11-24 12:25:00,35,4188,6160.54,5.347690972222222,368,350
15006,United Kingdom,2011-10-19 15:08:00,2011-10-19 15:08:00,1,286,480.38,3.639242424242424,121,0
15007,United Kingdom,2011-07-03 16:00:00,2011-07-03 16:00:00,1,69,156.91,13.075833333333334,12,0
15009,United Kingdom,2011-11-14 17:40:00,2011-11-27 13:35:00,3,639,1259.43,6.996833333333334,148,12
15010,United Kingdom,2011-11-04 12:42:00,2011-11-04 12:42:00,1,184,308.94,15.447,20,0
15012,United Kingdom,2010-12-01 12:49:00,2011-10-17 12:22:00,2,225,405.04,3.3200000000000003,110,319
15014,United Kingdom,2011-06-16 19:40:00,2011-10-27 20:07:00,2,149,257.67,7.808181818181819,29,133
15016,United Kingdom,2011-06-20 12:06:00,2011-06-20 12:06:00,1,76,170.04,8.501999999999999,20,0
15017,United Kingdom,2011-11-06 10:33:00,2011-11-06 10:33:00,1,63,125.58,6.279,20,0
15018,United Kingdom,2010-12-07 10:47:00,2011-11-01 12:47:00,4,188,456.26,14.258125,30,329
15019,United Kingdom,2011-03-18 12:35:00,2011-03-18 12:35:00,1,150,252.81,3.8304545454545456,64,0
15021,United Kingdom,2010-12-07 08:57:00,2011-12-01 11:53:00,13,801,1829.23,4.055942350332594,287,359
15022,United Kingdom,2011-10-23 15:47:00,2011-11-28 12:35:00,4,527,852.39,7.044545454545454,96,35
15023,United Kingdom,2010-12-05 13:49:00,2011-12-06 17:23:00,12,2819,6680.81,12.059223826714803,347,366
15024,United Kingdom,2010-12-07 13:20:00,2011-11-30 12:06:00,10,902,1636.43,10.765986842105264,105,357
15025,United Kingdom,2011-11-06 15:20:00,2011-11-06 15:20:00,1,184,361.96,5.402388059701492,66,0
15026,United Kingdom,2011-03-07 13:45:00,2011-09-20 13:52:00,3,285,469.0,7.688524590163935,57,197
15027,United Kingdom,2011-04-15 14:14:00,2011-11-09 10:16:00,6,563,1051.95,28.431081081081082,30,207
15028,United Kingdom,2010-12-06 12:47:00,2011-12-01 14:06:00,4,459,627.13,13.065208333333333,35,360
15030,United Kingdom,2011-03-16 15:34:00,2011-09-29 10:50:00,2,372,518.28,74.03999999999999,7,196
15031,United Kingdom,2011-03-02 14:46:00,2011-12-05 14:19:00,4,400,653.19,5.93809090909091,74,277
15032,United Kingdom,2010-12-08 12:57:00,2011-03-28 15:30:00,5,2668,4464.1,81.16545454545455,29,110
15033,United Kingdom,2011-01-14 13:28:00,2011-12-05 12:40:00,11,1669,2541.53,5.042718253968254,315,324
15034,United Kingdom,2010-12-21 09:47:00,2011-11-24 12:11:00,11,2402,4243.21,10.715176767676768,299,338
15035,United Kingdom,2011-09-11 11:08:00,2011-09-11 11:08:00,1,245,252.73000000000002,9.36037037037037,26,0
15036,United Kingdom,2011-06-13 12:19:00,2011-09-28 15:42:00,3,316,429.56,3.609747899159664,107,107
15038,United Kingdom,2010-12-05 10:54:00,2011-10-27 14:42:00,7,182,645.84,5.045625,105,326
15039,United Kingdom,2010-12-06 11:26:00,2011-11-30 11:31:00,52,9113,19638.59,13.242474713418746,408,359
15041,United Kingdom,2011-06-22 16:16:00,2011-06-22 16:16:00,1,103,179.93,2.7262121212121215,66,0
15042,United Kingdom,2011-05-24 16:25:00,2011-05-24 16:25:00,1,30,135.93,27.186,5,0
15043,United Kingdom,2011-11-08 14:26:00,2011-11-08 14:26:00,1,300,537.0,179.0,3,0
15044,United Kingdom,2010-12-12 14:27:00,2011-11-20 13:20:00,22,2776,7563.88,16.73424778761062,233,342
15045,United Kingdom,2011-03-27 11:44:00,2011-07-11 11:33:00,3,106,633.66,48.74307692307692,11,105
15046,United Kingdom,2011-01-05 15:30:00,2011-11-30 15:50:00,16,3228,4940.66,24.458712871287126,147,329
15047,United Kingdom,2011-03-15 10:49:00,2011-03-15 10:49:00,1,222,343.62,15.61909090909091,22,0
15048,United Kingdom,2010-12-06 12:15:00,2011-10-05 14:55:00,5,180,377.52,3.973894736842105,86,303
15049,United Kingdom,2011-03-11 12:13:00,2011-03-11 12:13:00,1,63,121.17000000000002,40.39000000000001,3,0
15050,United Kingdom,2011-09-29 13:22:00,2011-11-14 16:17:00,5,1176,1682.77,21.573974358974358,68,46
15051,United Kingdom,2011-07-12 15:29:00,2011-11-16 15:38:00,3,1010,1383.3600000000001,9.741971830985916,130,127
15052,United Kingdom,2011-01-24 15:52:00,2011-01-24 15:52:00,1,79,207.73000000000002,7.418928571428572,27,0
15053,United Kingdom,2011-03-03 12:06:00,2011-12-05 12:08:00,3,984,693.95,10.057246376811595,49,277
15054,United Kingdom,2011-10-30 14:33:00,2011-11-27 15:02:00,2,198,302.1,2.6500000000000004,105,28
15057,United Kingdom,2011-01-28 09:09:00,2011-03-09 15:17:00,2,668,1489.5,59.58,25,40
15058,United Kingdom,2011-01-31 15:35:00,2011-11-14 14:57:00,11,1054,2102.54,7.904285714285714,199,286
15059,United Kingdom,2011-01-09 11:54:00,2011-10-30 11:35:00,11,602,1325.82,5.547364016736402,161,293
15060,United Kingdom,2011-11-30 14:03:00,2011-12-01 13:47:00,4,257,294.25,2.5586956521739133,81,0
15061,United Kingdom,2010-12-02 15:19:00,2011-12-06 12:06:00,55,28590,54228.74,132.26521951219513,71,368
15062,United Kingdom,2010-12-15 15:37:00,2011-09-29 16:51:00,4,763,987.86,17.330877192982456,47,288
15063,United Kingdom,2011-05-10 13:25:00,2011-05-10 13:25:00,1,56,370.79999999999995,74.16,5,0
15065,United Kingdom,2011-02-21 12:54:00,2011-11-02 09:45:00,6,1355,3135.98,19.847974683544304,148,253
15066,United Kingdom,2011-10-17 13:25:00,2011-11-08 09:56:00,2,279,760.59,14.350754716981132,42,21
15067,United Kingdom,2011-03-02 12:10:00,2011-09-22 13:20:00,3,954,1744.76,21.277560975609756,82,204
15068,United Kingdom,2011-03-28 14:27:00,2011-10-24 14:47:00,2,364,553.36,5.320769230769231,96,210
15069,United Kingdom,2011-06-13 14:16:00,2011-06-13 14:16:00,1,520,1109.53,15.850428571428571,70,0
15070,United Kingdom,2010-12-02 11:23:00,2010-12-02 11:23:00,1,36,106.2,106.2,1,0
15071,United Kingdom,2011-03-09 10:19:00,2011-09-07 11:43:00,2,269,982.07,37.77192307692308,25,182
15073,United Kingdom,2011-06-06 09:59:00,2011-11-30 10:44:00,4,277,612.43,8.05828947368421,31,177
15074,United Kingdom,2011-08-26 14:45:00,2011-08-26 14:45:00,1,431,735.67,17.943170731707315,41,0
15075,United Kingdom,2011-09-23 12:27:00,2011-09-23 12:27:00,1,447,773.03,28.63074074074074,27,0
15076,United Kingdom,2011-06-20 08:23:00,2011-06-20 08:23:00,1,571,880.85,17.976530612244897,49,0
15078,United Kingdom,2010-12-06 12:38:00,2011-12-02 15:41:00,38,5069,9623.35,21.337804878048782,98,361
15079,United Kingdom,2010-12-09 09:25:00,2011-05-11 12:45:00,5,388,893.66,18.617916666666666,47,153
15081,United Kingdom,2010-12-07 16:20:00,2011-11-17 17:08:00,6,188,487.35,13.924285714285714,26,345
15083,United Kingdom,2011-03-28 12:18:00,2011-03-28 12:18:00,1,38,88.2,17.64,5,0
15087,United Kingdom,2011-03-03 10:34:00,2011-03-03 10:34:00,1,470,306.94,20.462666666666667,15,0
15088,United Kingdom,2011-10-03 14:05:00,2011-11-18 13:14:00,3,457,1140.27,19.0045,53,45
15089,United Kingdom,2011-08-03 14:14:00,2011-11-29 16:31:00,6,1359,2420.84,16.69544827586207,139,118
15090,United Kingdom,2011-02-04 14:03:00,2011-02-04 14:03:00,1,208,381.32,16.57913043478261,23,0
15091,United Kingdom,2011-10-03 12:47:00,2011-10-17 10:47:00,2,343,476.96,15.385806451612902,30,13
15092,United Kingdom,2011-03-01 12:24:00,2011-05-08 14:10:00,2,135,457.81,17.608076923076922,23,68
15093,United Kingdom,2010-12-02 18:25:00,2011-11-21 13:09:00,9,3733,4410.14,39.376250000000006,52,353
15095,United Kingdom,2011-05-20 14:27:00,2011-08-28 12:01:00,5,1077,1364.7,27.851020408163265,30,99
15096,United Kingdom,2011-10-28 10:27:00,2011-10-28 10:27:00,1,120,219.39000000000001,19.944545454545455,11,0
15097,United Kingdom,2011-12-05 14:03:00,2011-12-05 14:03:00,1,170,248.08,9.923200000000001,25,0
15098,United Kingdom,2011-06-10 15:22:00,2011-06-10 15:39:00,5,60,649.5,129.9,2,0
15099,United Kingdom,2011-09-16 13:13:00,2011-09-16 13:13:00,1,343,410.48,17.84695652173913,23,0
15100,United Kingdom,2010-12-01 09:09:00,2011-01-13 17:09:00,6,58,635.1,105.85000000000001,1,43
15101,United Kingdom,2010-12-15 12:54:00,2011-12-01 10:18:00,3,239,310.03,34.44777777777777,8,350
15103,United Kingdom,2011-09-14 13:54:00,2011-11-08 14:53:00,2,329,703.36,20.096,35,55
15104,United Kingdom,2011-03-02 14:16:00,2011-06-26 11:35:00,3,633,968.64,14.038260869565217,66,115
15105,United Kingdom,2011-07-28 10:09:00,2011-11-21 16:54:00,7,1211,2298.93,22.76168316831683,90,116
15106,United Kingdom,2011-03-15 12:52:00,2011-11-22 09:16:00,7,1144,1407.73,13.801274509803921,90,251
15107,United Kingdom,2010-12-02 13:45:00,2011-02-01 14:46:00,8,161,247.66,13.034736842105263,13,61
15108,European Community,2011-04-26 10:54:00,2011-07-21 10:24:00,5,497,1291.75,21.17622950819672,50,85
15109,United Kingdom,2011-04-08 09:58:00,2011-04-13 09:53:00,2,127,463.75,14.959677419354838,28,4
15110,United Kingdom,2011-01-25 11:41:00,2011-11-16 11:16:00,7,241,973.2,24.953846153846154,17,294
15111,United Kingdom,2010-12-02 11:45:00,2011-11-10 16:58:00,3,710,1567.48,18.660476190476192,70,343
15113,United Kingdom,2011-10-16 15:27:00,2011-11-30 08:23:00,4,2320,3339.5099999999998,34.076632653061225,77,44
15114,United Kingdom,2011-02-11 08:45:00,2011-11-09 15:05:00,10,3096,2760.56,14.012994923857867,136,271
15115,United Kingdom,2011-11-21 14:59:00,2011-11-21 14:59:00,1,157,340.11,16.195714285714285,21,0
15116,United Kingdom,2011-05-19 08:50:00,2011-11-22 12:25:00,4,648,1352.75,30.06111111111111,37,187
15117,United Kingdom,2011-05-08 12:38:00,2011-11-25 08:12:00,6,1947,1550.13,19.376625,63,200
15118,United Kingdom,2011-07-28 14:54:00,2011-07-28 14:54:00,1,1440,244.8,244.8,1,0
15119,United Kingdom,2011-04-08 09:08:00,2011-04-08 09:08:00,1,88,266.4,19.02857142857143,14,0
15120,United Kingdom,2011-07-29 09:48:00,2011-08-02 10:05:00,2,292,343.82,15.628181818181817,21,4
15121,United Kingdom,2011-02-24 12:41:00,2011-10-20 14:51:00,2,199,457.72,16.34714285714286,28,238
15122,United Kingdom,2011-02-15 09:59:00,2011-09-15 16:27:00,6,788,1612.13,18.530229885057473,65,212
15123,United Kingdom,2011-05-17 14:57:00,2011-12-02 13:12:00,2,1195,2199.31,20.748207547169812,93,198
15124,United Kingdom,2011-06-01 09:06:00,2011-11-17 10:09:00,2,233,184.19,12.279333333333334,14,169
15125,United Kingdom,2011-03-14 09:59:00,2011-11-14 13:57:00,23,5991,11117.05,79.4075,102,245
15127,United Kingdom,2011-10-05 10:30:00,2011-10-05 10:30:00,1,251,406.53,25.408125,16,0
15128,United Kingdom,2011-05-04 12:32:00,2011-10-10 13:54:00,8,1326,1419.54,12.788648648648648,76,159
15129,United Kingdom,2011-02-21 09:09:00,2011-10-20 14:40:00,11,1794,3447.4,41.04047619047619,54,241
15130,United Kingdom,2011-06-23 10:15:00,2011-06-23 10:15:00,1,197,330.11,15.005,22,0
15132,United Kingdom,2011-03-22 12:02:00,2011-11-21 17:10:00,5,679,977.9300000000001,18.806346153846157,49,244
15133,United Kingdom,2011-02-11 10:38:00,2011-08-04 10:44:00,3,680,982.42,33.87655172413793,27,174
15134,United Kingdom,2011-04-13 11:05:00,2011-11-25 08:55:00,8,887,1387.99,19.013561643835615,44,225
15135,United Kingdom,2011-04-14 19:16:00,2011-04-20 15:58:00,2,41,127.15,12.715,9,5
15136,United Kingdom,2011-09-04 16:05:00,2011-12-07 12:26:00,5,775,1282.45,18.586231884057973,61,93
15139,United Kingdom,2011-01-07 12:44:00,2011-04-14 11:39:00,2,208,178.96,13.766153846153847,13,96
15140,United Kingdom,2011-03-20 14:37:00,2011-10-18 14:07:00,8,1567,2350.0,29.012345679012345,74,211
15142,United Kingdom,2011-10-24 12:51:00,2011-10-24 12:51:00,1,365,498.74,19.182307692307692,26,0
15143,United Kingdom,2011-04-28 12:03:00,2011-04-28 12:03:00,1,150,259.45,18.532142857142855,14,0
15144,United Kingdom,2011-01-31 13:17:00,2011-12-01 15:12:00,18,3026,6530.04,29.954311926605506,132,304
15145,United Kingdom,2011-04-05 15:20:00,2011-12-05 17:21:00,4,756,1194.73,17.83179104477612,54,244
15146,United Kingdom,2011-02-21 13:07:00,2011-06-28 12:09:00,3,1459,1313.66,13.828000000000001,90,126
15147,United Kingdom,2011-04-13 15:57:00,2011-05-05 11:20:00,2,363,608.65,20.98793103448276,28,21
15148,United Kingdom,2011-11-29 08:21:00,2011-11-29 08:21:00,1,187,301.29,15.0645,20,0
15149,United Kingdom,2011-07-29 10:58:00,2011-07-29 10:58:00,1,128,520.8000000000001,22.643478260869568,23,0
15150,United Kingdom,2011-03-15 14:21:00,2011-11-22 12:52:00,11,3617,5280.83,15.441023391812866,282,251
15152,United Kingdom,2011-06-05 15:36:00,2011-11-30 12:32:00,16,2694,4684.24,16.84978417266187,196,177
15153,United Kingdom,2011-11-08 17:09:00,2011-11-08 17:09:00,1,198,329.25,14.965909090909092,22,0
15154,United Kingdom,2011-09-25 16:05:00,2011-09-26 16:43:00,2,85,224.73,2.9964,66,1
15156,United Kingdom,2011-11-06 12:41:00,2011-12-08 18:22:00,3,597,961.49,17.481636363636365,51,32
15157,United Kingdom,2010-12-16 13:44:00,2011-12-06 11:28:00,5,2242,1869.5,14.056390977443609,126,354
15158,United Kingdom,2011-10-25 13:53:00,2011-10-25 13:53:00,1,198,401.40000000000003,57.34285714285715,7,0
15159,United Kingdom,2010-12-13 15:44:00,2011-12-08 12:05:00,34,11394,18573.68,25.796777777777777,363,359
15160,United Kingdom,2010-12-17 14:15:00,2010-12-17 14:15:00,1,84,158.16,39.54,4,0
15163,United Kingdom,2011-05-31 15:22:00,2011-11-21 13:10:00,2,186,304.47,10.49896551724138,29,173
15164,United Kingdom,2011-01-04 14:21:00,2011-10-02 12:05:00,3,351,824.58,8.164158415841584,79,270
15165,United Kingdom,2010-12-01 14:03:00,2010-12-01 14:03:00,1,160,487.75,18.064814814814813,27,0
15167,United Kingdom,2011-01-23 12:41:00,2011-01-23 12:41:00,1,65,158.8,4.071794871794872,39,0
15168,United Kingdom,2011-11-14 11:26:00,2011-11-14 11:26:00,1,52,106.56,21.312,5,0
15171,United Kingdom,2011-01-12 15:36:00,2011-01-19 12:39:00,2,190,1034.5,147.78571428571428,5,6
15172,United Kingdom,2011-04-17 11:56:00,2011-12-01 11:51:00,5,1611,1624.05,14.764090909090909,106,227
15174,United Kingdom,2011-01-21 09:06:00,2011-01-21 09:06:00,1,145,135.75,12.340909090909092,11,0
15175,United Kingdom,2011-09-29 11:31:00,2011-09-29 11:31:00,1,454,224.14,9.745217391304347,23,0
15178,United Kingdom,2011-03-24 15:12:00,2011-03-24 15:12:00,1,30,40.5,13.5,3,0
15179,United Kingdom,2010-12-10 17:05:00,2011-11-21 12:53:00,7,1907,2186.2,23.012631578947367,91,345
15180,United Kingdom,2010-12-07 14:57:00,2010-12-07 14:57:00,1,36,87.5,14.583333333333334,6,0
15181,United Kingdom,2010-12-09 13:28:00,2011-10-04 13:58:00,5,542,680.28,37.79333333333333,13,299
15182,United Kingdom,2011-03-16 12:42:00,2011-07-08 13:37:00,2,253,622.85,21.477586206896554,24,114
15184,United Kingdom,2011-06-02 12:06:00,2011-11-10 13:41:00,2,199,402.2,6.487096774193549,59,161
15185,United Kingdom,2011-09-30 14:06:00,2011-09-30 14:06:00,1,666,310.62,14.791428571428572,21,0
15186,United Kingdom,2011-06-24 14:54:00,2011-11-25 14:58:00,2,215,411.41,21.653157894736843,17,154
15187,United Kingdom,2011-05-11 13:49:00,2011-12-08 11:56:00,18,1869,4670.08,50.215913978494626,61,210
15189,United Kingdom,2011-01-11 12:29:00,2011-12-08 13:22:00,53,6035,15802.14,68.1126724137931,80,331
15192,United Kingdom,2010-12-09 14:56:00,2011-08-12 11:41:00,3,918,1044.32,20.47686274509804,36,245
15193,United Kingdom,2011-10-10 08:23:00,2011-10-10 08:23:00,1,144,499.32,26.28,19,0
15194,United Kingdom,2010-12-06 15:00:00,2011-12-06 15:10:00,22,5648,7521.17,23.071073619631903,209,365
15195,United Kingdom,2011-12-07 12:20:00,2011-12-07 12:20:00,1,1404,3861.0,3861.0,1,0
15197,United Kingdom,2010-12-16 18:01:00,2011-12-01 08:14:00,5,453,656.44,18.234444444444446,30,349
15198,United Kingdom,2011-08-07 15:16:00,2011-09-08 14:42:00,2,120,193.64,19.363999999999997,10,31
15199,United Kingdom,2011-02-04 14:04:00,2011-10-11 15:12:00,4,396,1268.7,97.5923076923077,5,249
15201,United Kingdom,2011-04-06 14:02:00,2011-09-22 09:53:00,11,962,927.84,9.56536082474227,38,168
15203,United Kingdom,2011-02-01 12:29:00,2011-11-14 08:16:00,6,1753,1827.8,12.871830985915492,82,285
15204,United Kingdom,2010-12-17 13:49:00,2010-12-17 13:49:00,1,258,316.58,35.175555555555555,9,0
15205,United Kingdom,2011-08-04 16:07:00,2011-09-15 19:36:00,3,377,648.8299999999999,17.074473684210524,38,42
15206,United Kingdom,2011-03-09 08:59:00,2011-11-29 13:41:00,4,162,420.29999999999995,46.699999999999996,3,265
15208,United Kingdom,2010-12-21 13:03:00,2011-12-08 17:24:00,6,314,867.62,20.177209302325583,25,352
15210,United Kingdom,2011-04-28 16:11:00,2011-04-28 16:11:00,1,228,331.18,16.559,20,0
15211,United Kingdom,2010-12-09 16:08:00,2011-10-10 13:31:00,2,240,894.4100000000001,17.20019230769231,52,304
15212,United Kingdom,2011-04-12 13:45:00,2011-04-14 13:12:00,2,33,88.94999999999999,12.707142857142856,5,1
15213,United Kingdom,2011-01-14 11:05:00,2011-01-25 12:25:00,3,270,325.05,13.002,22,11
15214,United Kingdom,2011-04-11 09:46:00,2011-12-08 12:07:00,8,1254,1661.44,15.104000000000001,109,241
15215,United Kingdom,2011-01-26 17:25:00,2011-10-26 12:28:00,6,211,615.99,14.325348837209303,35,272
15216,United Kingdom,2011-09-13 11:41:00,2011-09-13 11:41:00,1,28,96.6,48.3,2,0
15218,United Kingdom,2011-01-25 11:20:00,2011-11-29 11:48:00,11,3329,5756.89,34.680060240963854,77,308
15219,United Kingdom,2011-06-16 16:57:00,2011-06-16 16:57:00,1,45,305.75,33.97222222222222,9,0
15220,United Kingdom,2011-03-04 10:24:00,2011-10-19 12:39:00,7,1377,1758.92,14.780840336134455,110,229
15221,United Kingdom,2010-12-05 12:29:00,2010-12-08 13:08:00,2,25,114.1,10.372727272727273,9,3
15222,United Kingdom,2011-01-25 08:03:00,2011-01-25 08:03:00,1,440,585.0,117.0,5,0
15223,United Kingdom,2011-04-04 12:17:00,2011-04-28 11:31:00,3,98,454.90000000000003,14.215625000000001,14,23
15224,United Kingdom,2010-12-12 11:23:00,2010-12-16 15:02:00,3,150,310.48,19.405,13,4
15225,United Kingdom,2011-04-19 14:51:00,2011-04-19 14:51:00,1,226,409.40000000000003,17.8,23,0
15226,United Kingdom,2011-02-02 11:41:00,2011-02-02 11:41:00,1,71,154.41,19.30125,8,0
15227,United Kingdom,2011-01-26 15:31:00,2011-11-03 11:59:00,5,750,1219.4,21.024137931034485,43,280
15228,United Kingdom,2011-02-18 09:04:00,2011-10-04 13:56:00,5,2252,3376.96,26.801269841269843,110,228
15230,United Kingdom,2011-04-13 11:04:00,2011-04-14 14:39:00,2,351,429.6,18.678260869565218,23,1
15232,United Kingdom,2011-07-22 12:21:00,2011-08-18 16:27:00,2,686,612.06,19.743870967741934,26,27
15234,United Kingdom,2011-03-08 08:53:00,2011-03-08 08:53:00,1,196,197.0,14.071428571428571,14,0
15235,United Kingdom,2010-12-01 17:22:00,2011-05-06 09:44:00,12,1324,2247.51,15.716853146853149,132,155
15236,United Kingdom,2011-02-14 10:52:00,2011-02-14 10:52:00,1,269,321.05,21.403333333333332,15,0
15237,United Kingdom,2011-04-26 15:04:00,2011-12-08 09:46:00,4,1071,1412.32,14.265858585858584,94,225
15238,United Kingdom,2011-06-08 16:00:00,2011-11-10 14:28:00,5,689,1056.54,20.318076923076923,49,154
15239,United Kingdom,2011-09-22 09:53:00,2011-11-29 14:14:00,3,591,764.34,14.698846153846155,48,68
15240,United Kingdom,2010-12-03 10:09:00,2011-10-26 09:50:00,7,1361,1685.57,20.308072289156627,61,326
15241,United Kingdom,2011-03-01 11:02:00,2011-10-04 09:05:00,9,1815,1738.59,15.662972972972971,82,216
15243,United Kingdom,2011-09-26 14:12:00,2011-09-26 14:12:00,1,185,316.68,14.394545454545455,22,0
15244,United Kingdom,2011-04-05 15:12:00,2011-10-05 13:19:00,2,405,631.57,18.57558823529412,31,182
15245,United Kingdom,2011-03-23 13:42:00,2011-07-28 18:56:00,3,1784,2515.84,28.267865168539327,55,127
15246,United Kingdom,2010-12-16 09:46:00,2011-04-15 14:45:00,2,247,514.15,15.58030303030303,32,120
15247,United Kingdom,2011-08-09 12:52:00,2011-08-09 12:52:00,1,160,356.0,59.333333333333336,6,0
15249,United Kingdom,2011-03-28 12:49:00,2011-11-08 11:45:00,15,3557,6657.36,18.595977653631284,211,224
15251,United Kingdom,2011-04-12 10:38:00,2011-11-30 15:02:00,15,6084,10327.11,85.34801652892563,97,232
15252,United Kingdom,2011-06-09 14:15:00,2011-11-03 13:30:00,2,522,740.78,16.83590909090909,44,146
15253,United Kingdom,2011-06-23 12:19:00,2011-11-23 16:22:00,6,864,915.3,16.64181818181818,52,153
15254,United Kingdom,2011-08-04 15:04:00,2011-08-04 15:04:00,1,275,300.36,16.686666666666667,18,0
15255,United Kingdom,2011-10-04 12:43:00,2011-10-04 12:43:00,1,489,890.85,18.95425531914894,47,0
15256,United Kingdom,2011-07-14 11:47:00,2011-07-14 11:47:00,1,55,98.45,16.408333333333335,6,0
15257,United Kingdom,2011-03-01 12:58:00,2011-03-03 13:57:00,2,45,232.14999999999998,29.018749999999997,7,2
15258,United Kingdom,2011-05-06 14:16:00,2011-06-24 12:30:00,2,142,623.16,18.328235294117647,32,48
15260,United Kingdom,2010-12-02 12:09:00,2011-08-31 13:55:00,8,861,1780.77,22.830384615384617,62,272
15261,United Kingdom,2011-07-27 15:20:00,2011-07-27 15:20:00,1,270,254.82,13.41157894736842,19,0
15262,United Kingdom,2011-01-20 12:16:00,2011-01-20 12:16:00,1,73,178.95000000000002,17.895000000000003,10,0
15263,United Kingdom,2011-08-25 10:26:00,2011-08-25 10:26:00,1,89,156.51,13.042499999999999,12,0
15264,United Kingdom,2011-10-06 13:49:00,2011-10-06 13:49:00,1,265,393.74,17.11913043478261,23,0
15265,United Kingdom,2011-04-18 12:16:00,2011-07-11 14:46:00,2,612,1506.1200000000001,18.36731707317073,76,84
15266,United Kingdom,2011-01-05 13:40:00,2011-01-05 13:40:00,1,18,119.3,19.883333333333333,6,0
15267,United Kingdom,2011-06-10 10:24:00,2011-11-17 15:59:00,5,944,1717.36,156.12363636363636,8,160
15269,United Kingdom,2011-11-16 09:32:00,2011-11-16 09:32:00,1,26,408.8,204.4,2,0
15270,United Kingdom,2011-02-02 13:25:00,2011-11-24 09:24:00,9,1459,2298.2,47.87916666666666,22,294
15271,United Kingdom,2010-12-09 13:47:00,2011-12-02 14:11:00,16,1246,2472.09,9.328641509433963,184,358
15272,United Kingdom,2011-09-14 16:36:00,2011-10-13 12:59:00,2,310,721.94,11.45936507936508,63,28
15274,United Kingdom,2011-11-21 14:17:00,2011-12-05 16:57:00,2,619,716.57,15.246170212765959,44,14
15275,United Kingdom,2011-11-02 11:20:00,2011-11-08 17:54:00,2,497,609.19,14.50452380952381,41,6
15276,United Kingdom,2011-10-04 16:39:00,2011-10-04 16:39:00,1,61,128.63,2.6251020408163264,49,0
15277,United Kingdom,2011-10-24 10:08:00,2011-10-24 10:08:00,1,205,255.89999999999998,21.325,12,0
15279,United Kingdom,2010-12-09 14:58:00,2010-12-20 10:48:00,2,185,277.40999999999997,13.209999999999999,21,10
15280,United Kingdom,2011-06-20 17:14:00,2011-06-20 17:14:00,1,154,113.12,7.07,16,0
15281,United Kingdom,2011-01-10 15:51:00,2011-10-12 09:10:00,12,1193,2239.9500000000003,14.933000000000002,122,274
15286,United Kingdom,2011-10-21 11:08:00,2011-10-21 11:08:00,1,55,240.55,80.18333333333334,3,0
15287,United Kingdom,2011-09-30 12:30:00,2011-11-17 15:34:00,3,432,485.24,23.106666666666666,17,48
15288,United Kingdom,2010-12-09 13:59:00,2011-10-27 16:58:00,5,775,2306.52,26.210454545454546,80,322
15289,United Kingdom,2011-04-04 12:44:00,2011-11-10 13:49:00,4,996,935.1,15.849152542372881,43,220
15290,United Kingdom,2010-12-15 16:03:00,2011-12-05 11:39:00,21,4431,7803.7699999999995,36.8102358490566,93,354
15291,United Kingdom,2010-12-01 09:32:00,2011-11-14 11:02:00,20,2074,4596.51,42.16981651376147,63,348
15292,United Kingdom,2011-05-22 15:00:00,2011-05-22 15:00:00,1,55,178.39,7.432916666666666,24,0
15296,United Kingdom,2011-01-17 11:57:00,2011-10-26 16:33:00,10,1757,3610.31,18.05155,137,282
15297,United Kingdom,2011-10-07 09:42:00,2011-11-29 16:32:00,4,290,635.04,15.488780487804878,30,53
15298,United Kingdom,2010-12-08 13:55:00,2011-12-07 17:17:00,14,2752,3774.1,19.454123711340205,115,364
15299,United Kingdom,2010-12-02 16:48:00,2011-10-03 14:19:00,11,2940,3787.09,315.59083333333336,9,304
15300,United Kingdom,2011-10-06 17:08:00,2011-10-06 17:08:00,1,292,496.44,17.73,28,0
15301,United Kingdom,2010-12-06 12:21:00,2011-10-20 09:57:00,14,2744,5007.72,20.35658536585366,167,317
15303,United Kingdom,2011-02-22 13:59:00,2011-02-22 13:59:00,1,248,574.02,18.516774193548386,31,0
15304,United Kingdom,2010-12-06 11:42:00,2011-10-10 10:23:00,10,100,680.3,26.165384615384614,8,307
15306,United Kingdom,2011-07-14 15:22:00,2011-10-06 12:56:00,3,810,1174.35,20.247413793103448,57,83
15307,United Kingdom,2011-09-05 11:38:00,2011-09-05 11:38:00,1,37,205.3,17.108333333333334,12,0
15308,United Kingdom,2011-03-10 13:08:00,2011-03-14 12:24:00,2,173,302.27,14.393809523809523,19,3
15311,United Kingdom,2010-12-01 09:41:00,2011-12-09 12:00:00,118,37673,59284.19,23.924209039548025,571,373
15312,United Kingdom,2010-12-20 11:01:00,2011-09-25 13:10:00,5,513,921.1,19.189583333333335,42,279
15313,United Kingdom,2011-08-21 16:02:00,2011-08-21 16:02:00,1,25,52.0,52.0,1,0
15314,United Kingdom,2011-05-24 14:39:00,2011-05-24 14:39:00,1,313,327.97,13.665416666666667,24,0
15315,United Kingdom,2011-08-15 15:17:00,2011-10-06 12:51:00,3,838,551.54,14.514210526315788,35,51
15316,United Kingdom,2011-01-17 11:34:00,2011-01-17 11:34:00,1,100,165.0,165.0,1,0
15318,United Kingdom,2011-12-06 11:30:00,2011-12-06 11:30:00,1,642,312.62,9.473333333333333,33,0
15319,United Kingdom,2011-03-01 12:48:00,2011-03-01 12:48:00,1,175,204.5,12.78125,16,0
15320,United Kingdom,2011-10-26 13:27:00,2011-10-26 13:27:00,1,326,267.13,7.420277777777778,36,0
15321,United Kingdom,2011-02-21 11:10:00,2011-10-21 13:58:00,4,1164,2663.48,25.36647619047619,83,242
15322,United Kingdom,2011-09-15 09:34:00,2011-10-06 20:38:00,2,365,602.97,12.305510204081633,42,21
15325,United Kingdom,2011-08-28 11:55:00,2011-08-28 11:55:00,1,231,161.74,3.3695833333333334,47,0
15326,United Kingdom,2011-01-10 11:38:00,2011-01-10 11:38:00,1,386,311.71,10.748620689655171,29,0
15327,United Kingdom,2011-10-18 11:55:00,2011-10-18 11:55:00,1,116,208.75,20.875,10,0
15329,United Kingdom,2010-12-09 15:43:00,2011-11-04 12:56:00,5,476,1005.5,16.217741935483872,52,329
15330,United Kingdom,2011-10-10 12:30:00,2011-11-07 17:50:00,2,1312,714.96,54.99692307692308,10,28
15332,Lithuania,2010-12-05 12:00:00,2010-12-08 14:43:00,4,652,1661.06,47.45885714285714,29,3
15333,United Kingdom,2011-05-15 13:27:00,2011-05-15 13:27:00,1,344,1028.56,64.285,16,0
15334,United Kingdom,2011-06-19 13:51:00,2011-07-06 11:22:00,3,273,350.82,3.579795918367347,67,16
15335,United Kingdom,2011-10-17 12:50:00,2011-10-17 12:50:00,1,79,170.22,4.863428571428571,34,0
15339,United Kingdom,2011-01-25 13:15:00,2011-10-04 12:51:00,3,414,557.57,6.336022727272728,79,251
15341,United Kingdom,2011-09-20 09:40:00,2011-09-20 09:40:00,1,812,2020.52,118.85411764705883,17,0
15342,United Kingdom,2011-08-02 10:19:00,2011-08-15 16:20:00,2,276,391.76,15.067692307692308,24,13
15343,United Kingdom,2011-09-13 13:55:00,2011-09-13 13:55:00,1,84,364.5,17.357142857142858,21,0
15344,United Kingdom,2011-09-26 14:48:00,2011-12-09 10:45:00,5,106,476.58,14.893125,21,73
15345,United Kingdom,2011-10-25 11:28:00,2011-11-04 13:24:00,2,78,367.69,15.986521739130435,20,10
15346,United Kingdom,2011-01-11 11:18:00,2011-01-11 11:18:00,1,144,252.42000000000002,14.848235294117648,17,0
15347,United Kingdom,2010-12-08 15:25:00,2010-12-08 15:25:00,1,130,201.60000000000002,40.32000000000001,5,0
15348,United Kingdom,2011-09-28 13:17:00,2011-09-28 13:17:00,1,84,158.04,17.56,9,0
15349,United Kingdom,2011-06-05 15:46:00,2011-07-04 16:06:00,2,321,463.90999999999997,6.533943661971831,65,29
15350,United Kingdom,2010-12-01 13:33:00,2010-12-01 13:33:00,1,51,115.65,23.130000000000003,5,0
15351,United Kingdom,2010-12-05 10:48:00,2011-11-27 12:52:00,10,721,1836.69,8.09114537444934,160,357
15353,United Kingdom,2010-12-07 11:49:00,2011-03-30 12:15:00,2,341,770.12,12.624918032786885,59,113
15355,United Kingdom,2011-10-17 15:22:00,2011-11-10 13:44:00,2,45,277.05,19.789285714285715,9,23
15356,United Kingdom,2010-12-06 14:05:00,2011-11-08 13:11:00,10,1643,2718.03,5.446953907815631,215,336
15358,United Kingdom,2010-12-09 10:04:00,2011-12-05 09:04:00,29,6928,8235.65,14.706517857142856,292,360
15360,United Kingdom,2011-10-31 09:35:00,2011-10-31 09:35:00,1,223,427.93,32.917692307692306,13,0
15361,United Kingdom,2010-12-13 09:52:00,2010-12-13 09:52:00,1,336,418.92,59.84571428571429,7,0
15363,United Kingdom,2010-12-02 12:28:00,2011-04-12 15:48:00,2,143,318.05,18.708823529411767,16,131
15364,United Kingdom,2011-03-30 13:39:00,2011-09-05 09:46:00,2,493,913.19,31.489310344827587,29,158
15365,United Kingdom,2011-01-28 13:08:00,2011-11-14 08:29:00,9,758,1330.45,8.81092715231788,66,289
15366,United Kingdom,2010-12-16 15:59:00,2011-09-25 15:01:00,2,621,602.51,13.69340909090909,37,282
15367,United Kingdom,2011-03-09 13:53:00,2011-10-13 14:13:00,5,1055,1867.69,19.45510416666667,92,218
15368,United Kingdom,2011-11-18 14:42:00,2011-11-18 14:42:00,1,230,446.94000000000005,111.73500000000001,4,0
15369,United Kingdom,2011-07-18 15:11:00,2011-07-18 15:11:00,1,-1,-1592.49,-1592.49,1,0
15370,United Kingdom,2011-01-11 11:32:00,2011-10-30 10:58:00,8,828,2360.55,24.847894736842107,65,291
15372,United Kingdom,2011-07-25 16:39:00,2011-07-25 16:39:00,1,2924,2007.3999999999999,74.34814814814814,27,0
15373,United Kingdom,2010-12-03 14:40:00,2011-12-01 15:05:00,13,476,2213.11,16.154087591240877,74,363
15374,United Kingdom,2011-08-03 09:59:00,2011-08-03 09:59:00,1,126,168.0,56.0,3,0
15376,United Kingdom,2011-05-01 13:45:00,2011-10-30 15:04:00,3,615,1221.56,10.530689655172413,100,182
15379,United Kingdom,2010-12-16 13:02:00,2011-06-23 13:13:00,8,2293,3631.8900000000003,18.530051020408166,145,189
15380,United Kingdom,2010-12-09 15:01:00,2011-12-01 12:13:00,6,374,1682.3600000000001,45.469189189189194,22,356
15381,United Kingdom,2011-03-16 13:44:00,2011-05-10 11:55:00,2,171,596.85,74.60625,8,54
15382,United Kingdom,2011-02-17 12:01:00,2011-11-25 10:58:00,8,4003,5927.86,19.372091503267974,193,280
15384,United Kingdom,2010-12-02 17:27:00,2011-06-23 10:57:00,3,593,635.76,14.785116279069767,35,202
15385,United Kingdom,2011-10-30 15:11:00,2011-10-30 15:11:00,1,161,316.88,26.406666666666666,12,0
15386,United Kingdom,2011-06-06 13:47:00,2011-06-06 13:47:00,1,446,394.14,12.714193548387096,31,0
15388,Canada,2011-03-14 13:53:00,2011-03-14 13:53:00,1,88,140.54,14.053999999999998,10,0
15389,United Kingdom,2011-06-20 16:18:00,2011-06-20 16:18:00,1,400,500.0,500.0,1,0
15392,United Kingdom,2010-12-14 15:50:00,2011-12-05 11:01:00,5,1265,1515.73,17.832117647058823,74,355
15393,United Kingdom,2011-03-03 16:58:00,2011-11-23 16:48:00,2,150,231.86,19.32166666666667,10,264
15394,United Kingdom,2010-12-16 12:46:00,2011-11-30 11:49:00,4,910,2183.54,25.68870588235294,54,348
15395,United Kingdom,2011-01-18 12:40:00,2011-01-18 12:40:00,1,17,107.45,15.35,7,0
15396,United Kingdom,2011-08-19 10:56:00,2011-08-19 10:56:00,1,122,288.18,20.584285714285716,14,0
15397,United Kingdom,2011-02-23 09:25:00,2011-02-23 09:25:00,1,20,94.0,15.666666666666666,6,0
15398,United Kingdom,2011-09-22 14:56:00,2011-11-23 16:47:00,3,767,1339.63,18.10310810810811,60,62
15399,United Kingdom,2011-09-21 15:57:00,2011-12-08 13:04:00,3,611,815.77,16.3154,45,77
15400,United Kingdom,2011-03-06 11:27:00,2011-09-08 13:57:00,6,360,666.7,51.284615384615385,10,186
15402,United Kingdom,2011-05-27 13:32:00,2011-07-14 12:17:00,2,694,626.77,14.923095238095238,35,47
15405,United Kingdom,2011-06-03 14:44:00,2011-06-03 14:44:00,1,193,349.1,43.6375,8,0
15406,United Kingdom,2011-02-11 16:19:00,2011-11-21 16:14:00,4,236,426.61,7.355344827586207,51,282
15407,United Kingdom,2011-02-07 13:18:00,2011-11-06 11:55:00,4,552,1046.74,7.072567567567567,142,271
15408,United Kingdom,2011-03-20 15:02:00,2011-03-20 15:02:00,1,106,267.18,7.858235294117647,34,0
15410,United Kingdom,2011-03-23 10:15:00,2011-09-16 14:47:00,8,1200,3450.84,28.285573770491805,48,177
15411,United Kingdom,2011-06-10 12:30:00,2011-11-13 15:19:00,5,527,1336.43,13.49929292929293,86,156
15412,United Kingdom,2011-06-21 15:24:00,2011-06-21 15:24:00,1,108,190.53,19.053,10,0
15414,United Kingdom,2011-04-11 13:45:00,2011-11-30 09:50:00,3,443,774.9000000000001,19.86923076923077,37,232
15415,United Kingdom,2011-01-30 14:13:00,2011-01-30 14:13:00,1,551,559.61,11.906595744680851,46,0
15416,United Kingdom,2011-03-02 08:41:00,2011-10-06 09:38:00,5,2089,3974.37,20.592590673575128,165,218
15417,United Kingdom,2011-09-15 15:26:00,2011-09-15 15:26:00,1,284,508.8,18.17142857142857,28,0
15419,United Kingdom,2011-11-15 09:23:00,2011-11-15 09:23:00,1,230,135.86,16.9825,8,0
15421,United Kingdom,2011-02-02 14:36:00,2011-10-12 09:20:00,4,500,950.36,17.93132075471698,40,251
15422,United Kingdom,2011-01-20 14:17:00,2011-01-20 16:17:00,2,38,97.7,16.283333333333335,6,0
15423,United Kingdom,2011-11-01 14:01:00,2011-11-01 14:01:00,1,101,43.5,21.75,2,0
15424,United Kingdom,2011-03-30 13:00:00,2011-03-30 13:02:00,2,554,383.34,22.54941176470588,17,0
15426,United Kingdom,2010-12-05 13:55:00,2011-11-20 15:36:00,7,645,1386.58,4.899575971731449,222,350
15427,United Kingdom,2011-10-23 14:47:00,2011-11-06 14:29:00,3,967,1430.54,4.899109589041096,233,13
15428,United Kingdom,2011-11-24 16:54:00,2011-11-24 16:54:00,1,102,93.78,15.63,6,0
15429,United Kingdom,2011-09-25 13:42:00,2011-11-13 12:28:00,3,369,364.90000000000003,4.396385542168675,77,48
15432,United Kingdom,2011-11-16 16:30:00,2011-11-16 16:30:00,1,65,171.19,17.119,10,0
15433,United Kingdom,2011-03-17 14:12:00,2011-09-21 16:24:00,3,399,417.87,7.88433962264151,40,188
15434,United Kingdom,2011-05-23 14:18:00,2011-12-01 13:33:00,6,638,997.48,16.906440677966103,40,191
15435,United Kingdom,2011-11-17 16:39:00,2011-11-17 16:39:00,1,54,149.29,5.147931034482759,29,0
15436,United Kingdom,2011-04-19 16:52:00,2011-11-27 16:05:00,3,574,1067.75,3.6692439862542954,243,221
15437,United Kingdom,2011-03-22 13:11:00,2011-03-22 13:11:00,1,79,200.16,4.4479999999999995,44,0
15438,United Kingdom,2011-07-31 14:19:00,2011-07-31 14:19:00,1,59,156.57999999999998,6.263199999999999,25,0
15440,United Kingdom,2011-05-15 11:30:00,2011-10-16 12:16:00,3,197,383.68,6.188387096774194,50,154
15442,United Kingdom,2011-04-05 12:24:00,2011-04-05 12:24:00,1,120,594.0,297.0,2,0
15443,United Kingdom,2011-01-23 13:25:00,2011-12-08 10:40:00,8,1636,3188.84,8.503573333333334,237,318
15444,United Kingdom,2011-10-30 16:12:00,2011-11-30 17:37:00,2,759,1411.21,6.594439252336449,191,31
15445,United Kingdom,2011-03-20 15:06:00,2011-03-20 15:06:00,1,58,113.5,22.7,5,0
15447,United Kingdom,2011-01-13 11:26:00,2011-01-13 11:26:00,1,85,155.17,17.24111111111111,9,0
15448,United Kingdom,2011-01-31 10:42:00,2011-01-31 10:42:00,1,232,494.64,17.665714285714284,28,0
15449,United Kingdom,2011-03-23 10:43:00,2011-11-13 15:02:00,5,810,971.22,15.66483870967742,47,235
15450,United Kingdom,2011-11-09 17:11:00,2011-11-09 17:11:00,1,376,429.84,14.328,30,0
15452,United Kingdom,2011-03-20 15:21:00,2011-11-10 12:13:00,3,280,528.48,9.437142857142858,47,234
15453,United Kingdom,2011-06-05 12:37:00,2011-12-08 10:59:00,7,837,1371.77,4.91673835125448,169,185
15454,United Kingdom,2010-12-12 14:21:00,2010-12-12 14:21:00,1,86,179.1,7.164,23,0
15456,United Kingdom,2010-12-15 15:34:00,2011-03-01 13:51:00,3,633,434.59000000000003,7.492931034482759,48,75
15457,United Kingdom,2011-03-22 15:31:00,2011-03-22 15:31:00,1,132,237.07,4.087413793103448,56,0
15458,United Kingdom,2011-11-14 13:08:00,2011-11-14 13:08:00,1,156,161.64,23.09142857142857,7,0
15460,United Kingdom,2010-12-20 16:08:00,2010-12-20 16:08:00,1,107,214.26,3.8260714285714283,53,0
15462,United Kingdom,2011-06-05 15:36:00,2011-09-06 13:11:00,3,172,234.6,21.327272727272728,9,92
15463,United Kingdom,2011-11-10 12:57:00,2011-11-10 12:57:00,1,106,126.14,18.02,7,0
15464,United Kingdom,2011-01-05 15:56:00,2011-01-05 15:56:00,1,348,1044.65,6.739677419354839,155,0
15465,United Kingdom,2010-12-05 10:12:00,2011-11-20 10:11:00,24,1217,6945.0199999999995,66.77903846153846,43,349
15466,United Kingdom,2011-09-15 14:08:00,2011-09-15 14:08:00,1,246,334.53,5.868947368421052,56,0
15467,United Kingdom,2011-07-10 14:42:00,2011-11-30 14:17:00,4,306,511.88,9.658113207547169,41,142
15468,United Kingdom,2010-12-14 10:50:00,2011-11-04 13:11:00,5,150,438.46,15.119310344827586,25,325
15469,United Kingdom,2011-08-11 16:54:00,2011-10-27 19:16:00,4,150,504.5,18.685185185185187,24,77
15471,United Kingdom,2011-12-07 14:12:00,2011-12-07 14:12:00,1,256,454.48,6.225753424657534,67,0
15472,United Kingdom,2011-08-18 15:17:00,2011-08-18 15:17:00,1,251,371.56,4.888947368421053,76,0
15473,United Kingdom,2011-10-10 11:12:00,2011-11-25 15:15:00,10,552,1465.2,104.65714285714286,4,46
15475,United Kingdom,2011-09-23 15:20:00,2011-09-23 15:20:00,1,319,454.10999999999996,15.658965517241377,29,0
15478,United Kingdom,2011-10-14 11:09:00,2011-10-30 14:19:00,2,575,1399.92,31.816363636363636,34,16
15480,Malta,2011-08-15 14:32:00,2011-08-15 14:32:00,1,303,905.5,20.122222222222224,45,0
15482,United Kingdom,2010-12-16 10:08:00,2011-11-24 10:46:00,16,2982,6393.52,50.742222222222225,46,343
15483,United Kingdom,2011-03-18 12:26:00,2011-07-01 13:07:00,4,291,225.26,2.6816666666666666,74,105
15484,United Kingdom,2011-09-22 13:31:00,2011-12-08 15:03:00,5,3134,3559.21,18.931968085106384,135,77
15485,United Kingdom,2010-12-01 13:23:00,2011-11-09 14:31:00,3,1281,2564.5,30.17058823529412,59,343
15488,United Kingdom,2011-09-08 10:11:00,2011-09-08 10:11:00,1,73,91.32000000000001,45.660000000000004,2,0
15489,United Kingdom,2011-05-12 12:54:00,2011-11-17 08:53:00,4,593,1090.03,19.818727272727273,47,188
15491,United Kingdom,2011-04-18 10:04:00,2011-09-05 15:56:00,7,1624,3090.85,19.940967741935484,108,140
15492,United Kingdom,2011-09-26 14:02:00,2011-11-11 14:53:00,2,483,659.4599999999999,18.841714285714282,32,46
15493,United Kingdom,2011-03-14 11:44:00,2011-11-07 12:04:00,7,546,1918.86,6.5940206185567005,177,238
15494,United Kingdom,2011-08-10 15:29:00,2011-11-18 14:51:00,2,1139,1280.58,10.49655737704918,120,99
15497,United Kingdom,2011-01-24 10:01:00,2011-11-22 11:51:00,3,622,1259.7,78.73125,13,302
15498,United Kingdom,2010-12-07 12:34:00,2011-12-09 10:28:00,35,6084,12396.46,23.702600382409177,362,366
15500,United Kingdom,2011-09-19 13:47:00,2011-12-01 13:47:00,4,572,1131.56,16.640588235294118,64,73
15502,United Kingdom,2010-12-05 15:40:00,2011-11-24 12:48:00,23,3823,5541.46,21.989920634920637,164,353
15503,United Kingdom,2010-12-12 10:57:00,2010-12-12 10:57:00,1,70,141.04,2.1369696969696967,66,0
15504,United Kingdom,2011-09-19 13:45:00,2011-09-19 13:45:00,1,33,52.83,4.063846153846153,13,0
15505,United Kingdom,2011-07-07 13:33:00,2011-10-18 07:56:00,7,2348,3497.14,35.32464646464646,90,102
15506,United Kingdom,2011-07-24 11:45:00,2011-11-17 12:11:00,3,842,972.08,6.03776397515528,121,116
15507,United Kingdom,2011-06-21 11:19:00,2011-06-21 11:19:00,1,160,475.86,10.574666666666667,41,0
15508,United Kingdom,2011-04-18 15:31:00,2011-06-03 15:43:00,6,440,1000.27,10.8725,78,46
15510,United Kingdom,2011-01-13 12:10:00,2011-01-13 12:10:00,1,2,250.0,250.0,1,0
15511,United Kingdom,2011-09-15 15:05:00,2011-11-28 09:43:00,5,269,900.53,5.699556962025317,117,73
15512,United Kingdom,2010-12-15 12:01:00,2011-07-07 10:20:00,2,68,121.0,17.285714285714285,7,203
15513,United Kingdom,2010-12-01 11:22:00,2011-11-08 16:21:00,22,5545,14520.08,46.24229299363057,183,342
15514,United Kingdom,2010-12-10 13:50:00,2011-11-27 14:40:00,13,1761,2907.45,14.758629441624365,96,352
15516,United Kingdom,2011-10-24 11:33:00,2011-10-26 10:51:00,3,27,62.43,4.162,15,1
15517,United Kingdom,2011-04-20 14:02:00,2011-04-20 14:02:00,1,293,267.03,9.889999999999999,27,0
15518,United Kingdom,2011-01-11 12:50:00,2011-10-06 13:05:00,13,1252,1890.99,8.754583333333333,136,268
15520,United Kingdom,2011-12-08 10:58:00,2011-12-08 10:58:00,1,314,343.5,19.083333333333332,18,0
15521,United Kingdom,2011-03-30 09:15:00,2011-11-03 13:52:00,13,1674,2574.65,12.87325,117,218
15522,United Kingdom,2011-09-13 12:26:00,2011-11-07 11:26:00,2,572,397.99,7.106964285714286,47,54
15523,United Kingdom,2011-09-16 16:29:00,2011-09-16 16:29:00,1,132,412.01000000000005,41.20100000000001,10,0
15524,United Kingdom,2011-11-15 12:09:00,2011-11-15 12:09:00,1,4,440.0,440.0,1,0
15525,United Kingdom,2010-12-01 13:17:00,2011-12-07 15:39:00,4,385,719.47,4.553607594936709,133,371
15526,United Kingdom,2011-11-06 15:01:00,2011-11-06 15:04:00,2,24,148.44,37.11,4,0
15527,United Kingdom,2010-12-20 14:15:00,2011-11-21 12:17:00,10,987,2347.57,14.227696969696972,128,335
15528,United Kingdom,2011-03-30 16:14:00,2011-03-30 16:14:00,1,123,229.33,8.820384615384615,26,0
15529,United Kingdom,2010-12-08 12:24:00,2011-11-17 11:29:00,12,3448,3935.15,5.926430722891566,415,343
15530,United Kingdom,2011-04-07 11:16:00,2011-11-18 12:25:00,4,938,1497.31,13.993551401869158,90,225
15531,United Kingdom,2011-11-09 17:47:00,2011-12-01 18:43:00,2,1085,1972.39,9.00634703196347,196,22
15532,United Kingdom,2010-12-16 16:45:00,2011-11-14 14:51:00,6,502,1500.88,5.817364341085272,205,332
15533,United Kingdom,2011-09-11 15:41:00,2011-11-20 15:35:00,5,256,746.92,8.685116279069767,73,69
15535,United Kingdom,2010-12-09 15:36:00,2011-06-19 16:02:00,7,121,426.4,5.685333333333333,55,192
15537,United Kingdom,2011-06-29 13:10:00,2011-06-29 13:10:00,1,29,110.92,4.621666666666667,24,0
15539,United Kingdom,2011-12-02 13:36:00,2011-12-02 13:36:00,1,410,538.46,13.133170731707319,41,0
15540,United Kingdom,2011-11-28 13:51:00,2011-11-28 13:51:00,1,200,213.3,14.22,15,0
15541,United Kingdom,2011-08-17 14:58:00,2011-08-17 14:58:00,1,49,85.13000000000001,2.9355172413793107,29,0
15543,United Kingdom,2011-02-24 15:26:00,2011-02-24 15:26:00,1,86,127.86,4.566428571428571,26,0
15544,United Kingdom,2010-12-02 12:47:00,2011-12-01 09:16:00,11,3105,3542.51,13.572835249042146,122,363
15545,United Kingdom,2010-12-03 17:28:00,2011-10-16 13:24:00,2,162,288.96999999999997,3.612125,78,316
15547,United Kingdom,2010-12-12 13:26:00,2011-12-02 12:52:00,14,3999,4910.6,7.065611510791367,441,354
15549,United Kingdom,2011-01-27 15:38:00,2011-09-23 16:22:00,4,684,1643.96,14.295304347826088,104,239
15550,United Kingdom,2011-02-11 12:49:00,2011-12-05 15:38:00,4,295,575.63,9.43655737704918,43,297
15551,United Kingdom,2011-11-03 12:37:00,2011-11-03 12:37:00,1,218,436.06,15.036551724137931,29,0
15552,United Kingdom,2011-05-06 14:47:00,2011-05-06 14:47:00,1,60,90.12,5.301176470588236,17,0
15553,United Kingdom,2011-10-10 14:02:00,2011-10-10 14:02:00,1,449,428.93,7.798727272727273,51,0
15554,United Kingdom,2011-03-07 09:00:00,2011-03-07 09:00:00,1,74,217.2,15.514285714285714,14,0
15555,United Kingdom,2010-12-05 14:45:00,2011-11-27 16:19:00,20,4398,4747.89,5.200317634173056,404,357
15556,United Kingdom,2011-11-15 16:08:00,2011-11-15 16:08:00,1,236,279.77,9.024838709677418,31,0
15557,United Kingdom,2011-11-11 12:46:00,2011-11-11 12:46:00,1,213,468.91,24.679473684210528,16,0
15561,United Kingdom,2011-05-08 11:38:00,2011-11-28 11:07:00,5,256,722.74,23.3141935483871,27,203
15562,United Kingdom,2010-12-23 09:55:00,2010-12-23 09:55:00,1,39,134.55,134.55,1,0
15563,United Kingdom,2010-12-16 11:27:00,2011-12-01 09:36:00,7,1460,1319.69,11.27940170940171,88,349
15565,United Kingdom,2011-09-30 10:44:00,2011-10-20 14:33:00,2,60,173.16,21.645,8,20
15567,United Kingdom,2011-11-21 10:48:00,2011-11-21 10:48:00,1,223,186.01,26.572857142857142,7,0
15568,United Kingdom,2011-09-27 14:37:00,2011-12-07 11:27:00,3,461,758.29,14.307358490566036,27,70
15569,United Kingdom,2011-01-11 13:26:00,2011-08-28 10:15:00,5,666,1375.71,44.377741935483876,27,228
15570,United Kingdom,2010-12-05 12:57:00,2011-12-02 14:47:00,13,2054,4093.27,12.556042944785275,232,362
15571,United Kingdom,2011-09-22 13:15:00,2011-11-28 10:02:00,4,264,650.4300000000001,11.411052631578949,47,66
15572,United Kingdom,2011-03-06 14:44:00,2011-12-05 10:09:00,7,1213,2533.42,11.950094339622641,166,273
15573,United Kingdom,2011-09-15 12:16:00,2011-11-08 11:38:00,2,355,591.1899999999999,6.094742268041236,88,53
15574,United Kingdom,2010-12-02 15:46:00,2011-06-15 12:01:00,4,332,675.64,4.445,131,194
15576,United Kingdom,2011-11-02 12:03:00,2011-11-02 12:03:00,1,394,921.37,21.427209302325583,43,0
15577,United Kingdom,2011-02-07 13:32:00,2011-07-11 17:03:00,3,89,258.88,6.637948717948718,39,154
15578,United Kingdom,2011-06-30 13:03:00,2011-06-30 13:03:00,1,52,127.1,9.776923076923076,13,0
15579,United Kingdom,2011-01-30 12:09:00,2011-10-02 12:45:00,2,117,327.6,6.825,45,245
15581,United Kingdom,2010-12-08 14:38:00,2011-08-11 09:38:00,14,282,3425.77,23.30455782312925,134,245
15582,United Kingdom,2011-05-03 13:36:00,2011-11-15 09:55:00,3,453,682.9100000000001,15.52068181818182,39,195
15584,United Kingdom,2011-06-30 16:39:00,2011-11-16 10:55:00,5,311,718.36,5.793225806451613,89,138
15585,United Kingdom,2011-06-16 08:38:00,2011-06-16 08:38:00,1,320,455.3,14.687096774193549,31,0
15587,United Kingdom,2010-12-23 09:59:00,2011-10-20 13:37:00,4,312,913.6800000000001,101.52000000000001,3,301
15589,United Kingdom,2011-02-02 10:46:00,2011-04-01 11:22:00,4,242,456.58,15.219333333333333,28,58
15590,United Kingdom,2011-02-23 16:36:00,2011-02-23 16:36:00,1,-1,-30.19,-30.19,1,0
15592,United Kingdom,2011-10-24 08:59:00,2011-10-24 08:59:00,1,354,388.58,16.190833333333334,24,0
15593,United Kingdom,2011-09-30 11:46:00,2011-09-30 11:46:00,1,60,199.8,39.96,5,0
15594,United Kingdom,2011-04-19 10:08:00,2011-11-24 08:53:00,6,982,1767.53,16.99548076923077,85,218
15596,United Kingdom,2010-12-09 16:10:00,2011-08-31 10:55:00,9,548,1343.34,15.992142857142856,51,264
15597,United Kingdom,2011-11-04 13:26:00,2011-11-10 11:46:00,2,276,315.71999999999997,13.72695652173913,22,5
15598,United Kingdom,2011-10-17 16:04:00,2011-11-04 13:14:00,3,156,235.68,14.73,14,17
15599,United Kingdom,2011-05-19 13:05:00,2011-11-13 11:44:00,2,718,761.74,14.648846153846154,50,177
15601,United Kingdom,2010-12-02 10:39:00,2011-11-28 15:15:00,17,4978,6745.36,16.293140096618355,230,361
15602,United Kingdom,2010-12-06 15:35:00,2011-12-01 14:14:00,15,997,1083.63,20.445849056603777,31,359
15603,United Kingdom,2011-09-22 10:04:00,2011-09-22 10:04:00,1,96,48.480000000000004,24.240000000000002,2,0
15604,United Kingdom,2011-10-18 14:47:00,2011-10-18 14:47:00,1,159,216.39,12.728823529411764,17,0
15605,United Kingdom,2010-12-01 13:38:00,2011-11-03 14:17:00,5,441,1198.23,17.88402985074627,61,337
15606,United Kingdom,2011-01-19 12:07:00,2011-10-13 13:32:00,11,720,2422.64,26.62241758241758,51,267
15607,United Kingdom,2011-01-07 12:44:00,2011-01-07 12:44:00,1,202,104.76,8.05846153846154,13,0
15608,United Kingdom,2011-08-11 09:56:00,2011-11-11 13:20:00,4,714,1093.68,18.228,59,92
15609,United Kingdom,2011-06-08 13:00:00,2011-06-10 09:55:00,2,145,270.03000000000003,15.001666666666669,16,1
15610,United Kingdom,2011-10-19 10:36:00,2011-10-19 10:36:00,1,66,112.46000000000001,18.743333333333336,6,0
15611,United Kingdom,2011-01-09 11:32:00,2011-11-30 12:36:00,15,498,1568.39,34.85311111111111,23,325
15612,United Kingdom,2011-10-09 12:49:00,2011-11-03 14:52:00,2,52,195.15,32.525,4,25
15615,United Kingdom,2010-12-15 16:21:00,2011-11-29 14:42:00,27,5493,10360.04,24.14927738927739,185,348
15618,United Kingdom,2011-07-26 10:13:00,2011-11-07 08:34:00,5,428,747.031,15.245530612244897,39,103
15619,United Kingdom,2011-11-29 08:14:00,2011-11-29 08:14:00,1,136,336.40000000000003,112.13333333333334,3,0
15620,United Kingdom,2010-12-16 14:34:00,2011-10-20 19:17:00,6,899,1524.4,14.657692307692308,92,308
15621,United Kingdom,2011-11-18 11:49:00,2011-12-05 14:01:00,6,463,1158.77,64.37611111111111,11,17
15622,United Kingdom,2011-03-02 13:42:00,2011-12-06 14:57:00,16,1552,3224.53,15.067897196261683,169,279
15623,United Kingdom,2011-07-21 17:26:00,2011-07-21 17:26:00,1,125,301.03,15.843684210526314,19,0
15624,United Kingdom,2011-03-28 13:32:00,2011-08-15 11:38:00,4,357,588.13,17.297941176470587,26,139
15625,United Kingdom,2011-04-18 14:01:00,2011-08-31 16:13:00,8,1166,1504.56,22.125882352941176,44,135
15626,United Kingdom,2011-01-14 10:10:00,2011-09-26 10:03:00,2,766,675.8,13.791836734693877,49,254
15628,United Kingdom,2010-12-08 09:51:00,2011-12-05 10:24:00,10,1882,2865.64,18.25248407643312,85,362
15630,United Kingdom,2011-05-19 10:16:00,2011-10-25 15:36:00,3,799,1180.4,19.35081967213115,57,159
15632,United Kingdom,2011-03-10 08:29:00,2011-11-24 09:51:00,10,2049,3147.31,17.78141242937853,107,259
15634,United Kingdom,2011-11-22 16:28:00,2011-11-22 16:28:00,1,99,243.55,16.236666666666668,15,0
15636,United Kingdom,2011-03-02 14:50:00,2011-09-11 11:17:00,2,284,724.76,28.9904,20,192
15637,United Kingdom,2011-10-18 08:28:00,2011-10-18 08:28:00,1,128,223.36,14.890666666666668,15,0
15638,United Kingdom,2011-02-11 15:12:00,2011-02-11 15:12:00,1,-52,-94.0,-47.0,2,0
15639,United Kingdom,2011-07-28 14:30:00,2011-07-28 14:30:00,1,323,425.32,17.0128,25,0
15640,United Kingdom,2010-12-02 15:40:00,2011-12-05 14:35:00,17,6538,12336.74,25.38423868312757,241,367
15641,United Kingdom,2010-12-15 14:45:00,2011-08-26 14:04:00,4,1562,1887.2,15.858823529411765,102,253
15643,United Kingdom,2011-03-02 14:34:00,2011-06-13 17:19:00,6,242,647.4,17.983333333333334,31,103
15644,United Kingdom,2011-03-23 15:37:00,2011-06-26 14:54:00,4,550,803.54,3.4635344827586207,166,94
15645,United Kingdom,2011-11-21 11:55:00,2011-11-21 11:55:00,1,256,612.01,11.769423076923077,50,0
15646,United Kingdom,2010-12-02 16:59:00,2011-07-05 09:53:00,4,388,425.14000000000004,11.809444444444445,35,214
15648,United Kingdom,2011-03-17 18:59:00,2011-05-19 15:53:00,4,210,582.0500000000001,21.55740740740741,24,62
15649,United Kingdom,2010-12-07 10:06:00,2011-01-07 13:34:00,2,192,816.0,408.0,1,31
15651,United Kingdom,2011-03-24 08:56:00,2011-11-03 08:41:00,3,479,646.3,20.196875,27,223
15652,United Kingdom,2011-09-09 14:22:00,2011-09-09 14:22:00,1,208,337.74,16.082857142857144,21,0
15653,United Kingdom,2011-08-16 09:50:00,2011-09-08 10:49:00,2,1200,877.4399999999999,146.23999999999998,4,23
15654,United Kingdom,2011-11-13 15:15:00,2011-11-30 13:08:00,2,475,922.53,43.93,15,16
15655,United Kingdom,2011-04-10 15:25:00,2011-04-20 16:28:00,2,319,511.32,13.819459459459459,34,10
15656,United Kingdom,2011-02-28 15:32:00,2011-10-25 14:56:00,4,343,748.5,15.925531914893616,46,238
15657,United Kingdom,2011-11-17 12:19:00,2011-11-17 12:19:00,1,24,30.0,30.0,1,0
15658,United Kingdom,2010-12-02 10:53:00,2011-06-02 15:22:00,8,232,958.9,17.123214285714287,40,182
15659,United Kingdom,2011-10-27 09:23:00,2011-10-27 09:23:00,1,111,306.45,27.85909090909091,11,0
15660,United Kingdom,2010-12-09 09:49:00,2011-11-14 16:58:00,12,1037,1552.01,16.510744680851065,55,340
15661,United Kingdom,2011-01-05 12:32:00,2011-01-26 13:56:00,2,236,309.8,61.96,4,21
15663,United Kingdom,2011-08-25 15:50:00,2011-08-25 15:50:00,1,106,138.14,15.348888888888887,9,0
15664,United Kingdom,2010-12-15 17:05:00,2011-10-20 10:57:00,2,141,358.63,18.875263157894736,19,308
15665,United Kingdom,2011-04-10 15:09:00,2011-06-24 14:57:00,2,1654,2222.21,19.323565217391305,92,74
15667,United Kingdom,2011-10-31 10:56:00,2011-10-31 10:56:00,1,240,301.32,23.178461538461537,13,0
15668,United Kingdom,2011-05-06 10:39:00,2011-05-06 10:39:00,1,72,76.32000000000001,76.32000000000001,1,0
15669,United Kingdom,2011-03-21 09:13:00,2011-10-30 16:03:00,5,339,677.69,19.36257142857143,31,223
15670,United Kingdom,2011-02-16 10:50:00,2011-02-16 10:50:00,1,91,173.05,14.420833333333334,12,0
15671,United Kingdom,2011-03-14 09:37:00,2011-11-21 12:43:00,10,1681,2635.4900000000002,32.53691358024692,52,252
15673,United Kingdom,2011-01-16 16:25:00,2011-09-12 16:12:00,4,1451,2726.23,19.755289855072466,107,238
15674,United Kingdom,2011-03-30 09:19:00,2011-09-27 15:17:00,8,1075,1744.02,12.918666666666667,88,181
15675,United Kingdom,2011-03-04 14:21:00,2011-09-19 13:48:00,3,527,323.69,15.413809523809524,20,198
15676,United Kingdom,2011-03-01 10:19:00,2011-11-30 17:39:00,5,2231,3324.09,15.389305555555556,191,274
15677,United Kingdom,2011-10-21 15:36:00,2011-10-21 15:36:00,1,319,657.23,19.916060606060608,33,0
15678,United Kingdom,2011-10-18 09:25:00,2011-10-18 09:25:00,1,184,352.7,29.391666666666666,12,0
15679,United Kingdom,2011-06-10 08:24:00,2011-11-15 16:19:00,4,1170,781.28,7.102545454545455,98,158
15680,United Kingdom,2010-12-08 14:43:00,2011-11-30 13:46:00,3,952,1333.68,17.09846153846154,61,356
15681,United Kingdom,2011-03-04 13:46:00,2011-11-21 13:25:00,6,556,946.36,14.124776119402986,32,261
15683,United Kingdom,2011-08-14 12:56:00,2011-08-14 12:56:00,1,131,193.75,19.375,10,0
15687,United Kingdom,2011-01-13 15:13:00,2011-12-01 08:33:00,11,1308,2981.5,17.74702380952381,119,321
15689,United Kingdom,2010-12-13 09:57:00,2011-08-12 09:37:00,2,84,254.1,28.233333333333334,8,241
15690,United Kingdom,2011-08-31 11:40:00,2011-12-05 15:59:00,2,408,239.76,12.618947368421052,19,96
15691,United Kingdom,2011-04-01 15:13:00,2011-04-01 15:13:00,1,72,136.8,68.4,2,0
15692,United Kingdom,2011-11-11 14:12:00,2011-11-11 14:12:00,1,138,191.04,15.92,12,0
15694,United Kingdom,2010-12-02 07:49:00,2011-12-09 09:44:00,15,1665,6423.6,81.3113924050633,42,372
15695,United Kingdom,2011-03-18 08:31:00,2011-03-18 08:32:00,2,212,409.98,18.635454545454547,22,0
15696,United Kingdom,2011-01-17 11:24:00,2011-11-06 14:02:00,12,1009,2619.11,15.052356321839081,140,293
15699,United Kingdom,2011-11-22 08:26:00,2011-11-22 08:26:00,1,113,309.65,17.202777777777776,18,0
15700,United Kingdom,2011-06-19 15:36:00,2011-06-20 16:53:00,3,328,664.03,7.4610112359550556,85,1
15701,United Kingdom,2011-08-21 12:36:00,2011-12-07 14:39:00,4,912,1529.0,6.647826086956521,193,108
15703,United Kingdom,2011-03-20 10:51:00,2011-03-20 10:51:00,1,66,211.5,42.3,5,0
15704,United Kingdom,2011-05-08 12:42:00,2011-07-22 13:35:00,4,1028,2293.62,19.603589743589744,79,75
15705,United Kingdom,2011-05-22 15:37:00,2011-05-22 15:37:00,1,62,143.1,23.849999999999998,6,0
15706,United Kingdom,2011-08-15 14:32:00,2011-10-11 10:14:00,7,305,1001.8100000000001,16.979830508474578,50,56
15707,United Kingdom,2011-09-14 14:19:00,2011-11-04 14:35:00,4,594,916.98,4.473073170731707,126,51
15708,United Kingdom,2010-12-05 10:25:00,2011-10-30 10:54:00,11,1208,3200.73,11.350106382978723,124,329
15709,United Kingdom,2011-03-01 10:38:00,2011-03-01 10:38:00,1,121,133.25,22.208333333333332,6,0
15712,United Kingdom,2011-02-25 11:32:00,2011-11-30 14:09:00,5,486,1072.3600000000001,20.233207547169815,41,278
15713,United Kingdom,2010-12-08 15:16:00,2011-07-19 13:34:00,3,149,346.75,17.3375,18,222
15714,United Kingdom,2011-09-23 11:25:00,2011-11-28 11:26:00,2,186,330.03000000000003,9.706764705882353,34,66
15716,United Kingdom,2010-12-05 12:26:00,2011-07-17 11:59:00,4,738,1101.1100000000001,9.411196581196583,101,223
15717,United Kingdom,2011-04-19 13:21:00,2011-04-19 13:21:00,1,70,150.3,21.47142857142857,7,0
15719,United Kingdom,2011-01-06 12:31:00,2011-11-07 12:29:00,14,2717,5028.42,5.395300429184549,299,304
15720,United Kingdom,2011-11-15 14:48:00,2011-11-15 14:48:00,1,281,598.73,4.677578125,128,0
15721,United Kingdom,2011-11-28 12:14:00,2011-11-28 12:14:00,1,388,471.40000000000003,5.611904761904762,80,0
15722,United Kingdom,2011-02-22 12:24:00,2011-11-04 11:43:00,6,1018,2169.86,30.998,47,254
15723,United Kingdom,2010-12-10 11:12:00,2010-12-10 11:12:00,1,73,190.7,5.018421052631578,37,0
15724,United Kingdom,2011-02-28 10:40:00,2011-05-22 14:40:00,3,72,212.3,17.691666666666666,11,83
15725,United Kingdom,2011-11-24 14:51:00,2011-11-24 14:51:00,1,221,415.25,12.9765625,32,0
15727,United Kingdom,2010-12-15 15:47:00,2011-11-23 12:36:00,7,3063,5159.06,17.139734219269105,213,342
15728,United Kingdom,2011-10-21 14:03:00,2011-10-21 14:03:00,1,-34,-134.8,-33.7,4,0
15729,United Kingdom,2011-05-11 12:36:00,2011-05-25 16:43:00,2,24,62.0,10.333333333333334,5,14
15730,United Kingdom,2011-05-17 12:43:00,2011-10-05 12:31:00,4,683,1108.38,15.183287671232879,68,140
15732,United Kingdom,2010-12-02 15:00:00,2011-05-11 14:24:00,2,215,294.12,21.00857142857143,13,159
15733,United Kingdom,2011-03-02 09:05:00,2011-03-02 09:05:00,1,62,162.3,16.23,10,0
15734,United Kingdom,2011-05-23 14:59:00,2011-08-17 10:50:00,2,346,1339.45,51.517307692307696,25,85
15737,United Kingdom,2011-04-11 10:01:00,2011-11-25 11:21:00,12,584,1121.21,14.192531645569622,60,228
15738,United Kingdom,2010-12-02 12:50:00,2011-11-21 08:26:00,19,2967,4788.77,27.208920454545456,46,353
15739,United Kingdom,2011-10-04 13:42:00,2011-10-04 13:42:00,1,472,449.12,56.14,8,0
15740,United Kingdom,2011-10-21 14:29:00,2011-10-21 14:29:00,1,152,154.88,17.20888888888889,9,0
15743,United Kingdom,2011-06-08 10:14:00,2011-11-23 17:19:00,4,214,775.96,9.022790697674418,59,168
15744,United Kingdom,2011-09-23 09:52:00,2011-09-23 09:52:00,1,120,34.8,11.6,3,0
15745,United Kingdom,2011-04-17 13:04:00,2011-12-01 11:18:00,6,412,1071.24,16.480615384615383,57,227
15746,United Kingdom,2011-07-28 15:21:00,2011-07-28 15:27:00,2,130,182.96,6.308965517241379,28,0
15747,United Kingdom,2011-06-20 11:30:00,2011-11-27 12:26:00,3,466,946.64,10.518222222222223,52,160
15748,United Kingdom,2011-10-30 12:51:00,2011-10-30 12:51:00,1,50,144.36,7.218000000000001,19,0
15749,United Kingdom,2011-01-11 12:55:00,2011-04-18 13:20:00,4,9014,21535.9,1435.7266666666667,6,97
15750,United Kingdom,2010-12-08 10:36:00,2011-12-07 12:34:00,9,1776,2448.8,8.357679180887372,214,364
15752,United Kingdom,2010-12-02 09:43:00,2011-10-31 11:37:00,8,1955,2618.15,6.448645320197045,236,333
15753,United Kingdom,2011-02-08 12:41:00,2011-02-08 12:41:00,1,144,79.2,79.2,1,0
15754,United Kingdom,2011-04-07 12:24:00,2011-10-20 11:44:00,4,197,455.67,15.712758620689655,24,195
15755,United Kingdom,2011-02-18 11:53:00,2011-12-08 18:59:00,8,1397,2318.88,15.562953020134229,127,293
15756,United Kingdom,2011-04-04 14:00:00,2011-10-09 13:30:00,4,241,528.01,2.764450261780105,160,187
15757,United Kingdom,2011-05-06 11:40:00,2011-10-05 12:14:00,2,491,714.42,15.876,43,152
15758,United Kingdom,2011-11-15 10:48:00,2011-11-15 10:48:00,1,47,205.25,22.805555555555557,9,0
15759,United Kingdom,2010-12-16 15:29:00,2011-05-05 15:13:00,3,60,253.04,36.14857142857143,5,139
15762,United Kingdom,2011-09-23 15:17:00,2011-10-05 16:15:00,2,251,583.75,15.777027027027026,37,12
15763,United Kingdom,2011-09-23 12:10:00,2011-11-08 09:44:00,3,268,1048.67,16.645555555555557,58,45
15764,United Kingdom,2011-03-08 09:23:00,2011-09-19 16:16:00,10,2036,3245.47,17.263138297872338,150,195
15766,United Kingdom,2011-10-06 17:03:00,2011-10-06 17:03:00,1,170,315.06,28.64181818181818,11,0
15768,United Kingdom,2011-04-28 09:20:00,2011-08-16 10:48:00,4,243,581.8299999999999,20.779642857142854,24,110
15769,United Kingdom,2010-12-03 15:16:00,2011-12-02 13:52:00,29,27660,51823.72,352.54231292517005,26,363
15773,United Kingdom,2011-12-04 12:48:00,2011-12-04 12:48:00,1,311,635.6800000000001,63.568000000000005,10,0
15774,United Kingdom,2011-10-02 12:04:00,2011-10-02 12:04:00,1,87,270.8,10.832,25,0
15775,United Kingdom,2011-04-08 12:56:00,2011-04-08 12:56:00,1,68,104.9,14.985714285714286,7,0
15776,United Kingdom,2011-07-29 13:46:00,2011-07-29 13:46:00,1,138,241.62,13.423333333333334,18,0
15777,United Kingdom,2010-12-13 16:38:00,2011-04-12 16:43:00,5,375,1021.61,46.43681818181818,18,120
15780,United Kingdom,2010-12-17 11:43:00,2011-06-09 12:01:00,3,220,475.28000000000003,16.38896551724138,26,174
15781,United Kingdom,2011-02-07 09:15:00,2011-11-14 14:57:00,4,178,333.56,15.883809523809523,20,280
15782,United Kingdom,2011-09-11 14:29:00,2011-11-30 10:49:00,4,863,2593.94,58.95318181818182,34,79
15783,United Kingdom,2011-11-29 09:50:00,2011-11-29 09:50:00,1,212,246.3,17.592857142857145,14,0
15785,United Kingdom,2011-02-17 14:17:00,2011-11-10 12:08:00,8,1594,2303.75,26.479885057471265,58,265
15786,United Kingdom,2011-08-17 13:33:00,2011-10-27 10:53:00,5,3307,4821.0,17.27956989247312,257,70
15787,United Kingdom,2011-10-09 13:11:00,2011-11-13 14:55:00,3,534,933.26,4.6663,156,35
15789,United Kingdom,2010-12-16 14:35:00,2010-12-16 14:35:00,1,438,351.3,14.052,25,0
15790,United Kingdom,2011-11-29 14:53:00,2011-11-29 14:53:00,1,113,218.75,6.4338235294117645,34,0
15791,United Kingdom,2011-05-19 15:15:00,2011-10-27 10:14:00,3,730,1604.44,21.111052631578946,66,160
15793,United Kingdom,2011-03-16 10:45:00,2011-11-30 15:08:00,4,552,948.96,72.99692307692308,6,259
15795,United Kingdom,2011-07-13 10:43:00,2011-07-13 10:43:00,1,581,610.01,14.524047619047618,42,0
15796,United Kingdom,2011-02-10 15:40:00,2011-12-08 19:55:00,10,858,2663.6600000000003,19.87805970149254,71,301
15797,United Kingdom,2011-01-24 15:47:00,2011-08-18 17:04:00,4,873,2207.4,275.925,8,206
15799,United Kingdom,2011-01-09 15:13:00,2011-09-25 12:46:00,3,955,884.14,9.021836734693878,94,258
15800,United Kingdom,2011-04-07 12:39:00,2011-08-24 14:23:00,2,332,696.89,5.956324786324786,116,139
15801,United Kingdom,2011-08-22 09:53:00,2011-10-24 13:52:00,4,562,1042.19,15.104202898550726,61,63
15802,United Kingdom,2011-07-20 11:23:00,2011-07-20 11:40:00,3,-1,-451.42,-150.47333333333333,1,0
15803,United Kingdom,2011-10-19 14:56:00,2011-10-19 14:56:00,1,290,415.82000000000005,51.977500000000006,8,0
15804,United Kingdom,2011-05-25 10:12:00,2011-12-09 12:31:00,19,2513,3848.55,14.097252747252748,170,198
15805,United Kingdom,2010-12-10 09:33:00,2011-11-16 16:32:00,20,3317,5411.87,17.74383606557377,220,341
15806,United Kingdom,2011-03-08 09:24:00,2011-10-24 14:35:00,3,602,784.58,25.309032258064516,24,230
15807,United Kingdom,2011-09-23 14:43:00,2011-10-20 14:10:00,3,430,903.9,18.83125,48,26
15808,United Kingdom,2010-12-05 13:05:00,2011-02-06 14:33:00,5,1303,3641.07,18.48258883248731,143,63
15809,United Kingdom,2011-02-10 11:16:00,2011-11-04 12:05:00,6,251,399.21,9.283953488372093,31,267
15810,United Kingdom,2011-02-16 09:11:00,2011-09-22 09:38:00,7,737,1145.43,10.227053571428572,66,218
15811,United Kingdom,2010-12-09 15:29:00,2011-11-22 15:29:00,9,1061,2171.32,15.621007194244605,117,348
15812,United Kingdom,2011-01-26 12:12:00,2011-08-24 14:19:00,5,922,1801.14,43.930243902439024,36,210
15813,United Kingdom,2011-04-14 09:09:00,2011-05-16 08:13:00,2,603,1303.9099999999999,32.59775,40,31
15814,United Kingdom,2011-10-20 09:04:00,2011-12-06 15:01:00,6,1247,1842.73,24.901756756756757,64,47
15815,United Kingdom,2011-03-25 08:43:00,2011-10-07 12:42:00,5,1856,2100.6,42.86938775510204,33,196
15819,United Kingdom,2011-03-08 09:45:00,2011-10-21 14:50:00,4,1357,1905.45,15.491463414634147,96,227
15820,United Kingdom,2011-01-24 12:00:00,2011-01-24 12:00:00,1,128,206.98,12.175294117647057,17,0
15821,United Kingdom,2011-10-09 13:28:00,2011-10-26 15:48:00,2,202,570.96,9.209032258064516,57,17
15822,United Kingdom,2010-12-15 13:38:00,2011-12-06 14:50:00,2,375,885.47,26.832424242424242,28,356
15823,United Kingdom,2010-12-02 15:08:00,2011-01-06 12:58:00,2,-283,-840.76,-49.45647058823529,17,34
15825,United Kingdom,2011-06-20 13:27:00,2011-06-20 13:27:00,1,220,532.94,26.647000000000002,20,0
15826,United Kingdom,2011-05-13 10:44:00,2011-10-19 13:24:00,4,962,1649.3600000000001,23.903768115942032,64,159
15827,United Kingdom,2010-12-02 13:06:00,2011-09-27 15:35:00,20,842,1641.48,12.249850746268656,73,299
15829,United Kingdom,2011-07-22 10:23:00,2011-09-01 16:45:00,2,996,636.14,12.473333333333333,44,41
15830,United Kingdom,2011-11-02 10:40:00,2011-11-10 13:35:00,2,409,547.7,13.358536585365854,39,8
15831,United Kingdom,2011-01-19 14:44:00,2011-10-12 13:14:00,4,1084,740.64,11.054328358208956,64,265
15832,United Kingdom,2011-03-30 15:29:00,2011-03-30 15:29:00,1,465,836.79,15.49611111111111,54,0
15834,United Kingdom,2010-12-02 16:45:00,2011-09-30 14:41:00,6,957,2076.3,7.6334558823529415,243,301
15835,United Kingdom,2011-01-13 10:35:00,2011-10-26 15:47:00,4,439,954.09,19.0818,47,286
15836,United Kingdom,2011-10-20 17:13:00,2011-10-25 15:37:00,2,24,117.47,9.789166666666667,10,4
15837,United Kingdom,2011-10-06 09:01:00,2011-10-06 09:01:00,1,189,391.98,16.3325,24,0
15838,United Kingdom,2010-12-02 14:23:00,2011-11-28 14:00:00,21,9007,33350.76,197.341775147929,56,360
15839,United Kingdom,2011-07-14 16:35:00,2011-11-14 13:25:00,5,670,1020.74,15.703692307692307,56,122
15840,United Kingdom,2011-06-20 11:42:00,2011-10-12 09:08:00,3,394,345.66,12.345,26,113
15841,United Kingdom,2011-01-05 11:25:00,2011-10-06 18:31:00,6,926,1209.1,24.182,36,274
15843,United Kingdom,2011-02-09 10:19:00,2011-02-09 10:19:00,1,27,118.95000000000002,14.868750000000002,8,0
15844,United Kingdom,2011-10-24 15:19:00,2011-10-24 15:19:00,1,134,130.73999999999998,11.885454545454543,11,0
15845,United Kingdom,2011-01-06 17:19:00,2011-11-22 09:42:00,10,1918,3650.87,26.077642857142855,97,319
15847,United Kingdom,2011-02-24 16:46:00,2011-11-01 14:41:00,2,449,389.27,17.694090909090907,22,249
15850,United Kingdom,2011-06-24 14:16:00,2011-11-20 14:14:00,2,298,234.88,2.525591397849462,87,148
15852,United Kingdom,2011-05-26 13:26:00,2011-06-06 11:22:00,2,48,160.71,7.305000000000001,22,10
15853,United Kingdom,2011-10-19 10:38:00,2011-10-19 10:38:00,1,135,110.8,3.6933333333333334,29,0
15854,United Kingdom,2010-12-13 11:47:00,2011-12-05 13:39:00,12,926,2969.12,21.51536231884058,105,357
15855,United Kingdom,2011-03-21 12:32:00,2011-07-26 10:20:00,5,470,712.24,8.903,59,126
15856,United Kingdom,2010-12-09 13:34:00,2011-12-05 17:09:00,31,10802,15929.74,25.04676100628931,297,361
15857,United Kingdom,2011-11-21 12:18:00,2011-11-21 12:18:00,1,308,297.0,21.214285714285715,14,0
15858,United Kingdom,2010-12-07 14:31:00,2011-11-24 12:48:00,5,1163,1427.57,7.59345744680851,145,351
15860,United Kingdom,2010-12-06 11:38:00,2011-10-30 11:25:00,8,437,965.16,6.943597122302158,105,327
15861,United Kingdom,2011-03-17 20:12:00,2011-11-27 15:59:00,9,2527,2981.92,5.5118669131238445,339,254
15862,United Kingdom,2010-12-01 11:21:00,2011-12-01 13:28:00,4,585,832.88,5.665850340136054,142,365
15863,United Kingdom,2011-05-31 11:36:00,2011-11-14 12:49:00,2,19,68.84,3.8244444444444445,18,167
15864,United Kingdom,2011-01-27 16:43:00,2011-11-17 13:32:00,8,1044,1769.7800000000002,73.74083333333334,16,293
15865,United Kingdom,2011-05-10 11:44:00,2011-10-30 12:43:00,3,368,895.13,22.37825,37,173
15866,United Kingdom,2011-08-30 14:09:00,2011-08-30 14:09:00,1,124,211.89,4.927674418604651,43,0
15867,United Kingdom,2010-12-05 14:17:00,2011-12-04 13:37:00,16,2050,3795.29,8.232733188720173,302,363
15869,United Kingdom,2011-03-07 17:19:00,2011-03-07 17:23:00,2,175,149.64,9.975999999999999,13,0
15870,United Kingdom,2011-11-07 10:58:00,2011-11-07 10:58:00,1,333,351.44,4.749189189189189,68,0
15872,United Kingdom,2011-11-25 11:54:00,2011-11-25 11:55:00,2,187,316.25,2.928240740740741,101,0
15874,United Kingdom,2011-02-28 13:28:00,2011-10-07 12:58:00,9,2506,4330.67,31.6107299270073,123,220
15877,United Kingdom,2011-11-22 11:18:00,2011-12-08 11:57:00,3,243,437.83,3.420546875,122,16
15880,United Kingdom,2010-12-05 13:00:00,2010-12-05 13:09:00,2,178,299.03,3.082783505154639,95,0
15881,United Kingdom,2010-12-10 13:32:00,2011-01-31 16:59:00,8,199,438.24,13.695,26,52
15882,United Kingdom,2010-12-06 13:01:00,2011-05-25 11:35:00,5,266,495.36,20.64,23,169
15883,United Kingdom,2011-11-06 14:50:00,2011-12-07 17:05:00,2,223,396.48,8.091428571428573,42,31
15885,United Kingdom,2011-02-03 15:28:00,2011-09-08 10:43:00,3,111,379.35,21.075000000000003,18,216
15886,United Kingdom,2011-10-10 14:25:00,2011-10-10 14:25:00,1,147,181.09,15.090833333333334,12,0
15888,United Kingdom,2011-09-20 12:30:00,2011-09-21 09:44:00,2,60,141.27,10.090714285714286,11,0
15889,United Kingdom,2010-12-05 15:12:00,2011-07-06 11:10:00,2,206,420.07,4.942,79,212
15891,United Kingdom,2011-04-27 12:35:00,2011-04-27 12:35:00,1,418,511.68,8.528,60,0
15894,United Kingdom,2010-12-05 14:06:00,2011-03-31 13:50:00,2,164,258.25,6.97972972972973,35,115
15895,United Kingdom,2011-07-13 10:27:00,2011-07-13 10:27:00,1,94,179.17,16.288181818181815,11,0
15897,United Kingdom,2011-05-29 13:32:00,2011-05-29 13:50:00,2,223,208.59,9.481363636363637,17,0
15898,United Kingdom,2010-12-06 11:01:00,2011-12-08 15:23:00,6,565,1379.63,16.23094117647059,70,367
15899,United Kingdom,2010-12-06 10:36:00,2010-12-06 10:36:00,1,39,56.25,14.0625,4,0
15900,United Kingdom,2011-11-16 12:19:00,2011-11-16 12:19:00,1,216,337.28,7.176170212765957,44,0
15901,United Kingdom,2011-07-08 12:18:00,2011-11-23 12:43:00,3,379,351.73,3.168738738738739,102,138
15903,United Kingdom,2011-02-17 14:04:00,2011-11-30 08:08:00,8,2409,5126.34,68.3512,46,285
15904,United Kingdom,2011-12-01 14:50:00,2011-12-01 14:50:00,1,84,164.68,5.489333333333334,30,0
15906,United Kingdom,2011-03-29 13:18:00,2011-11-20 12:24:00,8,538,1521.79,10.078079470198675,114,235
15907,United Kingdom,2011-05-13 13:01:00,2011-12-06 12:21:00,3,478,882.72,3.905840707964602,175,206
15909,United Kingdom,2011-06-19 10:38:00,2011-06-19 10:38:00,1,98,191.94,27.419999999999998,7,0
15910,United Kingdom,2011-01-27 11:55:00,2011-12-09 10:51:00,8,1013,1228.88,4.6198496240601505,215,315
15912,United Kingdom,2011-04-20 17:10:00,2011-06-14 14:29:00,2,185,264.62,13.927368421052632,19,54
15916,United Kingdom,2010-12-08 12:49:00,2011-11-23 13:46:00,10,747,1466.01,9.397499999999999,125,350
15917,United Kingdom,2011-04-06 10:40:00,2011-04-06 10:40:00,1,42,123.1,10.258333333333333,12,0
15918,United Kingdom,2011-03-13 15:55:00,2011-06-02 11:42:00,2,153,334.23,8.35575,33,80
15919,United Kingdom,2010-12-06 11:26:00,2011-11-20 11:28:00,2,385,525.69,4.308934426229508,103,349
15920,United Kingdom,2011-07-08 15:16:00,2011-07-08 15:31:00,4,99,167.5,2.7916666666666665,53,0
15921,United Kingdom,2011-06-20 11:03:00,2011-06-20 11:03:00,1,162,323.03000000000003,13.459583333333335,24,0
15922,United Kingdom,2010-12-01 13:51:00,2010-12-02 13:05:00,2,136,363.6,30.3,11,0
15923,United Kingdom,2010-12-02 12:16:00,2010-12-02 12:16:00,1,122,127.08,6.051428571428572,21,0
15925,United Kingdom,2011-05-29 15:35:00,2011-05-29 15:35:00,1,93,207.15,17.2625,12,0
15930,United Kingdom,2011-10-03 14:52:00,2011-10-03 14:52:00,1,139,426.63,20.315714285714286,21,0
15932,United Kingdom,2011-02-23 14:50:00,2011-12-05 17:13:00,11,2311,2461.85,20.68781512605042,93,285
15933,United Kingdom,2011-09-14 12:05:00,2011-11-18 13:14:00,3,885,1107.46,14.965675675675676,63,65
15935,United Kingdom,2011-04-12 09:35:00,2011-04-14 13:27:00,2,115,416.86,34.73833333333334,12,2
15937,United Kingdom,2011-10-06 15:48:00,2011-10-06 15:48:00,1,73,145.35,20.764285714285712,7,0
15938,United Kingdom,2011-01-20 10:11:00,2011-08-19 12:56:00,5,240,404.58,22.476666666666667,13,211
15939,United Kingdom,2011-01-12 12:43:00,2011-09-11 11:30:00,16,4725,6102.26,79.25012987012987,28,241
15940,United Kingdom,2011-02-01 16:18:00,2011-02-01 16:21:00,2,3,31.799999999999997,15.899999999999999,2,0
15942,United Kingdom,2011-07-29 09:01:00,2011-07-29 09:01:00,1,232,337.44,24.102857142857143,14,0
15944,United Kingdom,2011-03-08 10:33:00,2011-03-08 10:33:00,1,50,325.1,54.18333333333334,6,0
15945,United Kingdom,2010-12-09 13:14:00,2010-12-09 13:14:00,1,52,181.0,90.5,2,0
15947,United Kingdom,2011-09-18 10:46:00,2011-09-18 10:46:00,1,898,1708.24,58.9048275862069,29,0
15948,United Kingdom,2011-10-27 08:35:00,2011-12-01 15:32:00,2,567,955.24,15.920666666666667,51,35
15949,United Kingdom,2011-09-29 17:34:00,2011-11-23 09:09:00,2,284,364.72,19.19578947368421,12,54
15950,United Kingdom,2010-12-15 11:56:00,2011-12-08 10:34:00,5,712,1684.46,16.514313725490197,86,357
15951,United Kingdom,2011-02-27 11:57:00,2011-12-08 18:57:00,3,306,669.57,15.57139534883721,36,284
15952,United Kingdom,2011-04-28 12:55:00,2011-11-06 11:18:00,4,391,781.91,9.30845238095238,65,191
15953,United Kingdom,2010-12-05 15:15:00,2011-11-24 15:32:00,10,884,1632.4299999999998,16.00421568627451,65,354
15955,United Kingdom,2010-12-02 11:22:00,2011-11-15 14:15:00,16,2124,4389.81,23.728702702702705,137,348
15957,United Kingdom,2011-11-08 12:14:00,2011-11-08 12:14:00,1,211,428.89,10.211666666666666,40,0
15958,United Kingdom,2011-09-26 13:41:00,2011-09-26 13:41:00,1,33,104.35,14.907142857142857,7,0
15963,United Kingdom,2011-10-25 13:05:00,2011-11-20 11:33:00,2,298,470.76,16.812857142857144,26,25
15965,United Kingdom,2010-12-07 13:18:00,2011-11-22 16:44:00,4,434,808.87,7.287117117117117,88,350
15967,United Kingdom,2011-01-25 11:57:00,2011-11-16 15:41:00,2,205,397.68,4.971,73,295
15969,United Kingdom,2011-06-07 12:19:00,2011-12-07 11:06:00,4,120,582.9,27.757142857142856,20,182
15970,United Kingdom,2011-02-09 12:08:00,2011-02-09 12:08:00,1,116,314.1,28.55454545454546,11,0
15971,United Kingdom,2011-02-01 16:47:00,2011-11-22 12:50:00,12,1717,4199.85,119.9957142857143,10,293
15973,United Kingdom,2010-12-08 11:42:00,2011-04-18 09:39:00,3,87,99.77000000000002,16.628333333333337,4,130
15974,United Kingdom,2011-02-24 10:10:00,2011-10-31 13:13:00,8,2256,3429.55,19.375988700564974,141,249
15975,United Kingdom,2011-09-16 13:33:00,2011-09-16 13:33:00,1,243,371.01,15.45875,24,0
15976,United Kingdom,2011-05-03 17:12:00,2011-06-27 13:00:00,2,275,427.64,4.454583333333333,83,54
15977,United Kingdom,2011-10-31 16:24:00,2011-11-22 13:29:00,2,1016,1054.73,16.226615384615386,48,21
15978,United Kingdom,2011-09-23 15:21:00,2011-09-23 15:21:00,1,888,1098.78,22.42408163265306,49,0
15980,United Kingdom,2011-03-30 15:05:00,2011-09-12 09:41:00,3,1560,2398.86,55.78744186046512,40,165
15981,United Kingdom,2011-02-01 13:50:00,2011-11-15 08:00:00,8,1866,3408.48,35.13896907216495,53,286
15983,United Kingdom,2010-12-01 12:15:00,2011-11-17 17:34:00,4,886,1465.12,13.081428571428571,82,351
15984,United Kingdom,2010-12-06 13:21:00,2011-12-07 12:16:00,11,1805,2759.93,10.49403041825095,217,365
15985,United Kingdom,2011-04-17 11:04:00,2011-08-08 16:31:00,3,836,1037.42,27.300526315789476,29,113
15986,United Kingdom,2011-11-09 15:17:00,2011-11-09 15:17:00,1,268,168.12,12.008571428571429,14,0
15987,United Kingdom,2010-12-06 08:34:00,2011-11-27 15:38:00,7,1533,1432.77,11.193515625,110,356
15988,United Kingdom,2011-11-20 13:23:00,2011-11-20 13:23:00,1,180,156.78,6.03,26,0
15990,United Kingdom,2011-02-25 15:35:00,2011-10-26 15:58:00,2,443,792.11,15.232884615384616,52,243
15992,United Kingdom,2011-12-06 11:00:00,2011-12-06 11:00:00,1,17,41.989999999999995,13.996666666666664,3,0
15993,United Kingdom,2011-10-26 16:21:00,2011-12-01 10:45:00,10,2028,2736.92,4.967186932849365,336,35
15994,United Kingdom,2011-10-16 12:28:00,2011-10-16 12:28:00,1,173,414.27,12.9459375,31,0
15996,United Kingdom,2010-12-08 15:59:00,2011-09-12 15:14:00,7,378,1016.6800000000001,7.9428125000000005,103,277
15998,United Kingdom,2010-12-12 13:32:00,2011-11-03 12:45:00,6,2028,3074.42,6.0639447731755425,373,325
16000,United Kingdom,2011-12-07 12:14:00,2011-12-07 12:17:00,3,5110,12393.7,1377.0777777777778,9,0
16003,United Kingdom,2010-12-15 12:09:00,2011-11-10 09:57:00,5,1185,2735.37,26.556990291262135,82,329
16005,United Kingdom,2011-03-14 11:46:00,2011-11-27 13:47:00,4,280,578.71,2.8791542288557217,173,258
16006,United Kingdom,2011-05-12 13:12:00,2011-05-12 13:12:00,1,84,101.4,12.675,8,0
16007,United Kingdom,2011-05-08 13:32:00,2011-10-23 11:05:00,4,1388,1693.81,4.445695538057743,221,167
16008,United Kingdom,2011-05-19 10:54:00,2011-11-16 10:32:00,3,323,478.78,14.508484848484848,29,180
16009,United Kingdom,2011-07-03 11:26:00,2011-11-17 16:51:00,4,366,972.11,11.855,68,137
16010,United Kingdom,2010-12-12 12:18:00,2011-04-08 10:14:00,3,202,392.4,4.9670886075949365,62,116
16011,United Kingdom,2010-12-08 16:34:00,2011-12-01 16:31:00,16,2035,3352.96,15.966476190476191,99,357
16012,United Kingdom,2011-07-07 18:02:00,2011-11-04 13:25:00,3,799,1415.29,15.05627659574468,87,119
16013,United Kingdom,2010-12-03 13:09:00,2011-12-06 10:36:00,54,13845,33366.25,220.9685430463576,34,367
16014,United Kingdom,2011-02-21 17:42:00,2011-11-04 11:23:00,4,254,637.58,4.521843971631206,123,255
16015,United Kingdom,2011-10-21 12:56:00,2011-12-06 10:58:00,4,904,689.6999999999999,3.768852459016393,146,45
16016,United Kingdom,2010-12-08 12:36:00,2011-12-06 14:35:00,10,600,1440.06,6.371946902654867,156,363
16017,United Kingdom,2011-10-23 12:56:00,2011-10-23 12:56:00,1,102,211.88,6.62125,26,0
16018,United Kingdom,2011-06-12 13:52:00,2011-10-31 14:13:00,2,190,408.90000000000003,14.60357142857143,26,141
16019,United Kingdom,2010-12-10 12:29:00,2011-12-08 10:06:00,10,1649,3450.2400000000002,20.910545454545456,133,362
16020,United Kingdom,2011-10-05 13:54:00,2011-11-23 11:18:00,3,487,851.01,18.500217391304346,42,48
16022,United Kingdom,2011-03-24 13:16:00,2011-03-24 13:16:00,1,255,602.63,8.48774647887324,68,0
16023,United Kingdom,2011-03-18 13:32:00,2011-10-24 16:34:00,3,358,719.81,7.126831683168317,90,220
16024,United Kingdom,2011-11-27 13:26:00,2011-11-27 13:26:00,1,397,251.03,3.9846031746031745,61,0
16025,United Kingdom,2011-11-10 11:45:00,2011-11-10 11:45:00,1,338,439.65999999999997,15.702142857142857,28,0
16026,United Kingdom,2011-10-27 13:53:00,2011-10-27 13:53:00,1,243,236.09,7.3778125,30,0
16027,United Kingdom,2011-02-10 12:19:00,2011-09-09 10:47:00,7,1146,852.12,50.12470588235294,12,210
16029,United Kingdom,2010-12-01 09:57:00,2011-11-01 10:27:00,76,33632,53168.69,196.92107407407408,46,335
16030,United Kingdom,2011-02-03 11:28:00,2011-02-03 11:28:00,1,283,331.24,11.422068965517242,28,0
16031,United Kingdom,2011-04-06 14:23:00,2011-09-08 13:07:00,2,421,547.9,5.590816326530612,91,154
16033,United Kingdom,2010-12-05 10:36:00,2011-12-04 12:44:00,27,3506,8690.03,7.602825896762905,539,364
16034,United Kingdom,2011-01-11 11:54:00,2011-05-27 16:17:00,3,242,437.7,19.895454545454545,18,136
16036,United Kingdom,2011-03-21 13:01:00,2011-09-13 14:53:00,2,716,758.92,13.798545454545454,55,176
16037,United Kingdom,2010-12-16 10:18:00,2011-03-15 09:13:00,3,428,855.02,21.923589743589744,37,88
16038,United Kingdom,2011-05-22 11:29:00,2011-12-02 12:40:00,4,241,454.33000000000004,16.22607142857143,24,194
16040,United Kingdom,2011-03-16 09:58:00,2011-10-05 13:47:00,3,684,1313.55,20.20846153846154,57,203
16041,United Kingdom,2011-07-21 16:27:00,2011-11-09 12:25:00,3,1584,3166.4,527.7333333333333,6,110
16042,United Kingdom,2010-12-02 12:50:00,2011-11-17 17:50:00,7,733,1127.57,15.237432432432431,68,350
16043,United Kingdom,2011-01-26 11:14:00,2011-11-02 12:50:00,4,503,773.99,19.845897435897434,30,280
16045,United Kingdom,2011-02-22 14:55:00,2011-08-12 12:41:00,4,897,1340.7,16.15301204819277,71,170
16048,United Kingdom,2010-12-01 15:27:00,2011-09-15 10:12:00,3,143,243.69000000000003,27.076666666666668,9,287
16049,United Kingdom,2011-09-25 14:33:00,2011-10-30 13:19:00,3,763,1074.81,3.5946822742474915,248,34
16050,United Kingdom,2011-06-19 11:44:00,2011-06-19 11:44:00,1,278,137.9,13.790000000000001,10,0
16052,United Kingdom,2011-10-16 15:13:00,2011-10-16 15:13:00,1,282,362.06,10.648823529411764,34,0
16053,United Kingdom,2011-08-09 14:57:00,2011-11-07 11:21:00,2,1793,1511.95,17.999404761904763,81,89
16054,United Kingdom,2011-07-17 13:08:00,2011-07-17 13:08:00,1,380,783.9,11.198571428571428,70,0
16055,United Kingdom,2011-05-03 09:26:00,2011-05-03 09:26:00,1,22,134.8,16.85,8,0
16056,United Kingdom,2011-10-25 15:19:00,2011-10-25 15:19:00,1,345,650.75,9.859848484848484,66,0
16057,United Kingdom,2011-02-28 10:35:00,2011-12-05 16:36:00,10,833,2140.2200000000003,15.971791044776122,109,280
16059,United Kingdom,2010-12-07 10:36:00,2011-10-05 09:56:00,6,641,1453.16,8.163820224719101,126,301
16061,United Kingdom,2011-03-15 14:41:00,2011-03-15 14:41:00,1,-1,-29.95,-29.95,1,0
16062,United Kingdom,2010-12-10 12:00:00,2011-11-30 12:15:00,4,800,1153.62,18.0253125,50,355
16063,United Kingdom,2011-03-24 14:55:00,2011-03-24 14:56:00,1,262,335.32,14.57913043478261,23,0
16065,United Kingdom,2010-12-09 13:03:00,2010-12-09 13:03:00,1,228,367.14,5.02931506849315,71,0
16066,United Kingdom,2011-08-07 14:33:00,2011-11-23 11:54:00,5,935,1521.04,15.059801980198019,77,107
16070,United Kingdom,2011-11-07 16:36:00,2011-11-17 15:50:00,2,457,852.15,25.82272727272727,32,9
16071,United Kingdom,2011-10-26 11:14:00,2011-10-26 11:14:00,1,180,326.24,15.535238095238096,21,0
16072,United Kingdom,2011-02-24 14:32:00,2011-02-24 14:32:00,1,140,584.3199999999999,25.405217391304344,23,0
16073,United Kingdom,2011-02-15 15:41:00,2011-02-21 12:33:00,2,37,94.35,47.175,1,5
16076,United Kingdom,2011-05-15 12:31:00,2011-12-06 14:59:00,11,1363,2173.53,16.591832061068704,71,205
16078,United Kingdom,2011-03-01 09:47:00,2011-03-01 09:47:00,1,16,79.2,79.2,1,0
16079,United Kingdom,2011-10-30 13:06:00,2011-11-23 12:48:00,3,864,1352.0,64.38095238095238,18,23
16080,United Kingdom,2011-03-10 14:44:00,2011-09-19 10:42:00,3,104,176.6,16.054545454545455,10,192
16081,United Kingdom,2010-12-08 11:16:00,2011-10-14 13:06:00,5,1473,2799.42,12.553452914798207,175,310
16083,United Kingdom,2010-12-14 11:51:00,2011-08-31 10:47:00,2,908,1317.62,42.50387096774193,31,259
16084,United Kingdom,2011-02-13 16:05:00,2011-02-13 16:05:00,1,216,436.18,11.47842105263158,38,0
16085,United Kingdom,2011-01-23 12:07:00,2011-11-16 13:24:00,5,636,981.51,5.877305389221557,123,297
16086,United Kingdom,2010-12-07 13:45:00,2011-10-11 13:09:00,6,510,1119.31,27.98275,24,307
16091,United Kingdom,2011-05-25 09:18:00,2011-07-08 08:45:00,2,154,315.06,17.503333333333334,16,43
16092,United Kingdom,2011-03-30 15:38:00,2011-09-02 11:46:00,5,602,779.36,14.704905660377358,37,155
16093,United Kingdom,2011-08-25 11:09:00,2011-08-25 11:09:00,1,20,17.0,17.0,1,0
16094,United Kingdom,2011-01-06 17:36:00,2011-11-28 12:45:00,6,633,1041.83,15.549701492537313,48,325
16096,United Kingdom,2011-03-20 13:38:00,2011-03-20 13:38:00,1,155,320.62,26.718333333333334,12,0
16097,United Kingdom,2011-04-13 13:47:00,2011-04-13 13:47:00,1,87,185.04999999999998,18.505,10,0
16098,United Kingdom,2010-12-01 09:45:00,2011-09-13 09:59:00,7,613,2005.63,29.934776119402986,34,286
16099,United Kingdom,2011-04-28 08:34:00,2011-10-20 13:13:00,3,434,731.9,18.766666666666666,29,175
16101,United Kingdom,2011-09-30 10:18:00,2011-11-30 16:54:00,3,738,1245.96,15.01156626506024,76,61
16102,United Kingdom,2011-08-03 12:50:00,2011-10-28 13:19:00,3,942,1842.14,32.31824561403509,41,86
16103,United Kingdom,2011-04-20 12:28:00,2011-12-02 14:16:00,6,558,1429.64,29.784166666666668,30,226
16104,United Kingdom,2011-10-09 10:23:00,2011-10-09 10:23:00,1,122,298.21,10.650357142857143,28,0
16105,United Kingdom,2011-04-05 10:13:00,2011-04-05 10:13:00,1,330,336.96,25.919999999999998,13,0
16106,United Kingdom,2011-10-05 10:37:00,2011-10-05 10:37:00,1,74,108.38,18.063333333333333,6,0
16107,United Kingdom,2011-06-09 18:42:00,2011-11-22 09:40:00,7,1176,3204.1600000000003,103.36000000000001,16,165
16108,United Kingdom,2011-09-16 11:48:00,2011-09-16 11:51:00,2,599,816.1,16.655102040816328,48,0
16109,United Kingdom,2011-02-04 12:37:00,2011-05-05 09:17:00,2,612,611.88,33.99333333333333,18,89
16110,United Kingdom,2011-02-01 14:01:00,2011-10-25 14:35:00,3,720,1320.95,3.8624269005847953,283,266
16112,United Kingdom,2011-01-05 11:47:00,2011-07-19 14:28:00,4,574,195.73999999999998,12.233749999999999,15,195
16113,United Kingdom,2011-06-09 16:16:00,2011-06-09 16:16:00,1,176,161.38,5.379333333333333,30,0
16114,United Kingdom,2011-06-22 10:13:00,2011-06-22 10:13:00,1,43,135.75000000000003,16.968750000000004,8,0
16115,United Kingdom,2011-02-20 12:14:00,2011-11-30 11:32:00,8,994,1660.8799999999999,5.952974910394265,169,282
16116,United Kingdom,2011-05-12 12:01:00,2011-05-18 09:23:00,2,246,592.88,16.93942857142857,34,5
16117,United Kingdom,2011-06-03 11:42:00,2011-06-03 11:42:00,1,130,232.21,7.740333333333334,30,0
16119,United Kingdom,2011-09-28 10:15:00,2011-12-01 15:11:00,2,240,423.36,26.46,14,64
16120,United Kingdom,2011-10-11 14:10:00,2011-10-11 14:22:00,5,866,1294.14,40.441875,26,0
16121,United Kingdom,2011-05-08 11:52:00,2011-10-13 12:59:00,2,576,854.66,4.189509803921569,170,158
16122,United Kingdom,2010-12-08 11:41:00,2011-09-27 15:34:00,4,1128,684.4200000000001,18.01105263157895,26,293
16123,United Kingdom,2011-10-19 09:18:00,2011-10-19 09:18:00,1,170,307.78,19.23625,16,0
16124,United Kingdom,2011-01-26 14:45:00,2011-01-27 16:05:00,2,41,187.15,11.696875,11,1
16125,United Kingdom,2010-12-07 15:48:00,2010-12-07 15:48:00,1,124,289.35,22.25769230769231,13,0
16126,United Kingdom,2011-02-16 11:18:00,2011-11-10 16:03:00,4,2125,6287.77,53.741623931623934,57,267
16127,United Kingdom,2011-10-31 13:58:00,2011-10-31 13:58:00,1,323,656.25,16.40625,40,0
16128,United Kingdom,2011-03-02 12:21:00,2011-11-22 11:14:00,5,988,1880.22,21.126067415730336,76,264
16131,United Kingdom,2011-04-14 08:32:00,2011-10-19 11:53:00,6,1802,3506.54,44.95564102564102,55,188
16133,United Kingdom,2011-01-25 15:55:00,2011-12-06 11:24:00,46,8737,14305.66,39.301263736263735,220,314
16134,United Kingdom,2010-12-15 14:00:00,2011-11-18 10:05:00,3,357,603.69,15.886578947368422,34,337
16135,United Kingdom,2011-03-22 12:30:00,2011-03-22 12:30:00,1,209,517.55,24.645238095238092,21,0
16136,United Kingdom,2011-03-07 09:52:00,2011-10-11 09:10:00,3,440,709.38,19.172432432432434,35,217
16138,United Kingdom,2010-12-06 15:10:00,2010-12-06 15:10:00,1,-1,-7.95,-7.95,1,0
16139,United Kingdom,2011-05-17 10:23:00,2011-11-21 08:37:00,3,330,635.41,20.497096774193547,25,187
16140,United Kingdom,2010-12-03 14:40:00,2011-10-18 10:59:00,4,727,703.77,19.02081081081081,33,318
16141,United Kingdom,2011-09-12 13:11:00,2011-09-12 13:11:00,1,238,620.4,20.68,30,0
16142,United Kingdom,2011-04-04 10:16:00,2011-04-04 10:16:00,1,422,535.34,14.46864864864865,37,0
16143,United Kingdom,2010-12-05 15:18:00,2011-12-06 14:13:00,7,917,2419.84,20.5071186440678,75,365
16144,United Kingdom,2011-04-07 10:09:00,2011-04-07 10:09:00,1,16,175.2,175.2,1,0
16145,United Kingdom,2010-12-15 09:09:00,2011-12-01 10:33:00,18,3072,3741.98,15.788945147679325,134,351
16146,United Kingdom,2011-04-21 15:25:00,2011-07-05 14:20:00,3,427,734.13,25.314827586206896,26,74
16147,United Kingdom,2011-07-29 09:57:00,2011-07-29 09:57:00,1,246,375.0,17.045454545454547,22,0
16148,United Kingdom,2011-02-16 14:01:00,2011-02-16 14:01:00,1,72,76.32000000000001,76.32000000000001,1,0
16149,United Kingdom,2011-07-20 14:54:00,2011-12-05 11:29:00,2,308,280.52,15.584444444444443,18,137
16150,United Kingdom,2010-12-02 18:27:00,2011-11-01 09:29:00,10,1004,1906.07,14.015220588235294,91,333
16152,United Kingdom,2011-03-16 09:47:00,2011-03-16 09:47:00,1,642,1829.04,63.070344827586204,29,0
16153,United Kingdom,2010-12-20 09:22:00,2011-10-21 10:50:00,5,1073,1824.23,20.496966292134832,78,305
16156,United Kingdom,2011-02-02 12:02:00,2011-12-01 12:42:00,13,1235,2994.62,21.8585401459854,109,302
16157,United Kingdom,2011-09-28 11:48:00,2011-11-24 11:41:00,4,344,644.24,33.90736842105263,12,56
16159,United Kingdom,2011-03-03 12:27:00,2011-03-03 12:27:00,1,236,348.2,24.87142857142857,14,0
16160,United Kingdom,2011-09-15 10:53:00,2011-10-06 18:30:00,4,1153,1009.4499999999999,45.88409090909091,20,21
16161,United Kingdom,2010-12-06 09:40:00,2011-12-08 12:10:00,26,2490,5311.08,10.643446893787575,293,367
16162,United Kingdom,2011-04-01 15:03:00,2011-04-01 15:03:00,1,4,37.4,18.7,2,0
16163,United Kingdom,2010-12-09 16:28:00,2011-04-28 19:43:00,3,92,441.59999999999997,63.08571428571428,5,140
16164,United Kingdom,2011-10-28 09:12:00,2011-11-22 15:04:00,4,432,802.53,22.92942857142857,27,25
16168,United Kingdom,2010-12-05 11:38:00,2011-11-29 12:45:00,28,1888,3770.6,38.086868686868684,57,359
16169,United Kingdom,2011-09-25 11:33:00,2011-12-01 15:28:00,4,1325,1822.97,21.44670588235294,71,67
16170,United Kingdom,2011-04-05 13:42:00,2011-10-20 08:21:00,7,1766,1880.4199999999998,14.806456692913384,106,197
16171,United Kingdom,2011-10-11 14:51:00,2011-10-11 14:51:00,1,24,73.2,24.400000000000002,3,0
16172,United Kingdom,2011-04-12 12:02:00,2011-09-05 13:22:00,5,787,1140.21,16.524782608695652,52,146
16173,United Kingdom,2011-09-02 15:23:00,2011-11-24 10:53:00,7,571,1406.57,16.167471264367816,70,82
16174,United Kingdom,2011-07-11 09:23:00,2011-08-05 13:26:00,3,651,1009.5500000000001,43.89347826086957,19,25
16175,United Kingdom,2011-04-13 14:38:00,2011-09-06 14:32:00,4,533,1037.59,17.889482758620687,45,145
16177,United Kingdom,2011-10-20 12:57:00,2011-10-20 12:57:00,1,95,331.95,22.13,15,0
16178,United Kingdom,2011-07-24 16:05:00,2011-07-24 16:05:00,1,94,197.9,24.7375,8,0
16179,United Kingdom,2011-10-10 09:41:00,2011-10-10 09:41:00,1,99,215.83,19.62090909090909,11,0
16180,United Kingdom,2011-04-01 10:23:00,2011-08-31 16:28:00,10,5853,10217.48,58.05386363636364,92,152
16181,United Kingdom,2011-09-27 13:38:00,2011-09-27 13:38:00,1,152,305.54,27.776363636363637,11,0
16182,United Kingdom,2011-02-18 10:11:00,2011-09-28 13:23:00,4,3791,6617.65,236.34464285714284,17,222
16183,United Kingdom,2011-10-03 14:59:00,2011-10-03 14:59:00,1,113,338.71000000000004,22.58066666666667,15,0
16184,United Kingdom,2011-05-12 13:33:00,2011-10-06 17:43:00,7,560,1155.54,25.120434782608694,26,147
16185,United Kingdom,2011-04-21 11:59:00,2011-11-23 09:41:00,2,260,529.41,17.07774193548387,31,215
16186,United Kingdom,2010-12-02 14:40:00,2011-11-17 12:43:00,13,3008,3991.94,18.228036529680367,87,349
16187,United Kingdom,2011-02-28 13:34:00,2011-11-08 09:50:00,17,5004,6841.24,23.034478114478112,160,252
16188,United Kingdom,2011-04-11 09:44:00,2011-10-26 12:19:00,4,782,981.86,14.654626865671641,65,198
16189,United Kingdom,2011-09-15 15:21:00,2011-11-24 11:47:00,2,134,215.48,19.58909090909091,9,69
16190,United Kingdom,2011-10-30 15:59:00,2011-10-30 15:59:00,1,88,215.08,35.84666666666667,6,0
16191,United Kingdom,2010-12-14 12:38:00,2011-12-07 11:26:00,25,3203,4913.32,32.53854304635762,67,357
16193,United Kingdom,2011-04-17 11:45:00,2011-04-17 11:45:00,1,219,314.45,16.55,19,0
16198,United Kingdom,2011-09-25 14:58:00,2011-09-25 14:58:00,1,129,400.68100000000004,26.71206666666667,15,0
16200,United Kingdom,2011-06-28 15:47:00,2011-12-05 14:40:00,2,516,1068.8700000000001,6.21436046511628,149,159
16201,United Kingdom,2011-08-22 10:47:00,2011-12-06 16:02:00,5,1267,1821.52,15.839304347826086,74,106
16202,United Kingdom,2010-12-14 10:43:00,2010-12-14 10:43:00,1,191,365.27,20.292777777777776,18,0
16203,United Kingdom,2010-12-02 15:39:00,2011-10-12 12:31:00,5,261,589.15,16.365277777777777,27,313
16204,United Kingdom,2011-11-16 13:40:00,2011-11-16 13:40:00,1,218,384.18,7.6836,45,0
16205,United Kingdom,2011-06-13 11:33:00,2011-11-09 09:32:00,4,516,757.63,7.810618556701031,73,148
16206,United Kingdom,2011-01-16 11:07:00,2011-10-16 10:41:00,4,272,537.0600000000001,8.524761904761906,52,272
16207,United Kingdom,2011-11-14 13:51:00,2011-11-14 13:51:00,1,140,394.38,20.756842105263157,19,0
16208,United Kingdom,2011-02-23 13:37:00,2011-10-26 11:36:00,2,333,664.26,10.064545454545454,61,244
16209,United Kingdom,2011-04-07 12:23:00,2011-09-12 11:58:00,5,1179,2262.62,49.18739130434783,37,157
16210,United Kingdom,2010-12-01 12:27:00,2011-12-08 12:36:00,18,7559,21086.3,171.43333333333334,74,372
16211,United Kingdom,2011-09-12 12:11:00,2011-09-19 16:23:00,2,153,542.77,22.615416666666665,23,7
16212,United Kingdom,2011-03-01 12:51:00,2011-11-20 13:00:00,3,241,681.19,15.841627906976745,40,264
16213,United Kingdom,2011-09-22 10:03:00,2011-09-22 10:03:00,1,48,159.0,26.5,6,0
16214,United Kingdom,2011-03-15 13:23:00,2011-06-22 11:30:00,3,420,1062.75,24.15340909090909,36,98
16215,United Kingdom,2011-09-20 10:18:00,2011-09-20 10:18:00,1,104,242.35,17.310714285714287,14,0
16216,United Kingdom,2011-03-17 15:34:00,2011-03-17 15:34:00,1,254,914.9300000000001,24.72783783783784,37,0
16217,United Kingdom,2011-03-02 15:28:00,2011-04-18 13:31:00,4,76,259.39000000000004,13.652105263157898,14,46
16218,United Kingdom,2010-12-01 11:29:00,2011-11-10 09:59:00,8,2077,3054.87,33.943,56,343
16221,United Kingdom,2010-12-07 13:13:00,2011-11-03 11:43:00,3,714,860.86,9.061684210526316,90,330
16222,United Kingdom,2011-01-25 13:38:00,2011-01-25 13:38:00,1,325,773.5500000000001,6.340573770491804,120,0
16224,United Kingdom,2011-04-04 12:00:00,2011-10-13 17:51:00,4,1116,1295.3,13.492708333333333,90,192
16225,United Kingdom,2011-03-07 12:17:00,2011-10-26 08:30:00,5,493,1096.32,8.181492537313432,109,232
16226,United Kingdom,2011-04-18 12:58:00,2011-05-20 14:41:00,3,192,255.12,31.89,6,32
16227,United Kingdom,2011-04-28 13:33:00,2011-05-04 16:27:00,2,88,308.32000000000005,44.04571428571429,6,6
16229,United Kingdom,2011-05-11 10:18:00,2011-09-13 17:16:00,2,318,1010.6,21.50212765957447,46,125
16230,United Kingdom,2011-05-03 15:12:00,2011-06-03 10:06:00,2,365,542.03,15.486571428571429,32,30
16232,United Kingdom,2011-05-08 14:05:00,2011-11-07 11:12:00,5,547,983.23,25.87447368421053,24,182
16233,United Kingdom,2010-12-08 12:51:00,2011-09-29 17:27:00,5,165,422.13,16.8852,22,295
16235,United Kingdom,2011-01-11 15:42:00,2011-10-30 10:56:00,6,328,858.41,17.883541666666666,42,291
16236,United Kingdom,2011-09-22 14:10:00,2011-09-22 14:10:00,1,184,432.2,21.61,20,0
16239,United Kingdom,2011-06-03 09:30:00,2011-10-14 08:29:00,3,218,372.9,17.757142857142856,18,132
16240,United Kingdom,2011-09-23 13:44:00,2011-12-01 14:02:00,5,1634,3693.81,26.01274647887324,127,69
16241,United Kingdom,2010-12-05 11:04:00,2011-11-30 11:08:00,13,1443,2590.31,3.9546717557251907,347,360
16242,United Kingdom,2011-03-07 17:04:00,2011-12-01 15:12:00,8,1968,3574.91,12.201058020477815,184,268
16243,United Kingdom,2011-10-16 12:09:00,2011-11-06 12:32:00,2,110,409.1,8.02156862745098,49,21
16244,United Kingdom,2010-12-02 11:41:00,2011-05-12 10:18:00,2,855,1522.75,16.733516483516482,88,160
16245,United Kingdom,2011-03-28 09:30:00,2011-11-16 10:14:00,5,1008,1352.3600000000001,14.541505376344087,80,233
16247,United Kingdom,2011-06-22 14:23:00,2011-06-22 14:23:00,1,182,114.56,7.16,16,0
16248,United Kingdom,2011-10-09 11:32:00,2011-10-09 11:32:00,1,78,152.94,21.84857142857143,7,0
16249,United Kingdom,2011-04-14 13:50:00,2011-10-18 10:07:00,5,950,1800.07,26.08797101449275,67,186
16250,United Kingdom,2010-12-01 09:59:00,2011-03-23 15:07:00,2,208,389.44,16.226666666666667,22,112
16252,United Kingdom,2010-12-08 16:15:00,2010-12-08 16:15:00,1,-158,-295.09,-14.05190476190476,21,0
16253,United Kingdom,2011-03-29 13:33:00,2011-11-08 11:23:00,3,3137,3665.62,29.561451612903223,115,223
16255,United Kingdom,2010-12-09 14:25:00,2011-11-23 12:40:00,10,1760,2609.3,9.522992700729928,146,348
16256,United Kingdom,2011-03-18 12:18:00,2011-03-27 12:14:00,2,577,732.63,52.330714285714286,13,8
16257,United Kingdom,2011-06-16 10:11:00,2011-06-16 10:11:00,1,2,46.95,23.475,2,0
16258,United Kingdom,2011-05-04 14:33:00,2011-10-25 13:30:00,5,2994,5203.51,38.54451851851852,111,173
16260,United Kingdom,2011-10-20 09:40:00,2011-10-20 09:40:00,1,311,1035.45,57.525000000000006,18,0
16261,United Kingdom,2011-04-07 19:05:00,2011-11-22 17:23:00,4,301,728.54,6.122184873949579,98,228
16262,United Kingdom,2010-12-14 11:55:00,2010-12-14 11:55:00,1,-5,-31.65,-10.549999999999999,3,0
16265,United Kingdom,2010-12-10 10:21:00,2011-11-30 16:41:00,11,2627,5423.15,20.858269230769228,164,355
16266,United Kingdom,2011-05-17 14:50:00,2011-09-27 12:08:00,7,398,861.89,14.129344262295081,44,132
16268,United Kingdom,2011-09-29 18:30:00,2011-09-29 18:30:00,2,533,667.65,14.836666666666666,45,0
16270,United Kingdom,2010-12-21 14:26:00,2010-12-21 14:26:00,1,688,1141.24,21.134074074074075,54,0
16271,United Kingdom,2010-12-16 16:36:00,2011-12-07 12:45:00,6,1023,1398.69,10.67702290076336,90,355
16272,United Kingdom,2011-08-15 10:53:00,2011-08-15 10:54:00,1,224,411.7,16.468,25,0
16274,United Kingdom,2010-12-01 15:35:00,2010-12-01 15:35:00,1,153,351.75,5.411538461538462,64,0
16275,United Kingdom,2011-05-27 12:41:00,2011-05-27 12:41:00,1,336,559.87,16.965757575757575,33,0
16276,United Kingdom,2011-06-16 09:34:00,2011-06-16 09:34:00,1,420,810.6000000000001,135.10000000000002,6,0
16278,United Kingdom,2011-08-31 17:12:00,2011-11-16 16:09:00,3,109,537.83,21.5132,23,76
16279,United Kingdom,2011-01-10 09:56:00,2011-11-18 15:00:00,4,1044,1489.88,13.795185185185186,104,312
16281,United Kingdom,2011-09-28 14:57:00,2011-09-28 14:57:00,1,934,2062.06,121.29764705882353,17,0
16282,United Kingdom,2011-01-04 11:42:00,2011-01-04 11:42:00,1,114,168.3,15.3,11,0
16283,United Kingdom,2011-05-15 13:37:00,2011-12-04 12:08:00,7,1222,1531.51,9.116130952380953,117,202
16284,United Kingdom,2011-10-20 13:54:00,2011-11-08 16:12:00,2,535,812.68,7.89009708737864,87,19
16287,United Kingdom,2011-06-23 09:08:00,2011-06-23 09:08:00,1,298,142.5,17.8125,8,0
16292,United Kingdom,2011-08-10 12:24:00,2011-08-14 14:30:00,2,188,280.9,14.784210526315789,17,4
16293,United Kingdom,2010-12-07 15:02:00,2011-12-01 09:13:00,12,978,2236.7400000000002,18.6395,102,358
16295,United Kingdom,2011-10-06 10:45:00,2011-11-30 08:17:00,4,841,1328.55,16.817088607594936,70,54
16297,United Kingdom,2011-03-16 08:29:00,2011-05-11 11:15:00,4,180,275.4,11.97391304347826,21,56
16298,United Kingdom,2011-06-06 10:06:00,2011-11-17 11:59:00,3,198,598.2,22.15555555555556,22,164
16302,United Kingdom,2011-08-05 09:44:00,2011-08-24 09:25:00,2,134,212.82,17.735,11,18
16303,United Kingdom,2011-01-10 14:16:00,2011-11-14 10:49:00,4,2621,5305.83,31.771437125748502,119,307
16305,United Kingdom,2011-07-24 12:18:00,2011-07-24 12:18:00,1,256,361.21999999999997,16.419090909090908,22,0
16306,United Kingdom,2010-12-07 15:18:00,2011-05-10 12:12:00,9,471,602.27,13.687954545454545,36,153
16308,United Kingdom,2011-03-23 14:46:00,2011-11-02 11:24:00,4,8000,2560.0,640.0,1,223
16309,United Kingdom,2011-04-13 11:46:00,2011-09-09 12:26:00,3,465,686.67,15.606136363636363,39,149
16311,United Kingdom,2011-10-21 13:13:00,2011-11-22 08:54:00,2,394,616.26,16.655675675675674,35,31
16313,United Kingdom,2011-10-21 09:04:00,2011-12-06 13:02:00,2,165,274.15000000000003,17.134375000000002,16,46
16315,United Kingdom,2011-01-13 11:57:00,2011-01-13 11:57:00,1,75,226.37,16.169285714285714,14,0
16316,United Kingdom,2010-12-16 14:26:00,2011-10-06 13:48:00,12,1466,2755.56,17.663846153846155,121,293
16317,United Kingdom,2011-02-15 14:30:00,2011-08-12 12:46:00,3,890,1341.65,19.444202898550724,64,177
16318,United Kingdom,2011-11-04 13:05:00,2011-11-04 13:05:00,1,199,328.15,17.271052631578947,19,0
16319,United Kingdom,2011-05-06 11:27:00,2011-05-06 11:27:00,1,72,404.40000000000003,134.8,3,0
16320,Unspecified,2011-05-10 15:31:00,2011-06-20 15:25:00,2,732,1038.46,18.543928571428573,56,40
16321,Australia,2011-01-20 12:11:00,2011-09-28 14:55:00,7,78,230.70000000000002,14.418750000000001,7,251
16322,United Kingdom,2011-11-03 14:33:00,2011-12-08 15:41:00,2,231,326.75,8.83108108108108,28,35
16323,United Kingdom,2011-05-27 14:48:00,2011-05-27 14:48:00,1,50,207.50000000000003,207.50000000000003,1,0
16324,United Kingdom,2011-06-15 14:26:00,2011-08-03 12:58:00,3,270,408.59000000000003,3.6809909909909915,100,48
16325,United Kingdom,2011-04-08 09:20:00,2011-10-26 16:29:00,5,164,510.54,25.527,14,201
16326,United Kingdom,2011-01-09 12:01:00,2011-12-04 10:11:00,15,662,3014.2200000000003,10.014019933554819,158,328
16327,United Kingdom,2010-12-05 12:43:00,2011-11-25 13:23:00,6,2560,3820.27,12.051324921135647,142,355
16330,United Kingdom,2011-08-19 17:08:00,2011-11-22 12:24:00,4,145,242.21,5.907560975609757,39,94
16332,United Kingdom,2011-02-07 14:16:00,2011-11-11 14:22:00,8,789,1572.8,10.34736842105263,125,277
16333,United Kingdom,2011-02-03 10:50:00,2011-12-02 12:19:00,22,32184,26626.8,591.7066666666667,9,302
16337,United Kingdom,2011-11-03 10:03:00,2011-11-03 10:03:00,1,87,151.05,15.105,10,0
16338,United Kingdom,2011-07-05 13:56:00,2011-07-05 13:56:00,1,94,214.79999999999998,19.527272727272727,11,0
16339,United Kingdom,2011-02-28 13:41:00,2011-02-28 13:41:00,1,21,94.05,5.225,17,0
16340,United Kingdom,2011-08-24 14:53:00,2011-08-24 14:53:00,1,486,534.31,3.789432624113475,124,0
16341,United Kingdom,2011-05-22 13:20:00,2011-11-15 09:12:00,6,1388,1959.38,23.325952380952383,60,176
16342,United Kingdom,2011-06-13 10:10:00,2011-09-25 14:36:00,4,157,322.41,21.494000000000003,10,104
16343,United Kingdom,2011-11-23 17:43:00,2011-11-23 17:45:00,2,175,328.58,7.641395348837209,29,0
16344,United Kingdom,2011-07-04 15:50:00,2011-07-04 15:50:00,1,18,101.10000000000001,50.550000000000004,1,0
16345,United Kingdom,2011-10-26 16:03:00,2011-10-26 16:03:00,1,288,565.46,15.282702702702704,35,0
16347,United Kingdom,2011-11-03 13:01:00,2011-11-28 13:14:00,2,341,847.45,9.97,61,25
16348,United Kingdom,2011-04-13 15:49:00,2011-11-07 15:44:00,7,805,1415.65,6.376801801801802,157,207
16349,United Kingdom,2011-02-22 12:40:00,2011-02-22 12:40:00,1,9,53.5,5.944444444444445,9,0
16350,United Kingdom,2010-12-09 14:43:00,2011-11-18 15:53:00,5,542,1100.47,18.341166666666666,41,344
16351,United Kingdom,2011-01-11 10:26:00,2011-01-11 10:26:00,1,90,153.9,19.2375,8,0
16352,United Kingdom,2011-11-02 08:44:00,2011-11-22 10:32:00,2,300,494.44,17.658571428571427,28,20
16353,United Kingdom,2010-12-05 12:09:00,2011-12-06 12:23:00,23,2006,6675.71,71.0181914893617,51,366
16354,United Kingdom,2011-09-27 16:28:00,2011-10-07 14:28:00,2,150,395.8,10.148717948717948,38,9
16356,United Kingdom,2011-03-07 12:31:00,2011-05-26 11:51:00,4,92,210.32000000000002,6.572500000000001,20,79
16357,United Kingdom,2011-05-10 10:35:00,2011-11-06 16:04:00,3,246,658.88,19.378823529411765,31,180
16358,United Kingdom,2011-06-08 15:05:00,2011-12-08 15:09:00,5,1301,2024.95,18.408636363636365,82,183
16359,United Kingdom,2011-01-12 10:49:00,2011-12-02 17:04:00,12,1154,1460.3700000000001,20.862428571428573,39,324
16360,United Kingdom,2011-09-12 13:50:00,2011-12-05 12:16:00,8,2094,3349.57,5.193131782945737,365,83
16361,United Kingdom,2011-09-29 13:13:00,2011-11-30 12:32:00,4,418,891.21,8.569326923076924,87,61
16362,United Kingdom,2011-09-09 14:47:00,2011-11-07 13:01:00,9,314,627.29,7.29406976744186,58,58
16363,United Kingdom,2011-10-17 14:14:00,2011-10-17 14:14:00,1,52,109.36000000000001,21.872000000000003,5,0
16364,United Kingdom,2011-07-25 14:35:00,2011-11-28 11:27:00,2,279,705.79,13.572884615384615,48,125
16365,United Kingdom,2010-12-07 17:19:00,2011-11-22 11:24:00,9,504,1540.42,30.2043137254902,45,349
16366,United Kingdom,2011-11-21 08:19:00,2011-11-21 08:19:00,1,256,327.3,18.183333333333334,18,0
16367,United Kingdom,2010-12-12 12:01:00,2011-11-02 13:13:00,2,643,800.67,6.304488188976378,123,325
16368,United Kingdom,2011-11-11 15:08:00,2011-12-07 13:12:00,2,251,479.91,6.955217391304348,58,25
16369,United Kingdom,2011-05-27 09:39:00,2011-11-21 16:25:00,3,1030,1545.41,13.20863247863248,91,178
16370,United Kingdom,2011-04-28 16:40:00,2011-09-18 15:55:00,4,640,1301.91,5.890995475113122,143,142
16372,United Kingdom,2011-11-06 12:50:00,2011-11-06 13:08:00,2,158,355.73,3.866630434782609,86,0
16374,United Kingdom,2011-03-22 13:46:00,2011-10-04 15:21:00,2,237,466.73,4.281926605504587,101,196
16376,United Kingdom,2011-11-22 16:47:00,2011-12-01 11:38:00,3,686,965.47,7.72376,104,8
16377,United Kingdom,2011-03-17 15:41:00,2011-03-17 15:41:00,1,1500,676.2,135.24,5,0
16378,United Kingdom,2011-02-02 12:42:00,2011-04-06 15:07:00,3,267,362.95,15.780434782608696,22,63
16379,United Kingdom,2011-09-22 09:33:00,2011-12-05 15:38:00,5,1408,2131.9,19.558715596330277,87,74
16380,United Kingdom,2011-10-09 15:40:00,2011-10-09 15:40:00,1,1428,1743.1499999999999,56.23064516129032,28,0
16383,United Kingdom,2011-03-16 13:00:00,2011-09-26 12:45:00,2,467,643.76,6.568979591836735,80,193
16384,United Kingdom,2011-03-21 10:13:00,2011-09-11 11:19:00,2,260,584.5,17.71212121212121,33,174
16385,United Kingdom,2010-12-08 12:56:00,2011-10-10 13:12:00,3,258,554.86,9.734385964912281,52,306
16386,United Kingdom,2011-03-31 12:19:00,2011-11-11 12:28:00,2,205,302.57,3.735432098765432,76,225
16387,United Kingdom,2011-01-21 11:34:00,2011-01-21 11:34:00,1,44,94.36,23.59,4,0
16389,United Kingdom,2011-03-01 15:47:00,2011-10-17 14:41:00,5,1230,1362.27,38.922,33,229
16392,United Kingdom,2011-03-15 12:11:00,2011-03-15 12:11:00,1,201,217.89,5.067209302325581,41,0
16393,United Kingdom,2010-12-05 13:10:00,2011-12-07 12:51:00,20,1526,2935.8,8.269859154929579,121,366
16394,United Kingdom,2011-02-23 10:58:00,2011-10-20 19:16:00,9,2317,1412.06,14.1206,61,239
16395,United Kingdom,2011-01-13 12:10:00,2011-10-10 12:50:00,5,1472,1482.06,7.194466019417476,150,270
16398,United Kingdom,2011-03-31 09:38:00,2011-07-18 10:14:00,4,745,1631.15,18.96686046511628,75,109
16399,United Kingdom,2011-04-18 13:46:00,2011-11-20 16:12:00,2,263,408.02,5.666944444444444,68,216
16400,United Kingdom,2011-09-06 12:27:00,2011-09-06 12:27:00,1,172,303.93,10.480344827586206,28,0
16401,United Kingdom,2011-01-16 10:56:00,2011-12-08 18:15:00,20,3858,4061.24,20.51131313131313,68,326
16402,United Kingdom,2010-12-05 13:42:00,2011-03-20 12:25:00,2,146,293.45,5.148245614035088,55,104
16403,United Kingdom,2011-01-31 13:39:00,2011-02-10 16:40:00,2,103,161.04999999999998,10.736666666666666,10,10
16404,United Kingdom,2011-09-30 14:55:00,2011-09-30 14:55:00,1,157,443.05,19.26304347826087,23,0
16405,United Kingdom,2011-02-02 17:08:00,2011-02-10 15:24:00,2,187,167.25,33.45,3,7
16406,United Kingdom,2011-11-21 11:57:00,2011-11-21 11:57:00,1,116,154.35,2.661206896551724,54,0
16407,United Kingdom,2011-01-31 14:02:00,2011-11-27 11:05:00,10,1093,2079.68,12.379047619047618,99,299
16409,United Kingdom,2011-01-26 14:51:00,2011-11-03 16:45:00,5,1304,2022.98,8.757489177489177,145,281
16411,United Kingdom,2010-12-05 13:26:00,2011-11-20 13:23:00,2,131,211.7,4.8113636363636365,41,349
16412,United Kingdom,2011-10-17 12:35:00,2011-10-17 12:35:00,1,63,135.99,4.533,25,0
16413,United Kingdom,2011-10-14 12:08:00,2011-10-14 12:08:00,1,148,262.2,8.458064516129031,30,0
16414,United Kingdom,2011-03-04 13:27:00,2011-11-18 09:42:00,2,27,126.25,18.035714285714285,5,258
16415,United Kingdom,2011-10-26 13:35:00,2011-10-26 13:35:00,1,178,200.27,4.2610638297872345,45,0
16416,United Kingdom,2011-10-14 13:35:00,2011-11-13 12:50:00,4,655,1026.99,14.068356164383562,60,29
16418,United Kingdom,2011-04-27 16:54:00,2011-10-26 12:39:00,3,280,631.12,6.643368421052632,76,181
16419,United Kingdom,2011-02-01 12:25:00,2011-08-19 12:33:00,7,427,945.96,18.54823529411765,36,199
16422,United Kingdom,2010-12-05 15:35:00,2011-11-22 14:00:00,75,32592,33805.69,84.72604010025063,72,351
16423,United Kingdom,2011-11-15 09:21:00,2011-11-15 09:21:00,1,230,346.12,19.22888888888889,18,0
16424,United Kingdom,2011-01-06 13:56:00,2011-06-01 13:40:00,2,82,82.56,13.76,6,145
16425,United Kingdom,2011-02-10 14:30:00,2011-02-10 14:30:00,1,199,302.7,14.414285714285715,21,0
16426,United Kingdom,2011-03-08 15:45:00,2011-12-07 14:01:00,10,1215,1863.76,5.279773371104816,211,273
16427,United Kingdom,2011-02-28 15:18:00,2011-03-21 17:10:00,2,156,241.06,26.784444444444446,8,21
16428,United Kingdom,2011-09-19 16:31:00,2011-09-19 16:31:00,1,-1,-2.95,-2.95,1,0
16429,United Kingdom,2011-08-25 13:54:00,2011-08-25 13:54:00,1,9,284.55,142.275,2,0
16430,United Kingdom,2011-10-13 14:47:00,2011-10-13 14:47:00,1,103,300.85,50.14166666666667,6,0
16431,United Kingdom,2011-02-15 14:02:00,2011-05-10 14:09:00,3,442,623.28,8.201052631578946,51,84
16432,United Kingdom,2011-10-06 13:59:00,2011-10-06 13:59:00,1,276,287.4,35.925,8,0
16433,United Kingdom,2011-11-11 14:09:00,2011-11-11 14:09:00,1,106,184.26,10.838823529411764,17,0
16434,United Kingdom,2011-02-13 12:17:00,2011-11-10 14:28:00,7,760,1511.8,14.128971962616822,88,270
16438,United Kingdom,2011-09-18 13:31:00,2011-12-04 10:51:00,5,463,798.35,6.04810606060606,74,76
16440,United Kingdom,2011-05-09 12:25:00,2011-12-02 12:02:00,5,2018,3640.67,12.91017730496454,186,206
16441,United Kingdom,2011-02-21 17:35:00,2011-10-03 17:48:00,2,173,381.2,15.883333333333333,22,224
16442,United Kingdom,2010-12-14 10:46:00,2011-12-08 11:43:00,3,443,609.3,3.563157894736842,161,359
16444,United Kingdom,2011-03-20 12:11:00,2011-10-24 13:50:00,5,405,638.77,7.4275581395348835,70,218
16445,United Kingdom,2011-11-06 12:32:00,2011-11-06 12:32:00,1,111,230.51,3.658888888888889,62,0
16446,United Kingdom,2011-05-18 09:52:00,2011-12-09 09:27:00,3,2,2.8999999999941792,0.7249999999985448,3,204
16447,United Kingdom,2011-07-27 12:45:00,2011-07-27 12:45:00,1,221,255.91,7.526764705882353,34,0
16448,United Kingdom,2011-05-25 16:28:00,2011-05-25 16:28:00,1,76,182.99,9.631052631578948,19,0
16449,United Kingdom,2011-03-04 12:15:00,2011-06-02 11:07:00,3,359,674.69,15.690465116279071,40,89
16450,United Kingdom,2011-07-13 11:47:00,2011-07-13 11:47:00,1,200,311.92,28.35636363636364,11,0
16451,United Kingdom,2011-09-13 09:17:00,2011-09-13 09:17:00,1,120,266.97,19.069285714285716,14,0
16454,United Kingdom,2011-04-13 10:36:00,2011-10-26 11:40:00,3,2,-8.15,-2.716666666666667,2,196
16455,United Kingdom,2010-12-03 16:44:00,2011-10-07 12:17:00,7,988,1841.18,18.59777777777778,69,307
16456,United Kingdom,2010-12-01 14:11:00,2011-09-01 13:50:00,5,1147,2158.18,19.61981818181818,80,273
16457,United Kingdom,2011-05-05 13:19:00,2011-05-05 13:19:00,1,140,208.36,23.151111111111113,9,0
16458,United Kingdom,2010-12-14 11:51:00,2011-12-07 09:34:00,18,2154,3482.7400000000002,17.241287128712873,52,357
16460,United Kingdom,2011-09-19 10:15:00,2011-11-11 13:46:00,3,876,811.23,6.145681818181818,128,53
16461,United Kingdom,2011-06-15 12:07:00,2011-06-15 12:07:00,1,48,142.92,4.46625,31,0
16462,United Kingdom,2011-03-01 08:58:00,2011-10-06 18:16:00,4,12,102.0,25.5,1,219
16463,United Kingdom,2011-05-19 14:45:00,2011-11-18 14:01:00,7,1135,1383.7,16.278823529411767,74,182
16464,United Kingdom,2011-07-20 13:53:00,2011-11-20 12:11:00,3,952,1298.66,5.646347826086957,152,122
16466,United Kingdom,2011-02-20 11:39:00,2011-11-06 11:35:00,7,785,1595.96,10.931232876712329,103,258
16468,United Kingdom,2011-09-26 14:13:00,2011-09-26 14:13:00,1,31,74.9,37.45,2,0
16469,United Kingdom,2011-04-07 13:11:00,2011-11-16 12:25:00,4,260,625.42,3.6574269005847952,148,222
16470,United Kingdom,2010-12-16 11:10:00,2011-10-19 12:11:00,5,521,747.82,4.532242424242424,120,307
16471,United Kingdom,2011-03-10 09:41:00,2011-03-10 09:41:00,1,141,223.95000000000002,17.22692307692308,13,0
16473,United Kingdom,2011-01-07 10:55:00,2011-06-28 09:10:00,4,195,314.86,16.571578947368423,18,171
16474,United Kingdom,2011-07-17 14:51:00,2011-12-02 13:02:00,11,884,1750.6200000000001,5.074260869565218,237,137
16475,United Kingdom,2011-03-11 09:39:00,2011-09-12 14:37:00,4,319,544.3,19.439285714285713,23,185
16477,United Kingdom,2010-12-03 12:48:00,2011-10-07 09:44:00,7,1415,2494.46,17.085342465753424,111,307
16478,United Kingdom,2011-10-05 12:02:00,2011-11-14 15:51:00,3,224,331.0,19.470588235294116,15,40
16479,United Kingdom,2011-11-29 13:04:00,2011-11-29 13:40:00,2,102,300.83,8.595142857142857,35,0
16480,United Kingdom,2011-09-25 11:40:00,2011-09-25 11:40:00,1,455,769.29,14.514905660377357,51,0
16482,United Kingdom,2011-11-24 12:33:00,2011-11-24 12:33:00,1,346,220.62,12.256666666666668,18,0
16483,United Kingdom,2011-05-31 13:08:00,2011-05-31 13:08:00,1,44,139.35,7.334210526315789,19,0
16484,United Kingdom,2011-06-02 10:39:00,2011-06-19 12:06:00,3,194,379.4,14.592307692307692,25,17
16485,United Kingdom,2011-09-23 15:50:00,2011-09-23 15:50:00,1,235,363.65,8.658333333333333,41,0
16488,United Kingdom,2011-07-14 11:46:00,2011-11-06 13:42:00,4,724,492.2,15.87741935483871,28,115
16491,United Kingdom,2011-10-24 10:18:00,2011-10-24 10:18:00,1,478,731.5,18.756410256410255,39,0
16493,United Kingdom,2011-01-14 08:16:00,2011-09-28 11:13:00,6,1113,1329.66,21.446129032258067,40,257
16494,United Kingdom,2011-02-16 12:49:00,2011-02-16 12:49:00,1,675,826.53,16.5306,47,0
16495,United Kingdom,2011-03-08 16:38:00,2011-12-06 13:20:00,3,328,648.26,7.366590909090909,78,272
16496,United Kingdom,2011-01-27 09:42:00,2011-12-01 10:31:00,4,1091,1562.22,16.105360824742267,92,308
16497,United Kingdom,2011-01-10 13:20:00,2011-10-21 10:55:00,6,1396,2965.69,21.80654411764706,128,283
16498,United Kingdom,2011-06-30 19:52:00,2011-07-01 15:07:00,3,42,86.12,5.3825,15,0
16499,United Kingdom,2010-12-09 14:48:00,2010-12-14 15:20:00,5,122,319.1,14.504545454545456,20,5
16500,United Kingdom,2011-01-13 10:28:00,2011-12-05 12:04:00,6,123,400.86,36.441818181818185,8,326
16503,United Kingdom,2010-12-14 13:50:00,2011-08-25 11:46:00,5,567,1421.43,16.52825581395349,71,253
16504,United Kingdom,2011-11-14 15:18:00,2011-11-14 15:18:00,1,510,465.88,5.613012048192771,76,0
16505,United Kingdom,2011-11-08 12:14:00,2011-11-08 12:14:00,1,576,777.6,194.4,4,0
16506,United Kingdom,2011-10-30 15:50:00,2011-11-20 12:17:00,2,42,90.30000000000001,30.100000000000005,3,20
16509,United Kingdom,2011-02-16 09:25:00,2011-02-16 09:25:00,1,64,363.7,27.976923076923075,13,0
16510,United Kingdom,2010-12-02 13:39:00,2010-12-02 13:39:00,1,92,248.1,19.084615384615383,13,0
16511,United Kingdom,2011-03-18 11:24:00,2011-11-18 10:41:00,3,405,918.33,5.7756603773584905,135,244
16513,United Kingdom,2011-10-27 14:56:00,2011-12-05 10:18:00,4,407,874.59,24.988285714285716,33,38
16515,United Kingdom,2011-02-01 13:09:00,2011-10-18 13:10:00,5,826,1624.14,14.631891891891893,89,259
16516,United Kingdom,2011-11-09 14:59:00,2011-11-09 14:59:00,1,58,101.69999999999999,16.95,6,0
16517,United Kingdom,2011-03-07 13:50:00,2011-03-07 13:50:00,1,96,162.7,9.570588235294117,17,0
16518,United Kingdom,2011-02-28 16:36:00,2011-10-09 15:04:00,3,325,480.92,11.450476190476191,36,222
16519,United Kingdom,2010-12-09 14:08:00,2011-11-14 15:41:00,2,54,215.07999999999998,16.544615384615383,13,340
16520,United Kingdom,2010-12-09 13:08:00,2011-06-06 13:24:00,4,557,1036.6200000000001,6.60267515923567,129,179
16523,United Kingdom,2011-01-28 12:06:00,2011-12-08 09:06:00,28,4233,9295.67,31.193523489932886,151,313
16525,United Kingdom,2010-12-08 11:31:00,2011-12-07 15:07:00,29,6493,11895.57,59.47785,75,364
16526,United Kingdom,2011-06-21 12:02:00,2011-06-21 12:02:00,1,106,290.36,19.357333333333333,15,0
16527,United Kingdom,2011-09-19 16:21:00,2011-09-19 16:21:00,1,106,228.06,16.29,14,0
16528,United Kingdom,2011-12-06 12:45:00,2011-12-06 12:45:00,1,171,244.41,14.377058823529412,17,0
16529,United Kingdom,2011-06-02 17:23:00,2011-06-02 17:23:00,1,198,455.25,15.175,30,0
16531,United Kingdom,2010-12-14 13:19:00,2011-11-17 16:29:00,7,915,1244.59,16.163506493506492,68,338
16532,United Kingdom,2011-01-05 12:37:00,2011-11-22 11:08:00,3,2016,6748.8,1687.2,2,320
16533,United Kingdom,2011-10-02 15:07:00,2011-11-20 13:08:00,5,513,1014.19,5.634388888888889,112,48
16535,United Kingdom,2011-12-04 15:18:00,2011-12-04 15:18:00,1,356,593.75,19.153225806451612,31,0
16536,United Kingdom,2011-08-21 15:54:00,2011-08-24 13:20:00,2,249,538.17,9.78490909090909,49,2
16539,United Kingdom,2010-12-01 15:40:00,2011-12-07 08:41:00,4,477,1388.81,30.862444444444442,36,370
16542,United Kingdom,2011-10-17 10:47:00,2011-10-17 10:47:00,1,46,119.62,23.924,5,0
16545,United Kingdom,2011-06-28 10:37:00,2011-06-28 10:37:00,1,78,339.3,113.10000000000001,3,0
16546,United Kingdom,2010-12-02 12:07:00,2011-02-22 11:20:00,3,-303,-95.93,-3.0945161290322583,31,81
16549,United Kingdom,2011-01-09 14:03:00,2011-11-29 15:06:00,10,2294,4034.9,4.362054054054054,445,324
16550,United Kingdom,2010-12-06 13:17:00,2011-08-23 11:12:00,9,1526,2266.25,8.682950191570882,163,259
16551,United Kingdom,2011-01-07 10:24:00,2011-09-05 09:38:00,3,970,922.12,28.81625,26,240
16552,United Kingdom,2010-12-01 12:36:00,2011-04-11 10:04:00,2,219,379.73,22.337058823529414,17,130
16553,United Kingdom,2010-12-08 13:07:00,2011-06-29 15:42:00,14,4595,5664.57,65.8670930232558,63,203
16554,United Kingdom,2011-01-12 12:40:00,2011-12-06 14:52:00,7,311,641.55,8.669594594594594,52,328
16555,United Kingdom,2011-08-22 12:32:00,2011-11-04 14:31:00,2,175,285.89,16.81705882352941,15,74
16556,United Kingdom,2010-12-14 13:32:00,2011-10-04 11:36:00,7,1890,3313.79,16.008647342995168,144,293
16557,United Kingdom,2011-07-25 13:28:00,2011-11-15 14:04:00,2,111,281.85,25.622727272727275,11,113
16558,United Kingdom,2010-12-08 12:01:00,2011-12-09 10:20:00,24,5346,8257.04,17.419915611814346,264,365
16560,United Kingdom,2010-12-16 14:36:00,2011-11-18 17:05:00,3,494,816.51,14.324736842105263,52,337
16561,United Kingdom,2011-10-11 09:53:00,2011-12-04 11:50:00,2,244,511.12,16.48774193548387,29,54
16563,United Kingdom,2011-10-17 11:51:00,2011-10-17 11:51:00,1,486,1077.74,56.72315789473684,19,0
16565,United Kingdom,2010-12-10 15:21:00,2010-12-10 15:21:00,1,46,173.7,57.9,3,0
16566,United Kingdom,2011-02-20 10:29:00,2011-11-24 16:34:00,6,361,614.01,32.316315789473684,14,277
16567,United Kingdom,2011-01-07 09:31:00,2011-05-29 13:57:00,2,996,865.6,24.731428571428573,34,142
16569,United Kingdom,2011-12-06 15:32:00,2011-12-06 15:32:00,1,93,124.2,24.84,5,0
16570,United Kingdom,2010-12-14 10:53:00,2011-12-01 08:56:00,15,2050,3622.95,27.240225563909775,70,351
16571,United Kingdom,2011-03-03 09:41:00,2011-12-06 14:07:00,5,1176,1285.22,12.124716981132076,73,278
16572,United Kingdom,2011-03-09 12:04:00,2011-08-04 16:34:00,4,530,999.7,17.236206896551725,40,148
16573,United Kingdom,2011-02-22 15:14:00,2011-09-27 11:17:00,4,354,648.41,14.09586956521739,40,216
16574,United Kingdom,2011-09-29 13:39:00,2011-09-29 13:39:00,1,416,451.44,16.122857142857143,28,0
16579,United Kingdom,2010-12-09 15:00:00,2010-12-09 15:00:00,1,-12,-30.599999999999998,-30.599999999999998,1,0
16581,United Kingdom,2011-06-10 10:05:00,2011-07-07 15:50:00,2,122,70.44,6.403636363636363,9,27
16582,United Kingdom,2011-08-18 17:02:00,2011-08-18 17:02:00,1,164,313.62,52.27,6,0
16583,United Kingdom,2010-12-01 12:03:00,2010-12-01 12:03:00,1,111,233.45,16.675,14,0
16584,United Kingdom,2011-03-30 13:14:00,2011-09-20 13:45:00,3,635,908.03,29.291290322580643,25,174
16586,United Kingdom,2011-04-05 09:32:00,2011-04-05 09:32:00,1,95,463.95,57.99375,8,0
16587,United Kingdom,2011-04-21 15:51:00,2011-04-21 15:51:00,1,71,225.15,17.31923076923077,13,0
16589,United Kingdom,2011-07-01 13:31:00,2011-09-29 14:50:00,3,368,459.24,13.916363636363636,31,90
16591,United Kingdom,2011-10-02 10:43:00,2011-10-02 10:43:00,1,41,213.5,21.35,10,0
16592,United Kingdom,2011-02-25 10:19:00,2011-12-05 13:49:00,19,2914,4073.28,18.34810810810811,142,283
16593,United Kingdom,2011-01-16 12:11:00,2011-10-20 12:41:00,3,116,330.03,12.223333333333333,24,277
16594,United Kingdom,2011-09-25 14:08:00,2011-09-25 14:08:00,1,64,181.09,3.416792452830189,53,0
16595,United Kingdom,2011-10-09 13:15:00,2011-10-09 13:15:00,1,335,360.16,4.237176470588236,83,0
16596,United Kingdom,2010-12-08 16:18:00,2011-11-24 10:02:00,2,97,250.15,20.845833333333335,12,350
16597,United Kingdom,2011-12-05 15:44:00,2011-12-05 15:44:00,1,184,90.04,12.862857142857143,7,0
16598,United Kingdom,2011-02-27 11:42:00,2011-03-07 13:42:00,2,70,140.7,12.79090909090909,10,8
16600,United Kingdom,2011-01-05 12:13:00,2011-12-05 16:00:00,6,1145,813.52,13.121290322580645,50,334
16601,United Kingdom,2011-10-30 11:09:00,2011-10-30 11:09:00,1,133,242.7,8.09,29,0
16602,United Kingdom,2011-11-03 15:54:00,2011-11-08 16:18:00,2,317,494.72999999999996,15.460312499999999,29,5
16603,United Kingdom,2011-09-09 13:02:00,2011-09-26 10:06:00,2,480,482.47,14.19029411764706,34,16
16607,United Kingdom,2010-12-16 08:41:00,2011-11-22 10:24:00,16,2822,3038.67,17.463620689655173,140,341
16609,United Kingdom,2011-04-01 10:11:00,2011-11-24 13:32:00,9,2410,5450.96,19.467714285714287,155,237
16610,United Kingdom,2011-05-04 13:13:00,2011-05-04 13:13:00,1,66,75.66,12.61,6,0
16611,United Kingdom,2011-04-20 16:41:00,2011-06-06 15:46:00,2,46,120.99000000000001,10.99909090909091,10,46
16612,United Kingdom,2011-02-01 10:38:00,2011-11-07 07:38:00,4,506,1187.66,17.994848484848486,48,278
16613,United Kingdom,2011-09-30 15:52:00,2011-09-30 15:52:00,1,293,618.59,20.619666666666667,30,0
16614,United Kingdom,2011-06-10 11:36:00,2011-06-10 11:36:00,1,223,506.19,19.468846153846155,26,0
16616,United Kingdom,2011-07-05 13:38:00,2011-11-24 16:31:00,2,370,500.42,15.164242424242424,31,142
16617,United Kingdom,2011-04-18 10:35:00,2011-04-18 10:35:00,1,91,151.85,30.369999999999997,5,0
16618,United Kingdom,2011-01-21 11:55:00,2011-11-08 13:52:00,6,1362,2630.64,27.119999999999997,79,291
16619,United Kingdom,2011-03-21 08:18:00,2011-03-31 12:20:00,2,129,204.41,12.775625,14,10
16620,United Kingdom,2011-03-24 10:37:00,2011-12-06 12:19:00,2,88,178.96,19.884444444444444,9,257
16621,United Kingdom,2011-03-07 11:32:00,2011-10-19 11:38:00,4,302,813.48,28.05103448275862,22,226
16623,United Kingdom,2011-04-08 10:09:00,2011-04-08 10:09:00,1,39,129.45,25.889999999999997,5,0
16624,United Kingdom,2011-05-26 14:20:00,2011-09-20 12:39:00,2,488,810.5699999999999,16.886875,44,116
16625,United Kingdom,2011-03-10 12:50:00,2011-03-10 12:50:00,1,164,333.08,14.481739130434782,23,0
16626,United Kingdom,2011-03-18 12:27:00,2011-12-09 11:56:00,20,2670,4379.65,23.802445652173912,86,265
16627,United Kingdom,2011-09-21 14:38:00,2011-09-21 14:38:00,1,162,322.8,16.14,20,0
16628,United Kingdom,2011-04-19 08:55:00,2011-11-10 12:45:00,6,1202,2183.04,18.34487394957983,79,205
16629,United Kingdom,2011-09-04 16:12:00,2011-09-27 10:34:00,2,489,408.63,6.8105,58,22
16633,United Kingdom,2011-04-19 14:36:00,2011-11-22 13:41:00,7,1137,2878.15,18.811437908496732,115,216
16634,United Kingdom,2010-12-02 17:41:00,2011-05-01 12:09:00,2,82,217.9,24.211111111111112,9,149
16637,United Kingdom,2011-04-28 10:20:00,2011-11-07 13:17:00,5,891,1124.59,15.619305555555554,66,193
16638,United Kingdom,2010-12-06 10:19:00,2011-11-17 11:09:00,11,1254,1676.47,17.647052631578948,92,346
16639,United Kingdom,2011-04-18 09:31:00,2011-11-14 13:47:00,4,503,1169.38,22.488076923076925,48,210
16641,United Kingdom,2011-08-26 12:49:00,2011-08-26 12:49:00,1,256,231.10000000000002,19.258333333333336,12,0
16642,United Kingdom,2011-05-16 12:35:00,2011-12-05 11:31:00,3,478,679.83,19.423714285714286,32,202
16643,United Kingdom,2011-04-08 08:24:00,2011-04-08 08:24:00,1,269,487.51,18.055925925925926,27,0
16644,United Kingdom,2011-05-11 12:53:00,2011-06-15 12:39:00,2,826,833.78,13.448064516129032,62,34
16647,United Kingdom,2011-05-19 09:31:00,2011-06-23 11:47:00,2,146,214.06,15.290000000000001,12,35
16648,United Kingdom,2011-10-28 08:58:00,2011-11-01 09:52:00,2,269,270.85999999999996,12.898095238095236,19,4
16650,United Kingdom,2011-09-29 09:51:00,2011-09-29 09:51:00,1,372,518.42,21.60083333333333,24,0
16652,United Kingdom,2011-03-11 13:13:00,2011-10-17 11:43:00,11,3267,6654.26,54.09967479674797,75,219
16653,United Kingdom,2011-09-29 13:38:00,2011-11-23 14:51:00,3,723,1166.92,15.354210526315791,67,55
16654,United Kingdom,2010-12-06 15:09:00,2011-07-21 15:23:00,5,280,594.97,19.192580645161293,29,227
16655,United Kingdom,2011-01-12 10:16:00,2011-11-22 11:25:00,6,2363,3789.52,14.688062015503876,208,314
16656,United Kingdom,2010-12-10 11:23:00,2011-11-17 14:43:00,21,8873,8568.24,107.103,14,342
16657,United Kingdom,2011-03-30 12:02:00,2011-11-30 11:48:00,4,1130,874.43,4.554322916666666,158,244
16658,United Kingdom,2010-12-06 13:47:00,2010-12-06 13:47:00,1,40,123.24,15.405,8,0
16659,United Kingdom,2011-06-03 15:03:00,2011-06-03 15:03:00,1,72,39.12,19.56,2,0
16660,United Kingdom,2011-01-24 12:44:00,2011-11-23 14:53:00,5,451,810.4499999999999,47.673529411764704,16,303
16665,United Kingdom,2010-12-12 14:03:00,2010-12-12 14:03:00,1,59,135.39999999999998,15.044444444444443,9,0
16666,United Kingdom,2011-11-20 14:01:00,2011-11-20 14:01:00,1,233,118.98,3.718125,32,0
16667,United Kingdom,2011-02-28 12:57:00,2011-10-02 15:26:00,2,236,567.1800000000001,10.907307692307693,52,216
16668,United Kingdom,2011-02-28 12:46:00,2011-11-24 17:43:00,6,318,306.71999999999997,15.335999999999999,9,269
16669,United Kingdom,2011-09-22 14:13:00,2011-11-16 12:26:00,4,876,1344.88,8.566114649681529,141,54
16670,United Kingdom,2010-12-16 10:30:00,2011-11-23 09:34:00,17,2524,4022.46,15.352900763358779,179,341
16671,United Kingdom,2011-06-28 11:20:00,2011-11-11 13:40:00,3,875,1692.27,282.045,3,136
16672,United Kingdom,2011-03-18 10:15:00,2011-12-07 16:29:00,23,2812,8093.59,69.1759829059829,23,264
16674,United Kingdom,2011-09-02 13:59:00,2011-10-16 11:31:00,2,181,304.24,3.2713978494623657,89,43
16676,United Kingdom,2011-01-06 13:00:00,2011-11-06 12:01:00,5,631,1558.72,16.942608695652176,75,303
16678,United Kingdom,2011-03-02 09:24:00,2011-12-07 12:17:00,17,2368,3013.83,17.728411764705882,93,280
16679,United Kingdom,2010-12-08 13:51:00,2010-12-08 13:51:00,1,29,129.75,43.25,3,0
16680,United Kingdom,2011-10-27 17:35:00,2011-10-27 17:35:00,1,94,183.7,18.369999999999997,10,0
16681,United Kingdom,2011-03-31 13:46:00,2011-09-28 11:11:00,6,1407,1770.34,40.235,18,180
16682,United Kingdom,2011-06-05 11:02:00,2011-12-05 12:13:00,5,1040,1028.0,34.266666666666666,15,183
16684,United Kingdom,2010-12-16 17:34:00,2011-12-05 14:06:00,31,49390,65892.08,234.49138790035587,120,353
16685,United Kingdom,2011-10-09 13:44:00,2011-10-09 13:58:00,2,396,324.24,5.2296774193548385,60,0
16686,United Kingdom,2010-12-19 14:41:00,2011-10-23 13:49:00,9,1972,2940.53,5.3757404021937845,406,307
16688,United Kingdom,2011-10-10 12:23:00,2011-12-08 15:24:00,4,804,1260.86,20.336451612903225,52,59
16689,United Kingdom,2011-09-18 13:29:00,2011-09-25 11:39:00,3,168,303.26,18.95375,13,6
16690,United Kingdom,2011-05-22 10:53:00,2011-10-27 10:58:00,3,137,208.63,16.048461538461538,10,158
16692,United Kingdom,2011-02-23 15:41:00,2011-03-28 14:46:00,2,152,1276.0,425.3333333333333,2,32
16693,United Kingdom,2011-03-13 11:06:00,2011-10-02 11:10:00,2,203,477.86,8.099322033898305,58,203
16696,United Kingdom,2011-04-05 15:20:00,2011-07-27 14:23:00,4,146,657.9000000000001,65.79,7,112
16697,United Kingdom,2011-04-12 17:12:00,2011-04-12 17:12:00,1,27,112.75,5.369047619047619,20,0
16698,United Kingdom,2011-03-31 13:33:00,2011-04-27 10:52:00,2,840,1998.0,399.6,4,26
16700,United Kingdom,2010-12-08 16:34:00,2011-12-01 11:00:00,17,4019,5040.0,16.153846153846153,159,357
16701,United Kingdom,2010-12-13 11:51:00,2011-12-01 11:10:00,18,6211,5150.2699999999995,33.44331168831169,99,352
16705,United Kingdom,2010-12-16 10:51:00,2011-12-09 12:08:00,29,5458,13946.130000000001,49.106091549295776,135,358
16706,United Kingdom,2011-08-17 15:53:00,2011-11-02 13:50:00,3,249,531.35,4.319918699186992,108,76
16708,United Kingdom,2011-10-25 12:20:00,2011-10-25 12:20:00,1,285,656.63,24.31962962962963,27,0
16709,United Kingdom,2011-03-03 10:55:00,2011-09-16 10:56:00,5,851,3029.87,38.35278481012658,64,197
16710,United Kingdom,2010-12-06 13:13:00,2011-11-20 14:50:00,10,1823,2467.99,6.263934010152283,268,349
16711,United Kingdom,2010-12-17 12:43:00,2011-12-06 16:32:00,5,833,1651.03,75.04681818181818,18,354
16712,United Kingdom,2011-03-08 15:07:00,2011-11-30 13:48:00,11,1730,3611.31,8.245,259,266
16713,United Kingdom,2010-12-08 12:03:00,2011-11-21 12:36:00,21,4259,6827.88,10.889760765550239,339,348
16714,United Kingdom,2011-01-26 13:40:00,2011-05-05 11:09:00,4,587,879.0600000000001,9.989318181818183,77,98
16715,United Kingdom,2011-09-22 18:15:00,2011-09-22 18:15:00,1,642,301.71999999999997,15.879999999999999,19,0
16716,United Kingdom,2011-02-01 15:35:00,2011-03-18 10:03:00,3,44,319.8000000000001,106.60000000000004,1,44
16717,United Kingdom,2010-12-08 16:48:00,2011-11-30 17:42:00,9,1562,3263.06,13.885361702127659,178,357
16718,United Kingdom,2010-12-05 13:03:00,2010-12-05 13:03:00,1,407,606.0500000000001,13.773863636363638,41,0
16719,United Kingdom,2010-12-06 12:06:00,2011-11-25 09:27:00,8,1173,1753.72,8.857171717171717,108,353
16720,United Kingdom,2011-11-13 16:22:00,2011-11-13 16:22:00,1,180,152.95,6.117999999999999,25,0
16721,United Kingdom,2011-03-22 16:08:00,2011-03-22 16:08:00,1,172,292.47,7.904594594594595,37,0
16722,United Kingdom,2010-12-06 12:59:00,2011-11-22 13:28:00,16,4989,4711.21,20.663201754385966,96,351
16723,United Kingdom,2011-08-24 11:31:00,2011-09-09 13:01:00,2,398,576.4,13.723809523809523,37,16
16725,United Kingdom,2010-12-03 16:02:00,2011-02-10 16:52:00,8,287,752.32,5.1528767123287675,110,69
16726,United Kingdom,2010-12-13 13:28:00,2011-11-13 14:53:00,5,945,1358.74,7.633370786516854,121,335
16727,United Kingdom,2010-12-10 13:48:00,2010-12-10 13:48:00,1,167,256.32,5.825454545454545,41,0
16728,United Kingdom,2011-03-20 13:28:00,2011-10-24 14:36:00,4,671,1048.28,3.9858555133079845,218,218
16729,United Kingdom,2011-04-12 14:22:00,2011-11-03 19:11:00,26,5708,7041.69,10.604954819277108,235,205
16730,United Kingdom,2011-01-24 14:01:00,2011-10-18 14:11:00,4,898,702.79,8.36654761904762,75,267
16732,United Kingdom,2011-11-08 09:54:00,2011-11-08 09:54:00,1,317,603.75,21.5625,28,0
16734,United Kingdom,2011-08-17 15:00:00,2011-10-18 13:44:00,3,345,646.76,12.437692307692307,44,61
16735,United Kingdom,2011-01-09 12:53:00,2011-09-22 11:49:00,7,1513,2216.06,18.62235294117647,88,255
16737,United Kingdom,2011-10-17 13:03:00,2011-10-17 13:03:00,1,288,417.59999999999997,417.59999999999997,1,0
16738,United Kingdom,2011-02-15 09:46:00,2011-02-15 09:46:00,1,3,3.75,3.75,1,0
16739,United Kingdom,2011-06-16 09:17:00,2011-06-20 17:15:00,2,169,312.55,19.534375,13,4
16742,United Kingdom,2011-10-24 11:58:00,2011-10-24 12:02:00,2,-189,0.0,0.0,4,0
16743,United Kingdom,2010-12-16 12:15:00,2011-11-10 13:13:00,8,1998,2166.88,11.285833333333334,89,329
16744,United Kingdom,2011-06-19 15:13:00,2011-11-28 13:06:00,7,798,1291.91,5.4741949152542375,198,161
16745,United Kingdom,2011-02-01 11:31:00,2011-09-14 11:58:00,18,6711,7157.1,20.10421348314607,148,225
16746,United Kingdom,2010-12-16 11:43:00,2011-12-05 12:33:00,19,4657,6676.76,14.936823266219239,234,354
16747,United Kingdom,2011-10-03 10:18:00,2011-11-14 13:37:00,4,577,826.96,18.37688888888889,34,42
16748,United Kingdom,2011-01-09 13:50:00,2011-11-22 10:17:00,5,880,1515.9,21.969565217391306,42,316
16750,United Kingdom,2011-04-21 16:53:00,2011-10-26 12:48:00,5,214,623.93,6.567684210526315,74,187
16751,United Kingdom,2011-11-09 10:48:00,2011-11-09 10:48:00,1,1031,1764.72,70.5888,24,0
16752,United Kingdom,2010-12-02 12:18:00,2010-12-02 12:18:00,1,54,207.5,23.055555555555557,9,0
16753,United Kingdom,2011-10-12 13:14:00,2011-10-12 13:14:00,1,189,223.92000000000002,6.5858823529411765,34,0
16754,United Kingdom,2010-12-02 17:38:00,2010-12-02 17:38:00,1,4280,2002.4,1001.2,2,0
16755,United Kingdom,2011-01-28 10:47:00,2011-08-17 13:21:00,5,1052,1463.23,8.556900584795322,134,201
16756,United Kingdom,2011-05-09 09:33:00,2011-05-09 09:33:00,1,106,239.4,18.415384615384617,13,0
16757,United Kingdom,2011-01-25 11:59:00,2011-01-25 11:59:00,1,81,106.83000000000001,15.261428571428572,7,0
16758,United Kingdom,2011-10-05 14:47:00,2011-10-05 14:47:00,1,203,369.34000000000003,16.78818181818182,22,0
16759,United Kingdom,2011-11-09 09:06:00,2011-12-02 12:42:00,4,608,772.84,17.973023255813953,40,23
16761,United Kingdom,2011-09-04 11:15:00,2011-09-04 11:15:00,1,341,316.62,24.355384615384615,13,0
16762,United Kingdom,2011-07-18 12:52:00,2011-11-20 11:43:00,3,480,1207.24,19.162539682539684,51,124
16763,United Kingdom,2011-05-25 11:52:00,2011-06-07 14:24:00,2,318,594.9,24.787499999999998,23,13
16764,United Kingdom,2011-07-19 17:17:00,2011-12-06 11:41:00,18,1241,2749.9500000000003,3.862289325842697,209,139
16765,United Kingdom,2011-02-18 15:41:00,2011-02-18 15:41:00,1,4,34.0,34.0,1,0
16766,United Kingdom,2011-03-11 13:34:00,2011-03-11 15:22:00,2,536,1145.6,33.69411764705882,17,0
16767,United Kingdom,2011-01-27 13:38:00,2011-11-09 09:42:00,11,4423,5575.56,25.22877828054299,148,285
16768,United Kingdom,2011-03-13 10:25:00,2011-10-23 10:38:00,5,191,458.04,7.897241379310345,47,224
16769,United Kingdom,2011-03-24 13:41:00,2011-03-24 13:41:00,1,80,361.54,9.51421052631579,33,0
16770,United Kingdom,2010-12-02 15:49:00,2011-10-13 12:21:00,6,444,731.9,5.190780141843971,116,314
16771,United Kingdom,2011-01-05 13:57:00,2011-11-06 13:28:00,5,1487,2242.61,8.829173228346457,200,304
16773,United Kingdom,2011-10-13 14:37:00,2011-10-13 14:37:00,1,171,171.59,6.599615384615385,23,0
16774,United Kingdom,2011-06-14 12:45:00,2011-10-03 12:41:00,5,318,654.92,13.365714285714285,36,110
16775,United Kingdom,2010-12-07 15:15:00,2011-11-29 15:22:00,11,439,1691.51,10.773949044585986,84,357
16776,United Kingdom,2011-10-10 13:04:00,2011-10-10 13:04:00,1,254,371.54,5.232957746478873,61,0
16777,United Kingdom,2011-03-27 14:34:00,2011-09-20 13:41:00,2,62,222.62,4.6379166666666665,45,176
16778,United Kingdom,2011-03-10 15:21:00,2011-09-26 13:48:00,2,194,245.94,15.37125,16,199
16779,United Kingdom,2010-12-08 09:56:00,2011-12-07 14:54:00,28,5212,10436.05,30.514766081871343,161,364
16780,United Kingdom,2011-03-25 17:34:00,2011-08-31 16:09:00,2,270,422.24,7.156610169491525,51,158
16781,United Kingdom,2010-12-02 14:26:00,2010-12-09 15:18:00,2,111,294.65,15.507894736842104,17,7
16782,United Kingdom,2010-12-06 16:10:00,2011-11-29 13:20:00,19,696,2230.3,11.73842105263158,103,357
16784,United Kingdom,2011-11-20 12:20:00,2011-11-20 12:20:00,1,24,107.6,35.86666666666667,3,0
16788,United Kingdom,2011-03-30 13:05:00,2011-08-08 14:53:00,2,304,594.39,4.016148648648649,138,131
16789,United Kingdom,2011-12-01 15:12:00,2011-12-01 15:12:00,1,32,80.8,16.16,5,0
16790,United Kingdom,2011-11-02 11:23:00,2011-12-06 11:53:00,8,892,1520.1200000000001,16.001263157894737,88,34
16791,United Kingdom,2011-01-11 15:42:00,2011-11-10 19:12:00,8,753,1690.28,5.348987341772152,218,303
16792,United Kingdom,2011-03-02 14:39:00,2011-03-02 14:41:00,2,44,110.38000000000001,9.198333333333334,11,0
16793,United Kingdom,2011-10-13 15:08:00,2011-10-13 15:08:00,1,146,243.84,15.24,16,0
16794,United Kingdom,2011-06-12 14:15:00,2011-12-08 17:54:00,12,919,1175.3,4.1975,142,179
16795,United Kingdom,2010-12-09 14:08:00,2010-12-09 14:08:00,1,239,414.88,6.286060606060606,64,0
16796,United Kingdom,2011-09-11 14:01:00,2011-09-11 14:01:00,1,186,305.62,16.97888888888889,18,0
16800,United Kingdom,2011-11-28 14:06:00,2011-11-28 14:06:00,1,524,1162.65,7.452884615384616,148,0
16801,United Kingdom,2011-03-11 13:56:00,2011-06-29 15:33:00,5,307,842.33,7.019416666666667,72,110
16803,United Kingdom,2011-10-05 14:28:00,2011-10-05 14:28:00,1,245,332.3,13.845833333333333,24,0
16804,United Kingdom,2011-03-14 15:48:00,2011-11-16 16:43:00,3,246,536.99,8.949833333333334,59,247
16805,United Kingdom,2010-12-14 13:35:00,2011-06-19 11:23:00,2,539,460.59,4.699897959183673,94,186
16806,United Kingdom,2011-04-14 19:59:00,2011-08-28 15:27:00,4,356,762.16,8.195268817204301,68,135
16807,United Kingdom,2011-03-14 09:46:00,2011-07-20 12:00:00,3,778,1121.59,16.740149253731342,57,128
16808,United Kingdom,2011-03-10 19:05:00,2011-09-01 19:34:00,2,196,288.42,12.540000000000001,21,175
16809,United Kingdom,2011-03-22 13:13:00,2011-11-16 15:45:00,6,651,912.74,6.084933333333334,79,239
16810,United Kingdom,2010-12-14 11:24:00,2011-05-31 15:32:00,2,112,275.64,17.2275,16,168
16811,United Kingdom,2011-11-22 17:19:00,2011-12-05 11:39:00,2,477,547.07,19.538214285714286,26,12
16812,United Kingdom,2010-12-14 12:35:00,2010-12-14 12:35:00,1,81,479.35,31.956666666666667,15,0
16813,United Kingdom,2011-05-19 13:28:00,2011-12-01 14:03:00,10,1501,1652.18,3.878356807511737,248,196
16814,United Kingdom,2010-12-05 11:45:00,2011-11-25 13:27:00,22,2696,6408.2,20.025624999999998,122,355
16816,United Kingdom,2010-12-16 17:01:00,2011-08-28 14:16:00,4,274,417.06,14.895,28,254
16817,United Kingdom,2010-12-06 14:19:00,2011-12-07 11:03:00,13,762,1446.95,15.231052631578947,76,365
16818,United Kingdom,2011-05-18 11:42:00,2011-11-29 10:41:00,13,2162,3317.97,17.462999999999997,172,194
16820,United Kingdom,2011-09-05 12:06:00,2011-09-05 12:06:00,1,307,497.61,19.138846153846153,26,0
16823,United Kingdom,2011-04-26 15:00:00,2011-04-26 15:00:00,1,136,358.38,9.431052631578947,34,0
16824,United Kingdom,2011-06-28 13:36:00,2011-11-24 12:38:00,2,236,460.64,17.716923076923077,23,148
16825,United Kingdom,2011-06-07 09:44:00,2011-11-01 11:51:00,2,566,775.1800000000001,27.685000000000002,27,147
16826,United Kingdom,2011-10-19 14:05:00,2011-10-19 14:05:00,1,158,341.7,15.531818181818181,22,0
16828,United Kingdom,2011-08-19 13:24:00,2011-09-07 15:10:00,2,59,128.5,16.0625,8,19
16829,United Kingdom,2011-07-06 10:48:00,2011-07-06 10:48:00,1,99,197.22,17.92909090909091,11,0
16830,United Kingdom,2011-11-01 11:35:00,2011-11-01 11:35:00,1,264,325.91,14.170000000000002,23,0
16832,United Kingdom,2011-05-06 14:12:00,2011-06-08 15:36:00,3,33,199.15,16.595833333333335,11,33
16833,United Kingdom,2011-01-09 13:02:00,2011-12-08 14:39:00,4,440,1106.53,23.5431914893617,46,333
16834,United Kingdom,2011-04-26 09:37:00,2011-04-26 09:37:00,1,358,413.46,17.2275,24,0
16835,United Kingdom,2010-12-01 17:15:00,2011-08-03 13:50:00,2,61,180.85,18.085,10,244
16836,United Kingdom,2011-08-15 12:38:00,2011-10-31 10:05:00,2,165,251.87,22.89727272727273,11,76
16837,United Kingdom,2011-04-08 08:48:00,2011-11-08 14:27:00,12,1562,3167.73,19.082710843373494,123,214
16838,United Kingdom,2011-02-24 15:01:00,2011-05-26 13:13:00,3,184,582.9,22.41923076923077,24,90
16839,United Kingdom,2010-12-05 11:15:00,2011-12-01 09:03:00,39,8470,15357.78,51.5361744966443,117,360
16841,United Kingdom,2011-02-25 12:40:00,2011-11-03 11:51:00,7,2234,1774.62,15.167692307692306,101,250
16842,United Kingdom,2011-02-10 14:51:00,2011-10-06 17:38:00,4,692,1260.44,19.694375,45,238
16843,United Kingdom,2011-01-16 16:10:00,2011-10-28 09:06:00,17,10154,10183.82,26.87023746701847,226,284
16846,United Kingdom,2011-10-20 13:55:00,2011-10-20 13:55:00,1,135,214.32,19.483636363636364,11,0
16847,United Kingdom,2011-10-27 13:29:00,2011-10-27 13:29:00,1,78,193.44,16.12,12,0
16848,United Kingdom,2011-10-18 08:42:00,2011-10-18 08:42:00,1,182,281.42,20.101428571428574,14,0
16849,United Kingdom,2011-06-06 09:16:00,2011-06-06 09:16:00,1,33,124.57,15.57125,8,0
16850,United Kingdom,2011-01-10 11:09:00,2011-01-10 11:09:00,1,249,332.41,17.495263157894737,19,0
16851,United Kingdom,2011-10-19 09:48:00,2011-12-05 13:32:00,3,271,342.45,17.1225,17,47
16852,United Kingdom,2011-06-16 15:49:00,2011-11-29 13:22:00,2,56,144.91000000000003,16.101111111111113,9,165
16855,United Kingdom,2011-10-27 16:31:00,2011-11-16 12:03:00,2,164,328.4,17.28421052631579,19,19
16856,United Kingdom,2011-11-25 08:59:00,2011-11-25 08:59:00,1,12,35.400000000000006,17.700000000000003,2,0
16858,United Kingdom,2010-12-06 09:52:00,2010-12-08 14:52:00,2,83,345.89000000000004,26.60692307692308,9,2
16859,United Kingdom,2011-03-23 13:39:00,2011-08-25 14:12:00,5,656,473.14,6.5713888888888885,50,155
16861,United Kingdom,2010-12-06 15:09:00,2011-10-11 09:05:00,3,133,151.65,18.95625,8,308
16863,United Kingdom,2010-12-08 08:58:00,2011-11-10 15:23:00,4,392,481.35,17.19107142857143,25,337
16866,United Kingdom,2011-07-01 12:34:00,2011-07-22 10:06:00,3,60,207.73999999999998,18.885454545454543,10,20
16869,United Kingdom,2011-06-17 13:01:00,2011-11-17 12:02:00,5,579,797.3199999999999,6.2290624999999995,113,152
16871,United Kingdom,2011-03-14 10:31:00,2011-11-17 19:27:00,7,1250,2761.4900000000002,19.866834532374103,131,248
16872,United Kingdom,2011-06-08 14:32:00,2011-09-23 16:05:00,3,600,680.02,97.14571428571428,5,107
16873,United Kingdom,2010-12-10 15:45:00,2011-12-05 12:05:00,10,3825,7066.31,24.45089965397924,179,359
16875,United Kingdom,2011-01-04 10:37:00,2011-10-06 19:20:00,9,1044,2023.47,16.4509756097561,94,275
16877,United Kingdom,2011-05-15 16:13:00,2011-11-27 13:47:00,6,458,846.62,5.427051282051282,111,195
16878,United Kingdom,2011-09-16 17:39:00,2011-11-15 08:52:00,2,0,0.0,0.0,3,59
16880,United Kingdom,2011-06-03 16:45:00,2011-11-09 11:33:00,7,746,1491.43,8.571436781609195,121,158
16881,United Kingdom,2011-10-04 10:33:00,2011-10-04 10:33:00,1,600,432.0,432.0,1,0
16882,United Kingdom,2011-01-26 17:43:00,2011-10-04 10:42:00,3,424,705.12,18.080000000000002,39,250
16883,United Kingdom,2010-12-03 10:33:00,2011-06-05 12:51:00,2,103,272.48,7.364324324324325,33,184
16884,United Kingdom,2011-11-02 10:16:00,2011-11-02 11:52:00,2,320,429.84000000000003,16.532307692307693,26,0
16885,United Kingdom,2010-12-17 17:23:00,2011-11-24 13:40:00,3,178,450.41,4.691770833333334,82,341
16887,United Kingdom,2011-11-04 14:07:00,2011-11-04 14:07:00,1,156,192.32999999999998,5.342499999999999,35,0
16889,United Kingdom,2011-01-07 10:47:00,2011-05-29 11:05:00,3,925,1578.67,11.693851851851852,112,142
16891,United Kingdom,2010-12-03 11:35:00,2011-12-08 11:15:00,5,265,742.43,3.991559139784946,166,369
16892,United Kingdom,2011-01-20 13:19:00,2011-12-08 13:18:00,7,232,489.49,4.944343434343434,88,321
16893,United Kingdom,2010-12-08 12:06:00,2010-12-08 12:06:00,1,62,145.93,3.242888888888889,44,0
16895,United Kingdom,2011-10-06 12:15:00,2011-10-06 12:15:00,1,91,202.27,3.26241935483871,57,0
16897,United Kingdom,2011-01-30 11:52:00,2011-02-13 15:45:00,3,58,213.03,4.841590909090909,37,14
16898,United Kingdom,2010-12-06 12:23:00,2011-11-13 15:44:00,4,379,436.68,2.7637974683544306,151,342
16899,United Kingdom,2010-12-14 13:11:00,2011-12-02 12:03:00,6,520,1271.06,10.333821138211382,80,352
16900,United Kingdom,2011-10-07 13:17:00,2011-11-28 10:50:00,5,723,187.6900000000001,2.2889024390243917,79,51
16902,United Kingdom,2011-08-15 14:17:00,2011-08-15 14:17:00,1,629,1706.88,38.79272727272728,43,0
16903,United Kingdom,2011-11-10 15:32:00,2011-11-10 15:32:00,1,247,363.2,6.485714285714286,50,0
16904,United Kingdom,2010-12-07 13:29:00,2011-12-05 13:10:00,16,1984,3653.75,5.4943609022556394,387,362
16905,United Kingdom,2010-12-03 10:43:00,2011-12-04 14:01:00,8,1380,3020.65,15.103250000000001,117,366
16906,United Kingdom,2011-04-05 12:30:00,2011-09-19 11:49:00,4,263,559.59,6.506860465116279,74,166
16907,United Kingdom,2010-12-09 16:52:00,2011-11-10 18:04:00,5,286,928.76,6.634,89,336
16909,United Kingdom,2011-09-28 16:45:00,2011-10-06 18:06:00,2,434,364.14,19.165263157894735,18,8
16910,United Kingdom,2011-09-09 14:14:00,2011-12-05 12:51:00,8,884,1508.96,2.7687339449541284,318,86
16912,United Kingdom,2011-01-20 15:42:00,2011-11-16 15:51:00,14,1010,2508.87,24.123749999999998,89,300
16913,United Kingdom,2011-02-22 12:56:00,2011-02-22 12:56:00,1,82,113.44,14.18,8,0
16914,United Kingdom,2011-11-03 15:27:00,2011-11-03 15:27:00,1,112,183.76,6.125333333333333,25,0
16915,United Kingdom,2011-03-01 09:52:00,2011-11-30 16:39:00,6,132,621.6800000000001,10.906666666666668,46,274
16916,United Kingdom,2010-12-02 13:14:00,2011-11-16 12:08:00,2,431,562.41,4.135367647058823,129,348
16917,United Kingdom,2011-03-08 11:55:00,2011-03-08 11:55:00,1,232,391.52,43.50222222222222,9,0
16918,United Kingdom,2011-01-26 17:37:00,2011-10-21 12:50:00,7,708,1043.34,8.025692307692307,97,267
16919,United Kingdom,2010-12-06 12:52:00,2011-07-06 13:35:00,11,1403,2592.25,7.951687116564417,141,212
16921,United Kingdom,2011-10-09 16:22:00,2011-10-09 16:22:00,1,154,154.18,2.8032727272727276,50,0
16923,United Kingdom,2010-12-12 11:06:00,2011-11-27 13:00:00,26,3110,6488.3,9.982000000000001,316,350
16924,United Kingdom,2011-09-16 12:54:00,2011-11-18 12:53:00,4,454,722.64,8.306206896551725,69,62
16926,United Kingdom,2010-12-03 13:42:00,2010-12-03 13:42:00,1,35,230.25,16.446428571428573,14,0
16927,United Kingdom,2010-12-13 11:57:00,2011-08-16 11:10:00,3,993,543.05,90.50833333333333,5,245
16928,United Kingdom,2010-12-01 15:21:00,2011-09-20 15:10:00,19,2072,2748.6,13.214423076923076,72,292
16929,United Kingdom,2011-07-07 12:39:00,2011-12-06 08:37:00,7,929,1295.39,16.823246753246753,51,151
16930,United Kingdom,2011-10-02 14:25:00,2011-11-13 16:13:00,3,339,378.89,7.148867924528302,47,42
16931,United Kingdom,2010-12-05 11:40:00,2011-12-04 13:15:00,21,3134,4554.87,5.140936794582393,448,364
16932,United Kingdom,2011-10-17 14:12:00,2011-10-17 14:12:00,1,82,150.23000000000002,3.129791666666667,44,0
16933,United Kingdom,2011-04-14 12:28:00,2011-12-08 12:54:00,5,281,530.08,10.81795918367347,44,238
16934,United Kingdom,2011-10-16 12:25:00,2011-10-16 12:40:00,2,397,931.03,15.262786885245902,59,0
16936,United Kingdom,2011-11-14 11:04:00,2011-11-14 11:04:00,1,171,261.9,4.676785714285714,56,0
16938,United Kingdom,2011-02-04 09:34:00,2011-12-01 10:20:00,5,1018,1878.43,7.959449152542373,212,300
16940,United Kingdom,2011-02-23 12:27:00,2011-10-18 13:15:00,3,2169,3049.88,9.99960655737705,226,237
16942,United Kingdom,2011-04-26 11:59:00,2011-11-27 12:40:00,10,801,1878.51,6.733010752688172,159,215
16943,United Kingdom,2011-01-25 14:00:00,2011-05-12 11:57:00,3,145,816.73,24.74939393939394,23,106
16945,United Kingdom,2010-12-16 17:49:00,2011-11-18 11:39:00,19,2725,4345.5,17.451807228915662,137,336
16947,United Kingdom,2011-04-18 09:38:00,2011-04-18 09:38:00,1,312,406.48,19.356190476190477,21,0
16948,United Kingdom,2011-01-18 10:58:00,2011-07-24 12:46:00,3,1614,435.02,22.89578947368421,15,187
16949,United Kingdom,2011-01-27 12:11:00,2011-12-06 11:07:00,7,790,1161.27,19.0372131147541,57,312
16950,United Kingdom,2010-12-07 15:20:00,2011-10-14 09:06:00,3,644,1178.56,28.06095238095238,39,310
16951,United Kingdom,2011-02-08 14:58:00,2011-08-08 13:25:00,4,1306,1262.75,14.514367816091953,73,180
16952,United Kingdom,2011-08-22 12:58:00,2011-08-22 13:03:00,2,92,167.61,10.475625,16,0
16953,United Kingdom,2011-11-09 15:54:00,2011-11-09 15:54:00,1,10,20.8,20.8,1,0
16954,United Kingdom,2010-12-15 10:41:00,2011-12-09 09:46:00,9,1054,2085.08,38.61259259259259,40,358
16955,United Kingdom,2010-12-01 13:31:00,2011-06-08 10:36:00,5,246,493.67,18.98730769230769,18,188
16956,United Kingdom,2011-11-22 08:56:00,2011-11-30 14:28:00,2,112,292.34,16.24111111111111,16,8
16957,United Kingdom,2011-03-03 09:25:00,2011-04-14 13:56:00,2,172,416.64,26.04,15,42
16959,United Kingdom,2011-09-13 15:03:00,2011-09-13 15:03:00,1,49,117.35000000000001,16.764285714285716,7,0
16960,United Kingdom,2011-04-01 11:54:00,2011-11-01 11:35:00,3,304,507.05,5.02029702970297,92,213
16961,United Kingdom,2011-08-15 13:46:00,2011-08-15 13:46:00,1,125,234.17,16.72642857142857,14,0
16963,United Kingdom,2011-06-05 13:48:00,2011-06-05 13:48:00,1,35,110.55000000000001,15.792857142857144,7,0
16965,United Kingdom,2011-04-27 12:08:00,2011-04-27 12:08:00,1,291,201.19,7.738076923076923,26,0
16966,United Kingdom,2011-04-13 14:17:00,2011-12-01 13:40:00,10,1978,2148.47,69.30548387096773,9,231
16967,United Kingdom,2011-06-03 14:24:00,2011-06-03 14:24:00,1,333,319.02,15.19142857142857,21,0
16968,United Kingdom,2011-08-24 10:51:00,2011-12-05 15:02:00,2,326,439.43,14.175161290322581,31,103
16969,United Kingdom,2011-06-01 12:10:00,2011-10-31 13:12:00,3,816,650.41,15.48595238095238,42,152
16971,United Kingdom,2011-11-01 15:06:00,2011-12-07 09:15:00,2,71,232.20999999999998,5.528809523809524,41,35
16976,United Kingdom,2011-03-17 16:33:00,2011-03-17 16:33:00,1,88,251.51999999999998,125.75999999999999,2,0
16978,United Kingdom,2011-09-23 12:50:00,2011-09-23 12:50:00,1,166,344.33,8.828974358974358,39,0
16979,United Kingdom,2011-02-15 09:20:00,2011-12-06 12:21:00,8,860,1809.05,19.87967032967033,64,294
16980,United Kingdom,2011-02-21 12:58:00,2011-03-29 16:36:00,2,739,1028.46,12.697037037037038,71,36
16982,United Kingdom,2011-10-10 12:28:00,2011-10-10 12:28:00,1,182,384.06,17.457272727272727,22,0
16983,United Kingdom,2010-12-05 12:34:00,2011-11-27 12:10:00,8,1322,1894.82,13.158472222222223,112,356
16984,United Kingdom,2011-08-01 17:37:00,2011-09-22 18:21:00,5,2365,4370.59,10.63403892944039,354,52
16985,United Kingdom,2010-12-16 10:38:00,2011-11-22 13:33:00,11,1830,5461.62,45.137355371900824,62,341
16986,United Kingdom,2011-11-09 15:52:00,2011-11-10 11:55:00,2,1040,1873.2,624.4,3,0
16987,United Kingdom,2011-05-18 15:55:00,2011-12-06 17:26:00,7,401,1616.8,12.63125,74,202
16988,United Kingdom,2011-12-04 16:02:00,2011-12-04 16:02:00,1,43,126.12,18.017142857142858,7,0
16989,United Kingdom,2011-07-12 09:11:00,2011-12-02 16:39:00,6,1233,1133.25,94.4375,7,143
16990,United Kingdom,2011-05-05 08:30:00,2011-05-05 08:30:00,1,100,179.0,179.0,1,0
16992,United Kingdom,2011-02-02 16:31:00,2011-11-29 11:50:00,6,857,1601.8600000000001,16.861684210526317,85,299
16995,United Kingdom,2010-12-02 17:09:00,2010-12-02 17:09:00,1,-1,-1.25,-1.25,1,0
16996,United Kingdom,2010-12-16 09:48:00,2011-11-09 16:43:00,9,534,1427.46,34.816097560975614,14,328
16997,United Kingdom,2011-01-18 11:51:00,2011-02-24 17:28:00,3,360,702.0,58.5,7,37
16998,United Kingdom,2011-02-08 15:42:00,2011-07-13 09:49:00,6,73,287.02000000000004,47.83666666666667,2,154
16999,United Kingdom,2011-09-26 15:43:00,2011-11-16 13:53:00,2,294,484.82,21.07913043478261,21,50
17001,United Kingdom,2010-12-16 09:35:00,2011-12-09 09:38:00,11,2164,3989.57,23.606923076923078,75,358
17002,United Kingdom,2011-02-22 11:46:00,2011-09-27 16:48:00,4,678,1487.78,29.7556,41,217
17004,United Kingdom,2011-09-08 12:16:00,2011-10-24 14:25:00,2,771,1312.1399999999999,30.51488372093023,38,46
17006,United Kingdom,2011-09-25 12:15:00,2011-12-05 12:09:00,4,272,781.78,17.76772727272727,37,70
17007,United Kingdom,2010-12-17 13:57:00,2011-10-20 10:47:00,7,587,877.4300000000001,16.555283018867925,50,306
17010,United Kingdom,2011-11-21 14:49:00,2011-11-23 11:04:00,2,116,185.46,15.455,11,1
17011,United Kingdom,2011-11-09 13:30:00,2011-11-09 13:30:00,1,186,270.9,18.06,15,0
17014,United Kingdom,2011-10-04 11:36:00,2011-12-01 14:09:00,4,238,562.6800000000001,7.707945205479453,63,58
17015,United Kingdom,2011-06-07 13:19:00,2011-11-11 10:45:00,3,1978,1838.6100000000001,8.591635514018693,182,156
17017,United Kingdom,2010-12-02 10:17:00,2011-12-07 09:32:00,27,6613,8574.11,31.99294776119403,88,369
17018,United Kingdom,2011-01-18 08:46:00,2011-10-30 11:42:00,2,176,920.1,57.50625,15,285
17019,United Kingdom,2010-12-06 12:55:00,2011-11-28 13:06:00,4,820,1258.08,5.517894736842105,166,357
17022,United Kingdom,2011-11-08 17:09:00,2011-11-08 17:09:00,1,108,71.0,10.142857142857142,7,0
17024,United Kingdom,2011-07-05 09:31:00,2011-10-25 13:47:00,3,69,95.85,31.95,2,112
17025,United Kingdom,2010-12-01 15:45:00,2011-10-10 09:06:00,3,235,357.77,39.75222222222222,8,312
17026,United Kingdom,2010-12-05 12:47:00,2011-06-07 14:28:00,2,97,154.82999999999998,38.707499999999996,4,184
17027,United Kingdom,2011-01-26 14:19:00,2011-09-22 12:24:00,7,410,835.86,5.5724,110,238
17029,United Kingdom,2011-04-17 10:57:00,2011-08-21 11:06:00,2,400,716.0,358.0,1,126
17030,United Kingdom,2011-10-07 08:49:00,2011-10-07 08:49:00,1,146,146.87,13.351818181818182,11,0
17031,United Kingdom,2011-07-08 09:38:00,2011-11-28 10:23:00,2,235,380.35,17.288636363636364,19,143
17033,United Kingdom,2010-12-15 13:21:00,2011-09-14 14:34:00,3,750,1030.14,36.79071428571429,24,273
17034,United Kingdom,2011-02-25 10:10:00,2011-11-23 15:14:00,4,406,734.5699999999999,22.955312499999998,28,271
17035,United Kingdom,2011-02-01 12:27:00,2011-04-08 11:23:00,3,201,388.33,12.1353125,27,65
17037,United Kingdom,2011-09-13 12:49:00,2011-09-22 17:20:00,2,652,1253.22,16.275584415584415,75,9
17038,United Kingdom,2011-11-09 13:50:00,2011-11-09 13:50:00,1,28,112.4,5.109090909090909,22,0
17040,United Kingdom,2011-07-25 10:19:00,2011-07-25 10:19:00,1,181,449.73,29.982000000000003,15,0
17041,United Kingdom,2010-12-14 11:43:00,2011-11-13 11:21:00,4,923,1055.69,15.081285714285714,59,333
17042,United Kingdom,2011-04-06 14:53:00,2011-12-07 12:26:00,5,990,1036.58,10.686391752577318,74,244
17043,United Kingdom,2011-03-18 14:53:00,2011-11-07 15:33:00,4,998,1735.18,17.01156862745098,100,234
17044,United Kingdom,2010-12-15 16:34:00,2011-12-01 08:54:00,3,487,897.4300000000001,89.74300000000001,8,350
17045,United Kingdom,2011-04-06 12:08:00,2011-08-18 17:09:00,3,106,339.44,15.42909090909091,20,134
17046,United Kingdom,2011-07-05 14:24:00,2011-07-05 14:24:00,1,510,642.02,29.182727272727274,22,0
17047,United Kingdom,2011-05-18 16:50:00,2011-09-15 13:27:00,3,533,1100.9,16.93692307692308,59,119
17048,United Kingdom,2011-01-12 16:51:00,2011-08-16 14:51:00,6,474,864.32,18.006666666666668,41,215
17049,United Kingdom,2011-03-09 08:33:00,2011-12-07 10:48:00,11,2666,5589.83,17.41380062305296,201,273
17050,United Kingdom,2011-02-13 12:41:00,2011-09-04 13:48:00,6,1595,3185.64,10.342987012987013,169,203
17051,United Kingdom,2011-05-29 14:13:00,2011-05-29 14:13:00,1,179,240.89000000000001,5.735476190476191,40,0
17052,United Kingdom,2011-11-11 14:50:00,2011-11-11 14:50:00,1,251,399.09,4.808313253012048,72,0
17053,United Kingdom,2011-08-01 10:23:00,2011-08-03 10:55:00,2,121,496.38,35.455714285714286,13,2
17054,United Kingdom,2011-04-08 13:14:00,2011-11-11 12:56:00,6,802,1353.83,16.117023809523808,64,216
17058,United Kingdom,2011-04-14 09:18:00,2011-09-19 10:13:00,3,592,1179.89,19.030483870967743,51,158
17059,United Kingdom,2010-12-05 12:35:00,2011-11-10 12:27:00,5,1850,3080.39,5.9929766536964975,292,339
17060,United Kingdom,2011-03-18 13:27:00,2011-03-18 13:27:00,1,216,234.24,46.848,5,0
17061,United Kingdom,2011-04-21 13:29:00,2011-09-27 11:24:00,12,1484,5116.13,50.65475247524753,57,158
17062,United Kingdom,2010-12-05 11:59:00,2011-01-30 11:01:00,5,416,529.4300000000001,7.5632857142857155,53,55
17063,United Kingdom,2011-02-23 13:44:00,2011-12-01 08:46:00,11,763,1421.59,17.336463414634146,66,280
17064,United Kingdom,2011-01-16 16:10:00,2011-10-12 10:18:00,3,316,855.45,14.02377049180328,53,268
17065,United Kingdom,2011-07-19 14:45:00,2011-07-19 14:45:00,1,-1,-112.35,-112.35,1,0
17068,United Kingdom,2010-12-06 13:58:00,2011-11-27 13:14:00,22,2154,4531.34,15.257037037037037,116,355
17069,United Kingdom,2010-12-01 16:49:00,2011-11-11 17:13:00,13,1482,2655.2200000000003,17.241688311688314,111,345
17070,United Kingdom,2011-08-17 17:01:00,2011-08-17 17:01:00,1,131,304.24,4.9070967741935485,62,0
17071,United Kingdom,2011-02-03 08:18:00,2011-12-01 09:06:00,14,1182,2385.48,16.118108108108107,102,301
17073,United Kingdom,2011-08-22 14:37:00,2011-11-22 11:47:00,4,759,1446.09,8.310862068965516,142,91
17075,United Kingdom,2011-01-26 13:20:00,2011-11-22 11:58:00,5,289,813.77,10.172125,62,299
17076,United Kingdom,2010-12-10 10:08:00,2011-11-03 17:53:00,3,295,841.0799999999999,33.6432,17,328
17078,United Kingdom,2011-11-03 18:49:00,2011-11-03 19:17:00,2,788,378.2,13.507142857142856,28,0
17079,United Kingdom,2011-09-22 15:34:00,2011-09-22 15:34:00,1,24,118.80000000000001,59.400000000000006,2,0
17080,United Kingdom,2011-03-15 12:05:00,2011-11-17 12:59:00,3,164,285.5,31.72222222222222,8,247
17081,United Kingdom,2011-10-24 13:08:00,2011-11-14 12:56:00,2,77,288.91,4.585873015873016,55,20
17082,United Kingdom,2011-01-25 14:36:00,2011-11-06 15:17:00,2,1049,2003.85,24.738888888888887,75,285
17083,United Kingdom,2011-02-09 11:38:00,2011-08-22 15:43:00,3,772,1405.78,27.034230769230767,24,194
17084,United Kingdom,2011-11-04 14:49:00,2011-11-04 14:54:00,2,1702,2747.9900000000002,18.44288590604027,146,0
17085,United Kingdom,2010-12-12 12:24:00,2011-08-08 14:15:00,6,783,1550.8,8.248936170212765,116,239
17086,United Kingdom,2011-10-07 11:22:00,2011-12-02 13:54:00,6,1859,2050.08,21.355,76,56
17088,United Kingdom,2011-03-31 09:48:00,2011-11-11 14:23:00,4,868,1991.01,17.313130434782607,96,225
17090,United Kingdom,2010-12-20 13:52:00,2011-12-05 13:44:00,8,902,1972.55,31.815322580645162,45,349
17091,United Kingdom,2010-12-07 09:55:00,2011-12-07 10:43:00,10,1743,3802.81,19.20611111111111,119,365
17092,United Kingdom,2011-03-07 14:51:00,2011-10-20 19:51:00,4,1130,1774.03,14.306693548387097,99,227
17094,United Kingdom,2011-01-21 13:09:00,2011-01-25 17:24:00,2,148,270.20000000000005,18.013333333333335,14,4
17095,United Kingdom,2011-01-09 11:05:00,2011-11-17 16:40:00,6,613,1088.2,14.132467532467533,70,312
17096,United Kingdom,2011-03-23 12:05:00,2011-11-30 15:05:00,7,332,992.6800000000001,19.09,46,252
17097,Spain,2010-12-09 14:55:00,2011-12-07 17:05:00,9,457,937.92,4.403380281690141,153,363
17100,United Kingdom,2011-11-21 16:36:00,2011-11-21 16:36:00,2,800,971.74,14.949846153846154,65,0
17101,United Kingdom,2011-06-14 14:49:00,2011-11-29 13:57:00,4,815,1621.73,38.61261904761905,28,167
17102,United Kingdom,2011-03-23 10:08:00,2011-03-23 10:08:00,1,2,25.5,25.5,1,0
17105,United Kingdom,2011-02-06 14:46:00,2011-07-03 15:53:00,2,693,665.78,7.397555555555555,80,147
17107,United Kingdom,2011-03-06 15:17:00,2011-11-07 08:41:00,7,4526,10362.48,24.73145584725537,269,245
17109,United Kingdom,2011-04-21 15:46:00,2011-11-10 16:59:00,8,572,865.9300000000001,7.216083333333334,107,203
17110,United Kingdom,2011-06-27 12:58:00,2011-06-27 12:58:00,1,50,163.29999999999998,13.608333333333333,12,0
17111,United Kingdom,2011-10-23 15:59:00,2011-10-23 15:59:00,1,282,231.61,7.986551724137931,29,0
17114,United Kingdom,2011-01-09 11:39:00,2011-12-04 12:17:00,10,206,739.72,5.646717557251908,85,329
17115,United Kingdom,2011-04-20 14:46:00,2011-12-01 14:30:00,5,368,806.9000000000001,18.76511627906977,33,224
17117,United Kingdom,2011-02-24 13:54:00,2011-02-24 13:54:00,1,68,116.19999999999999,12.91111111111111,9,0
17118,United Kingdom,2011-01-26 12:19:00,2011-01-26 12:19:00,1,154,157.02,15.702000000000002,10,0
17119,United Kingdom,2011-10-11 11:03:00,2011-12-06 14:40:00,3,327,593.61,15.621315789473684,35,56
17120,United Kingdom,2011-04-20 15:21:00,2011-04-20 15:21:00,1,120,307.46,17.08111111111111,18,0
17122,United Kingdom,2011-08-12 14:33:00,2011-08-12 14:33:00,1,80,138.32,19.759999999999998,7,0
17123,United Kingdom,2011-07-01 10:47:00,2011-07-01 10:47:00,1,246,345.29999999999995,38.36666666666666,9,0
17124,United Kingdom,2011-06-07 14:02:00,2011-06-07 14:02:00,1,129,294.24,9.491612903225807,31,0
17125,United Kingdom,2011-10-20 14:41:00,2011-10-20 14:41:00,1,281,230.5,6.585714285714285,34,0
17126,United Kingdom,2010-12-12 11:19:00,2011-07-10 13:52:00,7,778,976.55,3.9061999999999997,189,210
17128,United Kingdom,2011-01-09 12:02:00,2011-01-09 12:02:00,1,76,157.09,11.220714285714285,14,0
17131,United Kingdom,2011-09-25 12:42:00,2011-12-04 12:52:00,5,983,2463.17,18.38186567164179,78,70
17133,United Kingdom,2011-03-18 13:47:00,2011-11-24 12:27:00,7,2730,4892.240000000001,181.1940740740741,13,250
17134,United Kingdom,2011-03-20 11:56:00,2011-08-25 09:53:00,2,98,413.2,17.965217391304346,21,157
17135,United Kingdom,2010-12-03 09:31:00,2011-11-23 16:48:00,7,1224,1139.73,21.917884615384615,34,355
17138,United Kingdom,2011-03-09 11:54:00,2011-03-09 11:54:00,1,126,380.5,15.854166666666666,24,0
17139,United Kingdom,2011-02-24 09:32:00,2011-11-24 10:12:00,15,5157,10567.87,21.744588477366257,309,273
17140,United Kingdom,2011-04-06 13:33:00,2011-04-06 13:33:00,1,296,454.12,25.22888888888889,16,0
17142,United Kingdom,2011-04-14 18:22:00,2011-04-14 18:22:00,1,81,579.0,38.6,15,0
17144,United Kingdom,2011-09-16 12:50:00,2011-12-08 17:57:00,2,483,984.57,20.511875,42,83
17146,United Kingdom,2010-12-16 12:20:00,2011-08-26 12:44:00,3,212,749.78,21.422285714285714,33,253
17147,United Kingdom,2011-02-01 09:36:00,2011-11-17 12:32:00,6,878,1679.64,19.760470588235297,70,289
17148,United Kingdom,2011-10-19 09:59:00,2011-10-19 09:59:00,1,82,124.88,13.875555555555556,9,0
17152,United Kingdom,2011-03-21 16:20:00,2011-05-29 12:19:00,4,477,1503.5,93.96875,9,68
17153,United Kingdom,2011-11-15 13:42:00,2011-11-15 13:42:00,1,104,213.78,15.27,14,0
17154,United Kingdom,2011-09-25 13:42:00,2011-09-25 13:42:00,1,490,329.34,14.319130434782608,23,0
17155,United Kingdom,2011-06-15 10:22:00,2011-11-22 12:38:00,2,242,251.70000000000002,12.585,19,160
17157,United Kingdom,2011-06-16 15:08:00,2011-12-02 09:10:00,3,169,306.55,20.436666666666667,11,168
17158,United Kingdom,2010-12-14 13:03:00,2011-11-07 15:15:00,3,778,1266.97,18.91,53,328
17159,United Kingdom,2011-06-21 09:49:00,2011-11-18 10:52:00,4,1110,1534.73,15.046372549019608,96,150
17160,United Kingdom,2011-04-12 12:00:00,2011-11-08 14:05:00,6,2856,3518.03,15.362576419213974,111,210
17162,United Kingdom,2011-02-07 12:27:00,2011-11-11 11:34:00,11,1000,1707.21,16.25914285714286,81,276
17163,United Kingdom,2011-09-22 15:54:00,2011-11-18 08:57:00,2,66,293.1,58.620000000000005,3,56
17164,United Kingdom,2011-03-11 14:26:00,2011-11-07 09:14:00,8,1500,2466.4,17.009655172413794,92,240
17165,United Kingdom,2011-02-28 16:39:00,2011-02-28 16:39:00,1,100,158.68,15.868,10,0
17166,United Kingdom,2011-05-20 08:18:00,2011-11-01 09:46:00,3,75,189.49,13.535,11,165
17169,United Kingdom,2011-06-09 13:16:00,2011-10-20 19:15:00,4,519,816.88,13.614666666666666,51,133
17171,United Kingdom,2011-02-23 16:37:00,2011-02-23 16:37:00,1,185,224.91,14.056875,16,0
17172,United Kingdom,2011-09-22 09:36:00,2011-09-26 12:04:00,2,479,313.26,19.57875,16,4
17173,United Kingdom,2011-07-31 15:26:00,2011-12-04 14:40:00,9,1121,3755.65,43.1683908045977,36,125
17174,United Kingdom,2011-05-06 11:47:00,2011-05-06 11:47:00,1,41,59.9,14.975,4,0
17175,United Kingdom,2011-02-16 14:56:00,2011-10-26 15:31:00,5,865,1430.94,22.3584375,42,252
17176,United Kingdom,2011-05-22 12:41:00,2011-05-22 12:41:00,1,170,306.13,20.408666666666665,15,0
17179,United Kingdom,2010-12-13 14:24:00,2011-06-14 16:48:00,3,290,711.79,8.897375,56,183
17180,United Kingdom,2011-01-27 18:05:00,2011-10-14 15:46:00,6,667,768.32,6.0025,91,259
17181,United Kingdom,2010-12-01 12:38:00,2011-10-13 14:48:00,2,241,239.92000000000002,10.431304347826087,23,316
17183,United Kingdom,2011-08-26 15:25:00,2011-12-02 10:07:00,8,1264,3286.9100000000003,43.24881578947369,42,97
17186,United Kingdom,2011-10-10 12:52:00,2011-10-24 10:20:00,2,200,144.0,72.0,1,13
17187,United Kingdom,2011-04-27 12:39:00,2011-04-27 12:39:00,1,144,203.95,20.395,10,0
17188,United Kingdom,2010-12-12 12:56:00,2011-11-28 13:53:00,9,1301,2275.58,25.568314606741573,71,351
17189,United Kingdom,2010-12-15 17:28:00,2011-08-25 19:39:00,2,226,383.75,6.395833333333333,52,253
17190,United Kingdom,2011-05-16 15:29:00,2011-10-12 11:33:00,3,160,249.74,12.487,19,148
17191,United Kingdom,2010-12-06 14:36:00,2011-11-11 16:58:00,7,1166,2093.68,8.871525423728812,163,340
17193,United Kingdom,2011-06-16 10:04:00,2011-11-04 12:47:00,9,1238,1674.46,47.84171428571429,17,141
17194,United Kingdom,2010-12-14 12:06:00,2011-03-11 12:05:00,2,119,262.62,9.055862068965517,26,86
17197,United Kingdom,2011-11-10 10:32:00,2011-11-10 10:32:00,1,191,1013.01,34.93137931034483,29,0
17198,United Kingdom,2010-12-03 14:54:00,2011-11-16 10:39:00,3,357,692.22,7.210625,89,347
17201,United Kingdom,2011-10-17 11:55:00,2011-10-17 11:55:00,1,231,289.78,7.62578947368421,38,0
17203,United Kingdom,2011-10-10 14:37:00,2011-11-04 12:27:00,6,2846,3560.08,24.054594594594594,116,24
17204,United Kingdom,2010-12-20 12:01:00,2011-06-23 13:54:00,9,589,1352.91,20.19268656716418,47,185
17205,United Kingdom,2011-10-17 12:46:00,2011-10-17 12:46:00,1,884,384.08,29.544615384615383,13,0
17206,United Kingdom,2011-10-17 13:25:00,2011-10-17 13:25:00,1,76,204.24,29.177142857142858,7,0
17211,United Kingdom,2010-12-05 12:44:00,2011-11-13 12:03:00,9,1310,2299.67,10.796572769953052,150,342
17212,United Kingdom,2011-03-31 19:42:00,2011-03-31 19:42:00,1,147,226.85,56.7125,4,0
17213,United Kingdom,2010-12-08 13:03:00,2011-10-30 14:53:00,11,1167,2741.08,16.71390243902439,85,326
17214,United Kingdom,2010-12-15 15:14:00,2011-10-10 13:17:00,7,271,974.12,9.550196078431373,79,298
17217,United Kingdom,2011-04-19 17:19:00,2011-04-19 17:19:00,1,24,113.5,12.61111111111111,9,0
17218,United Kingdom,2010-12-06 15:25:00,2011-12-05 13:52:00,10,955,1951.97,7.202841328413284,146,363
17219,United Kingdom,2011-11-08 11:25:00,2011-11-08 11:25:00,1,89,114.23,4.5692,24,0
17220,United Kingdom,2010-12-10 14:54:00,2011-11-15 13:47:00,14,1897,3187.55,6.8255888650963605,303,339
17221,United Kingdom,2011-11-03 17:39:00,2011-12-02 13:35:00,2,287,334.48,5.39483870967742,59,28
17222,United Kingdom,2011-10-05 13:58:00,2011-10-05 13:58:00,1,122,328.65,12.17222222222222,27,0
17223,United Kingdom,2010-12-06 14:08:00,2011-02-02 15:57:00,2,110,416.89,8.685208333333334,43,58
17226,United Kingdom,2011-02-04 11:52:00,2011-02-04 11:52:00,1,406,393.49,18.73761904761905,21,0
17227,United Kingdom,2010-12-06 11:16:00,2011-11-21 10:51:00,6,741,939.32,19.985531914893617,28,349
17228,United Kingdom,2010-12-02 16:00:00,2011-11-24 10:24:00,8,1532,1906.09,9.16389423076923,140,356
17229,United Kingdom,2011-07-20 12:38:00,2011-09-04 13:56:00,2,185,318.76,6.782127659574468,39,46
17230,United Kingdom,2010-12-15 11:22:00,2011-03-20 16:12:00,11,1553,3466.67,47.4886301369863,51,95
17231,United Kingdom,2010-12-13 13:09:00,2011-11-27 15:18:00,14,1718,3078.22,5.74294776119403,294,349
17232,United Kingdom,2011-11-25 12:24:00,2011-12-07 12:21:00,2,202,417.77,11.936285714285713,30,11
17233,United Kingdom,2011-11-04 14:06:00,2011-11-04 14:06:00,1,131,190.88,7.6352,25,0
17234,United Kingdom,2011-06-10 11:20:00,2011-06-10 11:20:00,1,55,149.89000000000001,10.706428571428573,14,0
17235,United Kingdom,2010-12-02 13:38:00,2011-11-14 15:51:00,2,224,550.06,18.96758620689655,24,347
17236,United Kingdom,2010-12-12 11:49:00,2011-11-27 12:00:00,6,474,916.13,8.725047619047618,88,350
17237,United Kingdom,2011-11-17 12:55:00,2011-11-28 15:02:00,2,105,314.69,16.562631578947368,18,11
17238,United Kingdom,2010-12-03 15:05:00,2011-12-07 11:35:00,17,1807,3719.1,6.701081081081081,297,368
17239,United Kingdom,2010-12-22 13:20:00,2011-01-31 09:41:00,2,149,379.95,23.746875,15,39
17242,United Kingdom,2011-06-12 13:04:00,2011-08-23 14:55:00,2,611,1135.04,28.375999999999998,30,72
17243,United Kingdom,2010-12-05 10:03:00,2011-12-08 13:26:00,30,3312,8491.75,21.55266497461929,180,368
17244,United Kingdom,2011-10-17 15:19:00,2011-10-17 15:19:00,1,616,954.9,30.80322580645161,31,0
17245,United Kingdom,2011-05-19 10:43:00,2011-05-19 10:43:00,1,75,171.45,19.049999999999997,9,0
17247,United Kingdom,2011-11-24 15:21:00,2011-11-24 15:21:00,1,105,280.09000000000003,5.186851851851852,53,0
17248,United Kingdom,2011-08-11 13:34:00,2011-08-11 13:34:00,1,213,318.65,4.618115942028985,68,0
17250,United Kingdom,2011-03-23 16:45:00,2011-12-06 12:15:00,2,167,381.97,6.820892857142858,55,257
17251,United Kingdom,2010-12-12 11:06:00,2010-12-12 11:06:00,1,108,269.83,7.2927027027027025,37,0
17252,United Kingdom,2011-06-06 16:41:00,2011-08-15 09:45:00,2,192,348.91,4.057093023255814,86,69
17253,United Kingdom,2011-11-21 12:59:00,2011-11-21 12:59:00,1,43,178.26,9.903333333333332,18,0
17254,United Kingdom,2011-11-24 14:09:00,2011-12-05 12:46:00,2,251,271.19,2.443153153153153,100,10
17255,United Kingdom,2011-02-13 15:18:00,2011-10-30 12:18:00,2,227,291.48,3.9389189189189193,69,258
17256,United Kingdom,2011-01-31 14:53:00,2011-08-24 13:30:00,2,141,240.0,15.0,12,204
17259,United Kingdom,2010-12-06 12:55:00,2011-07-14 15:01:00,2,388,581.23,5.010603448275862,104,220
17262,United Kingdom,2010-12-08 13:30:00,2011-10-18 12:56:00,5,367,1253.3600000000001,104.44666666666667,9,313
17263,United Kingdom,2011-05-15 14:32:00,2011-05-15 14:32:00,1,36,63.440000000000005,2.7582608695652175,23,0
17265,United Kingdom,2011-06-12 12:00:00,2011-07-24 10:49:00,2,389,550.01,4.50827868852459,106,41
17266,United Kingdom,2011-07-15 11:57:00,2011-12-07 14:12:00,3,153,296.58,4.062739726027397,60,145
17267,United Kingdom,2011-08-04 17:19:00,2011-08-04 17:22:00,2,158,317.2,8.572972972972973,37,0
17268,United Kingdom,2011-04-08 13:20:00,2011-08-24 10:06:00,4,844,763.64,127.27333333333333,3,137
17272,United Kingdom,2011-03-22 12:05:00,2011-10-28 16:37:00,5,1776,2144.53,18.4873275862069,70,220
17274,United Kingdom,2011-11-04 13:16:00,2011-11-04 13:16:00,1,77,107.82,4.312799999999999,24,0
17277,United Kingdom,2011-01-21 12:37:00,2011-04-26 12:47:00,2,430,1065.3500000000001,15.43985507246377,67,95
17278,United Kingdom,2011-04-12 13:10:00,2011-04-12 13:10:00,1,179,246.04,16.402666666666665,15,0
17279,United Kingdom,2011-10-13 11:58:00,2011-10-13 11:58:00,1,48,187.82999999999998,20.869999999999997,8,0
17282,United Kingdom,2011-02-13 11:36:00,2011-08-01 14:29:00,3,1866,1685.46,18.937752808988765,79,169
17284,United Kingdom,2011-01-07 14:31:00,2011-10-10 14:38:00,7,1360,1636.58,5.585597269624573,229,276
17286,United Kingdom,2011-11-18 12:47:00,2011-11-18 12:47:00,1,117,151.37,3.440227272727273,44,0
17287,United Kingdom,2010-12-02 12:22:00,2011-11-13 13:27:00,7,556,1049.06,8.598852459016394,88,346
17288,United Kingdom,2010-12-16 13:33:00,2011-11-30 16:09:00,7,1201,1417.63,10.125928571428572,118,349
17289,United Kingdom,2011-06-12 13:51:00,2011-11-08 12:01:00,4,512,922.77,8.788285714285713,86,148
17290,United Kingdom,2011-11-23 15:53:00,2011-12-06 12:38:00,2,397,513.01,5.343854166666667,92,12
17291,United Kingdom,2011-02-04 13:04:00,2011-02-04 13:04:00,1,72,550.8000000000001,550.8000000000001,1,0
17293,United Kingdom,2010-12-13 14:55:00,2011-12-01 14:37:00,9,1135,1854.06,14.04590909090909,93,352
17295,United Kingdom,2011-10-06 12:22:00,2011-11-11 10:49:00,3,293,547.0,8.044117647058824,53,35
17297,United Kingdom,2011-11-22 14:43:00,2011-11-22 14:43:00,1,65,128.18,2.615918367346939,49,0
17298,United Kingdom,2011-08-07 12:21:00,2011-08-30 16:43:00,2,387,498.42,16.614,30,23
17299,United Kingdom,2011-06-19 16:04:00,2011-11-28 12:01:00,4,668,656.61,11.938363636363636,50,161
17301,United Kingdom,2011-11-18 13:43:00,2011-11-18 13:43:00,1,137,163.24,2.7667796610169493,59,0
17302,United Kingdom,2011-02-07 10:14:00,2011-11-25 09:36:00,6,573,1119.93,13.826296296296297,68,290
17303,United Kingdom,2010-12-13 13:32:00,2010-12-13 13:32:00,1,144,250.04,4.717735849056604,53,0
17306,United Kingdom,2010-12-21 13:34:00,2011-11-29 12:14:00,21,11470,8600.73,124.6482608695652,13,342
17307,United Kingdom,2010-12-09 15:24:00,2010-12-09 15:24:00,1,-144,-152.64000000000001,-152.64000000000001,1,0
17309,United Kingdom,2011-09-05 15:20:00,2011-09-05 15:20:00,1,41,82.75,6.895833333333333,11,0
17311,United Kingdom,2011-01-27 10:56:00,2011-09-22 14:11:00,2,1005,1384.85,25.179090909090906,55,238
17312,United Kingdom,2011-07-03 13:12:00,2011-07-24 11:52:00,3,372,644.3,46.021428571428565,11,20
17313,United Kingdom,2011-11-08 15:45:00,2011-11-22 09:23:00,2,1382,2288.13,81.71892857142858,24,13
17314,United Kingdom,2011-01-31 11:25:00,2011-11-15 09:41:00,11,1884,2514.76,18.490882352941178,120,287
17315,United Kingdom,2010-12-17 12:19:00,2011-12-09 11:58:00,43,3831,6193.43,12.7699587628866,259,356
17317,United Kingdom,2011-09-11 12:45:00,2011-10-24 17:26:00,5,1074,2524.02,229.45636363636365,8,43
17320,United Kingdom,2010-12-06 15:38:00,2011-08-31 13:31:00,3,634,1200.6200000000001,16.446849315068494,57,267
17321,United Kingdom,2011-10-03 11:34:00,2011-12-01 13:41:00,2,364,657.16,6.637979797979797,94,59
17323,United Kingdom,2011-02-20 14:38:00,2011-11-24 17:29:00,9,754,894.44,4.494673366834171,125,277
17324,United Kingdom,2010-12-08 12:45:00,2011-11-22 10:34:00,4,843,986.48,20.132244897959183,43,348
17325,United Kingdom,2011-03-04 13:09:00,2011-03-04 13:09:00,1,60,96.8,16.133333333333333,6,0
17329,United Kingdom,2011-01-28 15:29:00,2011-11-25 14:24:00,2,142,523.11,15.851818181818182,29,300
17330,United Kingdom,2011-10-03 11:26:00,2011-11-17 08:56:00,2,120,363.9,60.65,5,44
17331,United Kingdom,2011-08-08 11:55:00,2011-08-08 11:55:00,1,16,175.2,175.2,1,0
17333,United Kingdom,2011-09-15 10:11:00,2011-09-15 10:11:00,1,375,494.25,17.651785714285715,28,0
17334,United Kingdom,2011-02-04 09:03:00,2011-02-11 16:34:00,3,314,306.6,25.55,11,7
17337,United Kingdom,2011-02-02 17:06:00,2011-07-11 14:56:00,7,1218,1897.51,3.6074334600760456,421,158
17338,United Kingdom,2010-12-13 12:57:00,2011-11-22 14:23:00,10,3054,6461.79,8.912813793103448,390,344
17339,United Kingdom,2010-12-09 14:44:00,2011-09-06 13:29:00,2,152,243.36,27.040000000000003,9,270
17340,United Kingdom,2010-12-08 15:56:00,2011-11-30 17:12:00,16,5902,11891.18,28.045235849056603,231,357
17341,United Kingdom,2010-12-08 12:46:00,2011-07-06 12:33:00,3,443,682.29,4.3457961783439485,147,209
17343,United Kingdom,2010-12-19 15:07:00,2010-12-19 15:07:00,1,56,193.64,11.390588235294118,17,0
17344,United Kingdom,2011-10-24 12:56:00,2011-10-24 12:56:00,1,65,157.62,5.0845161290322585,31,0
17345,United Kingdom,2011-05-27 12:26:00,2011-11-24 15:03:00,4,341,519.6899999999999,6.261325301204819,70,181
17346,United Kingdom,2010-12-01 14:34:00,2011-12-06 12:18:00,16,1599,2557.9,5.2631687242798355,299,369
17347,United Kingdom,2011-09-14 13:12:00,2011-09-14 13:12:00,1,216,228.96,228.96,1,0
17348,United Kingdom,2011-02-15 10:49:00,2011-11-25 11:25:00,5,1398,1156.6,5.430046948356807,180,283
17349,United Kingdom,2011-06-13 14:29:00,2011-06-13 14:29:00,1,102,98.25,12.28125,8,0
17350,United Kingdom,2011-10-19 16:05:00,2011-12-01 15:47:00,5,734,1251.44,17.62591549295775,66,42
17351,United Kingdom,2011-03-11 16:05:00,2011-11-03 18:45:00,3,113,587.15,21.746296296296297,22,237
17353,United Kingdom,2011-07-08 16:17:00,2011-08-02 17:19:00,2,1200,1740.0,217.5,5,25
17354,United Kingdom,2011-10-20 10:34:00,2011-10-20 10:34:00,1,1006,1393.06,87.06625,15,0
17356,United Kingdom,2011-02-01 11:07:00,2011-02-01 11:07:00,1,166,178.22,9.38,19,0
17357,United Kingdom,2011-11-15 16:29:00,2011-11-15 16:30:00,2,152,384.39,8.736136363636364,41,0
17358,United Kingdom,2010-12-19 14:16:00,2011-02-09 16:57:00,2,190,360.81,6.220862068965517,55,52
17359,United Kingdom,2011-11-28 14:37:00,2011-11-28 14:37:00,1,161,127.86,8.524,13,0
17360,United Kingdom,2011-06-08 17:09:00,2011-11-22 13:11:00,3,328,568.24,4.54592,113,166
17361,United Kingdom,2011-02-21 09:55:00,2011-10-21 15:43:00,3,157,488.2,16.834482758620688,26,242
17362,United Kingdom,2011-02-03 10:26:00,2011-04-14 14:43:00,2,191,312.23,8.920857142857143,30,70
17364,United Kingdom,2011-01-12 16:57:00,2011-12-09 09:00:00,12,2671,4437.23,10.848973105134473,288,330
17365,United Kingdom,2011-01-11 12:11:00,2011-11-27 12:13:00,8,4749,4767.36,10.252387096774193,278,320
17367,United Kingdom,2011-04-15 14:21:00,2011-04-15 14:21:00,1,149,167.55,5.077272727272728,33,0
17368,United Kingdom,2011-01-06 11:57:00,2011-11-16 15:26:00,9,666,1315.72,10.610645161290323,93,314
17370,United Kingdom,2011-06-23 11:50:00,2011-09-28 10:14:00,4,540,446.18,13.520606060606061,31,96
17371,United Kingdom,2010-12-13 15:20:00,2011-11-22 13:30:00,3,151,418.4,4.865116279069767,83,343
17372,United Kingdom,2010-12-12 12:00:00,2011-10-30 11:37:00,8,747,1337.18,5.3274103585657375,215,321
17373,United Kingdom,2011-01-31 11:46:00,2011-10-30 15:28:00,4,408,646.92,11.349473684210526,47,272
17374,United Kingdom,2011-03-03 12:53:00,2011-05-05 09:05:00,2,85,495.77,17.706071428571427,24,62
17375,United Kingdom,2010-12-13 15:16:00,2011-06-02 17:30:00,4,361,372.5,5.246478873239437,65,171
17376,United Kingdom,2011-02-01 14:12:00,2011-09-30 12:36:00,2,86,203.2,8.466666666666667,23,240
17377,United Kingdom,2010-12-01 12:35:00,2011-11-16 11:17:00,21,2037,3883.32,9.588444444444445,191,349
17379,United Kingdom,2011-11-28 13:56:00,2011-11-28 13:56:00,1,623,389.71999999999997,4.996410256410256,71,0
17381,United Kingdom,2010-12-02 12:58:00,2011-12-01 11:59:00,30,25646,20272.43,184.2948181818182,40,363
17382,United Kingdom,2011-10-05 13:05:00,2011-10-05 13:05:00,1,25,65.4,32.7,2,0
17383,United Kingdom,2011-12-05 17:36:00,2011-12-05 17:36:00,1,148,193.39000000000001,3.946734693877551,49,0
17384,United Kingdom,2011-05-04 16:07:00,2011-11-20 15:48:00,2,88,336.4,22.426666666666666,12,199
17385,United Kingdom,2011-11-25 11:02:00,2011-11-25 11:02:00,1,197,256.11,5.691333333333334,42,0
17386,United Kingdom,2011-06-27 12:11:00,2011-12-02 11:28:00,6,1902,2686.42,95.94357142857143,23,157
17387,United Kingdom,2011-11-06 11:25:00,2011-11-20 11:00:00,2,522,746.81,9.826447368421052,71,13
17388,United Kingdom,2011-02-25 12:28:00,2011-09-23 10:31:00,4,1068,1259.56,83.97066666666666,13,209
17389,United Kingdom,2011-01-04 17:12:00,2011-12-09 09:38:00,43,7430,31300.079999999998,139.7325,48,338
17391,United Kingdom,2011-06-28 12:21:00,2011-06-29 09:58:00,2,480,508.8,169.6,2,0
17392,United Kingdom,2010-12-16 19:04:00,2011-02-06 12:48:00,2,277,417.27,7.45125,53,51
17394,United Kingdom,2011-05-04 13:22:00,2011-05-04 13:22:00,1,241,203.86999999999998,50.967499999999994,4,0
17396,United Kingdom,2010-12-03 09:45:00,2011-10-31 14:12:00,8,2005,7330.8,271.5111111111111,24,332
17397,United Kingdom,2011-11-17 13:58:00,2011-11-17 14:08:00,2,250,681.41,7.65629213483146,88,0
17398,United Kingdom,2011-03-29 13:04:00,2011-08-17 09:48:00,3,310,653.38,17.19421052631579,30,140
17400,United Kingdom,2010-12-21 17:16:00,2011-08-05 15:38:00,5,1088,2097.84,10.18368932038835,175,226
17402,United Kingdom,2010-12-05 13:53:00,2011-12-05 10:15:00,13,701,2633.85,44.641525423728815,33,364
17403,United Kingdom,2011-11-03 15:18:00,2011-11-03 15:18:00,1,111,263.92,8.2475,32,0
17404,Sweden,2010-12-14 13:27:00,2011-12-05 16:26:00,18,32324,30300.82,150.75034825870645,111,356
17405,United Kingdom,2011-07-12 14:17:00,2011-12-08 17:12:00,5,705,967.22,10.289574468085107,77,149
17406,United Kingdom,2010-12-08 10:35:00,2011-01-13 12:52:00,5,777,1912.72,16.77824561403509,99,36
17408,United Kingdom,2011-06-29 12:53:00,2011-06-29 12:53:00,1,3,32.65,16.325,2,0
17409,United Kingdom,2011-04-05 16:42:00,2011-06-08 10:36:00,2,105,771.85,59.37307692307692,13,63
17410,United Kingdom,2011-05-08 15:21:00,2011-11-23 15:46:00,5,616,1214.72,18.98,57,199
17411,United Kingdom,2010-12-09 11:42:00,2011-11-27 14:25:00,4,298,748.94,17.41720930232558,41,353
17412,United Kingdom,2010-12-02 16:29:00,2011-12-07 11:36:00,7,738,1258.06,19.061515151515152,48,369
17414,United Kingdom,2011-06-08 11:43:00,2011-10-27 12:13:00,2,2100,778.0,129.66666666666666,5,141
17415,United Kingdom,2011-09-21 12:50:00,2011-09-21 12:50:00,1,114,507.84,36.27428571428571,14,0
17416,United Kingdom,2011-03-03 13:45:00,2011-11-10 12:47:00,9,4266,6838.34,25.233726937269374,186,251
17418,United Kingdom,2011-01-20 11:39:00,2011-10-28 13:00:00,2,289,463.46000000000004,15.448666666666668,29,281
17419,United Kingdom,2010-12-07 15:03:00,2011-11-28 13:47:00,14,1872,4200.97,20.196971153846157,155,355
17420,United Kingdom,2010-12-01 09:56:00,2011-10-20 14:52:00,3,265,598.83,19.961000000000002,28,323
17422,United Kingdom,2011-02-16 14:44:00,2011-11-23 13:27:00,10,2195,1853.1299999999999,13.726888888888888,93,279
17423,United Kingdom,2011-05-06 09:14:00,2011-10-25 16:49:00,4,421,663.63,23.701071428571428,26,172
17425,United Kingdom,2011-10-10 11:37:00,2011-11-20 15:30:00,2,407,759.17,17.655116279069766,42,41
17426,United Kingdom,2011-03-02 16:34:00,2011-12-05 16:12:00,7,3082,5022.26,18.46419117647059,179,277
17427,United Kingdom,2011-09-29 11:29:00,2011-09-29 11:29:00,1,34,100.8,50.4,2,0
17428,United Kingdom,2010-12-06 09:37:00,2011-12-09 09:45:00,33,9435,17078.45,49.79139941690962,255,368
17429,United Kingdom,2011-05-05 09:53:00,2011-08-11 10:13:00,4,616,512.12,12.193333333333333,36,98
17430,United Kingdom,2010-12-09 13:05:00,2011-11-07 09:24:00,2,190,265.76,18.982857142857142,14,332
17431,United Kingdom,2011-01-30 14:36:00,2011-01-30 14:36:00,1,292,403.3,9.37906976744186,41,0
17432,United Kingdom,2011-11-02 17:30:00,2011-11-21 17:33:00,2,207,365.76,7.62,44,19
17433,United Kingdom,2011-09-12 14:24:00,2011-09-12 14:24:00,1,185,303.15999999999997,5.6140740740740736,53,0
17434,United Kingdom,2011-09-15 13:54:00,2011-12-07 13:16:00,9,1685,2333.42,16.908840579710144,100,82
17436,United Kingdom,2011-04-27 11:33:00,2011-12-08 12:30:00,2,90,216.29999999999998,24.03333333333333,7,225
17438,United Kingdom,2011-03-31 10:26:00,2011-04-06 17:16:00,2,100,378.3,19.910526315789475,17,6
17440,United Kingdom,2011-04-06 12:05:00,2011-07-15 10:36:00,5,232,177.1,22.1375,3,99
17442,United Kingdom,2010-12-09 15:13:00,2011-11-10 14:54:00,10,1490,2210.2599999999998,15.787571428571427,97,335
17443,Canada,2011-05-04 10:47:00,2011-05-04 10:47:00,1,504,534.24,534.24,1,0
17444,Canada,2011-06-20 09:04:00,2011-07-15 12:05:00,3,2119,2940.04,21.778074074074073,132,25
17446,United Kingdom,2011-02-02 14:40:00,2011-06-16 10:42:00,2,198,120.9,13.433333333333334,6,133
17447,United Kingdom,2011-09-29 10:10:00,2011-10-30 14:18:00,2,443,541.53,15.042499999999999,33,31
17448,United Kingdom,2011-07-18 12:26:00,2011-07-18 12:26:00,1,-1,-4287.63,-4287.63,1,0
17449,United Kingdom,2010-12-15 10:57:00,2011-12-07 16:56:00,8,1114,2503.21,9.00435251798561,178,357
17450,United Kingdom,2010-12-07 09:23:00,2011-12-01 13:29:00,55,69009,187322.17,535.2062000000001,127,359
17451,United Kingdom,2011-08-26 11:54:00,2011-12-08 15:02:00,10,1178,1648.95,15.410747663551403,83,104
17453,United Kingdom,2011-10-06 17:02:00,2011-11-22 09:42:00,2,219,486.71999999999997,25.616842105263157,19,46
17454,United Kingdom,2010-12-15 10:54:00,2011-05-31 13:58:00,4,243,517.53,8.484098360655738,57,167
17455,United Kingdom,2011-05-20 12:31:00,2011-05-20 12:31:00,1,66,131.7,16.4625,8,0
17456,United Kingdom,2010-12-09 15:23:00,2010-12-09 15:23:00,1,222,249.86,14.69764705882353,17,0
17457,United Kingdom,2011-01-04 14:33:00,2011-08-05 12:48:00,5,826,1737.7,91.4578947368421,14,212
17458,United Kingdom,2011-11-24 13:01:00,2011-11-24 13:01:00,1,170,316.5,5.861111111111111,52,0
17459,United Kingdom,2011-10-10 17:00:00,2011-10-27 13:25:00,2,537,657.3,5.921621621621621,88,16
17460,United Kingdom,2010-12-01 16:24:00,2011-09-22 10:58:00,8,176,452.63,12.233243243243242,18,294
17461,United Kingdom,2011-11-10 12:01:00,2011-11-17 10:21:00,3,770,735.82,6.941698113207548,104,6
17462,United Kingdom,2011-02-28 17:01:00,2011-10-19 13:36:00,3,224,662.94,23.676428571428573,25,232
17463,United Kingdom,2011-01-30 15:48:00,2011-11-23 13:40:00,6,1081,1860.81,8.777405660377358,162,296
17464,United Kingdom,2011-07-04 13:19:00,2011-07-04 13:19:00,1,220,289.96000000000004,32.21777777777778,9,0
17466,United Kingdom,2011-09-22 09:16:00,2011-11-29 13:15:00,2,306,763.28,18.61658536585366,41,68
17468,United Kingdom,2011-11-25 12:52:00,2011-11-29 15:33:00,2,116,137.0,27.4,5,4
17469,United Kingdom,2011-05-19 08:55:00,2011-11-23 13:15:00,6,778,1843.06,20.478444444444445,61,188
17470,United Kingdom,2010-12-07 09:57:00,2011-10-26 12:42:00,5,1675,1125.07,14.423974358974359,67,323
17472,United Kingdom,2011-02-13 14:40:00,2011-06-01 14:57:00,3,455,697.54,4.0088505747126435,142,108
17475,United Kingdom,2011-09-21 14:55:00,2011-09-21 14:55:00,1,178,194.37,13.883571428571429,14,0
17480,United Kingdom,2011-09-23 11:39:00,2011-09-27 10:21:00,2,336,506.51,16.339032258064517,29,3
17481,United Kingdom,2011-09-07 09:57:00,2011-12-06 12:28:00,5,1060,1249.34,15.052289156626506,69,90
17483,United Kingdom,2011-06-09 19:40:00,2011-10-05 13:10:00,3,191,414.04,19.716190476190476,18,117
17486,United Kingdom,2011-03-23 14:00:00,2011-03-23 14:00:00,1,191,396.87,16.53625,24,0
17489,United Kingdom,2011-05-11 11:34:00,2011-10-12 08:56:00,2,428,376.64,12.987586206896552,28,153
17490,United Kingdom,2011-06-16 09:15:00,2011-12-09 09:08:00,11,1021,1926.8799999999999,22.405581395348836,64,175
17491,United Kingdom,2010-12-07 12:18:00,2011-12-08 16:18:00,11,2012,3541.92,32.19927272727273,72,366
17492,United Kingdom,2011-04-05 15:21:00,2011-04-05 15:21:00,1,155,374.57,31.214166666666667,12,0
17495,United Kingdom,2011-11-01 12:06:00,2011-12-02 12:08:00,2,229,497.56,18.42814814814815,21,31
17496,United Kingdom,2010-12-16 08:39:00,2010-12-16 08:39:00,1,79,271.05,27.105,10,0
17498,United Kingdom,2011-09-25 12:25:00,2011-09-25 12:25:00,1,394,272.22,16.01294117647059,17,0
17499,United Kingdom,2011-02-23 09:14:00,2011-02-23 09:14:00,1,711,622.88,15.572,40,0
17500,United Kingdom,2011-11-10 09:08:00,2011-11-22 14:25:00,3,17,1138.0,227.6,3,12
17501,United Kingdom,2011-05-03 09:46:00,2011-05-03 09:47:00,2,160,288.6,16.033333333333335,18,0
17502,United Kingdom,2011-11-10 16:39:00,2011-11-30 13:13:00,4,376,689.1,24.610714285714288,25,19
17503,United Kingdom,2011-11-01 11:12:00,2011-12-07 09:18:00,2,486,558.96,14.709473684210527,36,35
17504,United Kingdom,2011-01-21 11:09:00,2011-05-17 12:59:00,10,1456,2745.2799999999997,19.609142857142857,112,116
17505,United Kingdom,2011-05-18 09:01:00,2011-07-01 12:50:00,2,556,1145.84,22.035384615384615,48,44
17506,United Kingdom,2011-09-25 11:39:00,2011-09-30 12:54:00,2,136,294.29,18.393125,14,5
17507,United Kingdom,2011-02-03 18:08:00,2011-03-23 11:48:00,2,359,605.58,6.881590909090909,79,47
17508,Greece,2011-03-04 08:10:00,2011-03-04 08:10:00,1,289,387.31,17.605,22,0
17509,United Kingdom,2011-10-07 13:14:00,2011-10-13 12:16:00,11,3508,6069.24,16.537438692098092,75,5
17510,United Kingdom,2011-11-15 10:00:00,2011-11-15 10:00:00,1,214,308.48,15.424000000000001,20,0
17511,United Kingdom,2010-12-01 10:19:00,2011-12-07 10:12:00,46,63012,88125.38,81.90091078066915,467,370
17512,United Kingdom,2011-02-11 12:22:00,2011-11-11 12:11:00,11,2752,2920.04,27.54754716981132,61,272
17513,United Kingdom,2011-09-28 16:42:00,2011-09-28 16:42:00,1,254,513.2,85.53333333333335,6,0
17514,United Kingdom,2011-08-03 15:45:00,2011-08-03 15:45:00,1,135,208.65,5.2162500000000005,40,0
17515,United Kingdom,2011-01-25 14:33:00,2011-11-08 14:04:00,4,243,639.02,7.345057471264368,49,286
17516,United Kingdom,2011-02-27 12:41:00,2011-11-24 16:51:00,5,414,764.88,5.665777777777778,113,270
17517,United Kingdom,2011-02-04 11:48:00,2011-02-04 11:48:00,1,102,153.94,13.994545454545454,11,0
17519,United Kingdom,2010-12-06 15:18:00,2011-11-22 16:43:00,7,1233,1839.07,22.15746987951807,60,351
17520,United Kingdom,2011-10-17 12:04:00,2011-10-17 12:04:00,1,365,546.81,18.226999999999997,30,0
17521,United Kingdom,2011-05-24 15:14:00,2011-11-15 14:00:00,4,518,721.9599999999999,15.69478260869565,38,174
17522,United Kingdom,2011-05-05 16:31:00,2011-12-08 12:31:00,5,1034,1070.71,14.667260273972603,59,216
17523,United Kingdom,2011-11-20 13:40:00,2011-11-28 13:20:00,4,872,652.74,19.78,25,7
17524,United Kingdom,2010-12-13 14:32:00,2010-12-13 14:32:00,1,90,145.0,24.166666666666668,6,0
17525,United Kingdom,2010-12-15 12:05:00,2010-12-15 12:05:00,1,82,422.70000000000005,46.96666666666667,9,0
17526,United Kingdom,2010-12-09 12:20:00,2011-12-08 18:56:00,8,257,706.7,30.72608695652174,17,364
17527,United Kingdom,2011-05-05 13:43:00,2011-10-17 12:32:00,6,463,888.86,18.14,45,164
17528,United Kingdom,2011-09-29 13:04:00,2011-12-08 13:27:00,11,2130,3540.1,13.61576923076923,183,70
17530,United Kingdom,2010-12-09 20:01:00,2011-12-08 18:42:00,10,1514,2367.12,6.069538461538461,306,363
17531,United Kingdom,2011-06-02 19:17:00,2011-08-11 10:19:00,2,135,293.45,19.563333333333333,15,69
17534,United Kingdom,2011-10-17 12:47:00,2011-10-17 12:47:00,1,103,223.36,24.817777777777778,9,0
17535,United Kingdom,2011-03-04 15:20:00,2011-03-04 15:20:00,1,136,164.4,12.646153846153847,13,0
17536,United Kingdom,2011-06-15 13:23:00,2011-06-15 13:23:00,1,6,76.5,25.5,3,0
17537,United Kingdom,2011-02-09 13:37:00,2011-11-10 10:56:00,2,699,887.67,11.99554054054054,74,273
17538,United Kingdom,2011-11-14 12:12:00,2011-11-14 12:12:00,1,134,98.42,10.935555555555556,9,0
17540,United Kingdom,2011-01-27 14:35:00,2011-12-01 09:00:00,3,193,570.4,21.93846153846154,20,307
17542,United Kingdom,2011-03-15 11:45:00,2011-03-15 11:45:00,1,134,170.75,6.83,24,0
17545,United Kingdom,2011-10-27 13:48:00,2011-10-27 14:04:00,3,337,642.32,4.555460992907801,122,0
17547,United Kingdom,2010-12-02 14:29:00,2010-12-02 14:29:00,1,-4,-11.8,-5.9,2,0
17548,United Kingdom,2010-12-01 10:24:00,2011-05-06 10:00:00,3,-132,-141.48,-8.32235294117647,12,155
17549,United Kingdom,2011-10-19 10:05:00,2011-11-16 09:59:00,2,210,148.86,24.810000000000002,5,27
17550,United Kingdom,2011-04-10 15:19:00,2011-05-26 14:09:00,3,86,267.16,6.360952380952382,42,45
17551,United Kingdom,2010-12-15 14:12:00,2010-12-15 14:12:00,1,142,290.34,7.444615384615384,39,0
17552,United Kingdom,2010-12-02 18:45:00,2011-10-28 12:14:00,6,708,909.96,17.842352941176472,45,329
17553,United Kingdom,2011-08-02 10:00:00,2011-08-02 10:00:00,1,1048,1487.6,743.8,2,0
17554,United Kingdom,2011-07-14 20:01:00,2011-12-08 14:15:00,5,1763,1952.45,22.18693181818182,58,146
17555,United Kingdom,2011-01-09 12:31:00,2011-11-20 12:22:00,2,348,480.31,4.574380952380952,101,314
17556,United Kingdom,2011-05-18 10:48:00,2011-05-18 10:48:00,1,101,157.9,26.316666666666666,6,0
17557,United Kingdom,2011-09-19 14:23:00,2011-11-25 12:57:00,3,306,541.46,15.92529411764706,27,66
17560,United Kingdom,2011-02-02 11:14:00,2011-09-06 09:18:00,4,635,854.95,32.88269230769231,22,215
17561,United Kingdom,2011-11-20 12:53:00,2011-11-20 12:53:00,1,144,165.12,3.6693333333333333,44,0
17562,United Kingdom,2011-06-19 13:06:00,2011-11-25 14:21:00,8,813,1107.38,17.3028125,48,159
17564,United Kingdom,2011-09-20 14:00:00,2011-11-15 13:27:00,3,146,454.01,9.265510204081632,38,55
17566,United Kingdom,2011-11-14 13:42:00,2011-12-01 19:54:00,2,497,869.77,6.125140845070423,113,17
17567,United Kingdom,2010-12-02 15:18:00,2011-12-02 15:48:00,10,2428,4012.56,22.669830508474575,110,365
17569,United Kingdom,2011-01-11 14:15:00,2011-01-11 14:15:00,1,159,344.14,11.866896551724137,29,0
17571,United Kingdom,2011-02-14 15:15:00,2011-10-20 15:57:00,4,876,1425.67,5.260774907749078,247,248
17572,United Kingdom,2010-12-01 12:51:00,2011-09-29 17:53:00,4,95,226.75000000000003,18.895833333333336,7,302
17573,United Kingdom,2011-09-07 10:36:00,2011-11-10 13:01:00,4,302,362.9,13.957692307692307,24,64
17574,United Kingdom,2011-04-11 09:47:00,2011-04-11 09:47:00,1,77,185.65,23.20625,8,0
17576,United Kingdom,2010-12-09 16:57:00,2011-12-01 18:12:00,22,1927,3399.93,8.333161764705881,245,357
17578,United Kingdom,2011-05-05 18:38:00,2011-06-02 11:42:00,2,90,124.74,20.79,5,27
17579,United Kingdom,2011-06-13 14:12:00,2011-12-05 12:28:00,4,256,440.2,8.465384615384615,46,174
17580,United Kingdom,2010-12-16 15:27:00,2011-04-01 12:41:00,3,88,215.72,4.793777777777778,43,105
17581,United Kingdom,2010-12-02 14:47:00,2011-12-09 12:21:00,31,5849,10716.31,23.761219512195122,231,371
17582,United Kingdom,2011-04-17 13:18:00,2011-04-17 13:18:00,1,123,175.27,6.043793103448277,28,0
17584,United Kingdom,2011-08-04 14:12:00,2011-12-02 17:12:00,3,446,1227.3,34.09166666666667,30,120
17585,United Kingdom,2011-01-05 15:09:00,2011-08-22 13:30:00,4,1650,1116.68,5.368653846153847,176,228
17588,United Kingdom,2011-04-21 10:31:00,2011-08-31 13:37:00,3,676,1240.2,53.92173913043479,19,132
17589,United Kingdom,2011-04-13 13:47:00,2011-10-10 16:58:00,4,1631,2404.17,9.502648221343874,172,180
17590,United Kingdom,2011-10-30 14:05:00,2011-12-07 12:55:00,3,822,1468.02,7.489897959183673,162,37
17591,United Kingdom,2010-12-07 15:39:00,2011-09-27 13:42:00,8,999,2192.7200000000003,13.877974683544306,81,293
17593,United Kingdom,2010-12-22 10:29:00,2011-12-06 10:30:00,6,3083,3908.08,18.262056074766356,190,349
17594,United Kingdom,2011-03-30 10:32:00,2011-09-15 16:34:00,2,550,993.18,19.863599999999998,42,169
17595,United Kingdom,2011-11-02 16:19:00,2011-11-27 16:08:00,2,228,386.69,4.715731707317073,68,24
17596,United Kingdom,2010-12-06 12:34:00,2011-11-16 14:11:00,7,4376,2806.69,10.591283018867925,168,345
17597,United Kingdom,2011-05-10 11:54:00,2011-05-10 11:54:00,1,1176,2044.3700000000001,37.17036363636364,55,0
17600,United Kingdom,2011-11-22 09:43:00,2011-11-22 09:43:00,1,144,161.67000000000002,12.436153846153847,13,0
17601,United Kingdom,2011-04-14 18:02:00,2011-04-14 18:02:00,1,103,116.00999999999999,12.889999999999999,9,0
17602,United Kingdom,2011-01-19 16:18:00,2011-12-07 13:53:00,8,4100,5002.22,8.99679856115108,335,321
17603,United Kingdom,2011-03-17 14:39:00,2011-10-20 19:19:00,5,-31,-1165.3,-77.68666666666667,12,217
17604,United Kingdom,2011-01-31 15:09:00,2011-05-06 13:43:00,2,169,309.36,4.91047619047619,57,94
17608,United Kingdom,2011-11-06 13:00:00,2011-11-06 13:06:00,2,229,191.99,3.4283928571428572,54,0
17609,United Kingdom,2011-01-16 16:23:00,2011-10-30 12:28:00,6,717,1097.48,4.69008547008547,199,286
17611,United Kingdom,2010-12-13 13:52:00,2011-12-06 09:46:00,19,2542,3924.77,6.849511343804537,440,357
17612,United Kingdom,2011-02-15 10:40:00,2011-10-17 14:59:00,10,1787,1992.76,14.033521126760563,117,244
17613,United Kingdom,2011-02-07 11:20:00,2011-11-17 10:51:00,17,2464,4494.77,14.360287539936104,211,282
17614,United Kingdom,2011-10-13 16:01:00,2011-10-13 16:01:00,1,235,386.32,3.9420408163265304,97,0
17615,United Kingdom,2011-05-01 15:33:00,2011-08-01 14:06:00,3,140,329.6,23.542857142857144,13,91
17616,United Kingdom,2010-12-07 10:04:00,2011-06-19 10:11:00,3,224,571.1999999999999,190.39999999999998,1,194
17618,United Kingdom,2010-12-12 16:05:00,2011-12-04 11:50:00,3,319,930.28,13.884776119402984,56,356
17619,United Kingdom,2011-01-31 14:18:00,2011-01-31 14:18:00,1,124,214.37,2.896891891891892,71,0
17620,United Kingdom,2011-10-11 12:08:00,2011-10-11 12:08:00,1,60,81.44,20.36,4,0
17621,United Kingdom,2010-12-20 13:31:00,2011-11-18 17:11:00,4,510,1336.1,49.48518518518518,25,333
17623,United Kingdom,2011-11-07 11:32:00,2011-11-07 11:32:00,1,265,527.0500000000001,15.971212121212123,33,0
17624,United Kingdom,2011-05-05 17:59:00,2011-11-25 10:52:00,2,554,843.48,16.869600000000002,49,203
17625,United Kingdom,2011-03-27 12:21:00,2011-11-21 13:36:00,4,1180,2020.4,6.602614379084968,223,239
17628,United Kingdom,2011-09-19 15:21:00,2011-09-19 15:21:00,1,79,75.75,15.15,5,0
17629,United Kingdom,2010-12-15 09:58:00,2011-12-04 10:56:00,9,1621,1784.12,14.388064516129031,106,354
17630,United Kingdom,2011-04-21 14:03:00,2011-06-23 11:58:00,2,158,503.59999999999997,19.369230769230768,24,62
17631,United Kingdom,2011-04-21 13:22:00,2011-12-08 09:47:00,3,334,528.33,13.546923076923077,39,230
17633,United Kingdom,2010-12-15 16:42:00,2011-11-08 13:25:00,6,630,1242.34,17.25472222222222,60,327
17634,United Kingdom,2011-01-06 12:45:00,2011-11-03 13:09:00,9,838,2358.59,7.96820945945946,209,301
17636,United Kingdom,2011-11-20 14:40:00,2011-12-01 08:29:00,2,176,265.93,11.080416666666666,20,10
17637,United Kingdom,2011-08-16 13:25:00,2011-11-08 12:51:00,2,280,547.0600000000001,15.630285714285716,35,83
17639,United Kingdom,2011-03-08 15:22:00,2011-03-08 15:22:00,1,49,108.5,15.5,7,0
17640,United Kingdom,2011-09-14 09:13:00,2011-09-14 09:13:00,1,250,621.66,124.332,5,0
17642,United Kingdom,2011-06-16 12:55:00,2011-08-12 09:11:00,2,474,712.29,17.80725,34,56
17643,United Kingdom,2010-12-01 14:38:00,2010-12-01 14:38:00,1,71,101.55,12.69375,8,0
17644,United Kingdom,2011-01-21 17:18:00,2011-12-08 13:43:00,17,1741,2768.98,16.38449704142012,103,320
17646,United Kingdom,2010-12-09 14:28:00,2011-05-04 13:17:00,4,320,995.6600000000001,18.438148148148148,46,145
17647,United Kingdom,2011-10-05 15:38:00,2011-10-05 15:38:00,1,30,133.06,19.00857142857143,7,0
17648,United Kingdom,2011-04-04 10:29:00,2011-10-10 09:41:00,5,486,1789.55,19.451630434782608,81,188
17649,United Kingdom,2011-07-24 15:53:00,2011-07-28 10:50:00,2,398,861.74,16.259245283018867,52,3
17650,United Kingdom,2011-11-18 14:52:00,2011-11-18 14:52:00,1,150,166.08,20.76,8,0
17651,United Kingdom,2011-06-15 15:57:00,2011-11-28 10:29:00,14,3100,3886.67,16.262217573221758,149,165
17652,United Kingdom,2011-03-03 14:05:00,2011-11-14 12:55:00,18,2479,4737.13,17.544925925925927,118,255
17653,United Kingdom,2011-08-11 15:24:00,2011-11-10 14:26:00,5,1401,1175.88,23.5176,44,90
17654,United Kingdom,2011-03-07 13:17:00,2011-03-07 13:17:00,1,41,117.55,5.343181818181818,22,0
17655,United Kingdom,2010-12-08 16:45:00,2011-11-29 11:34:00,8,956,2571.7400000000002,27.653118279569895,66,355
17656,United Kingdom,2011-08-03 10:45:00,2011-09-27 13:04:00,5,1399,1674.69,20.423048780487804,67,55
17658,United Kingdom,2011-05-12 15:23:00,2011-11-29 11:47:00,3,522,485.88,21.125217391304346,17,200
17659,United Kingdom,2010-12-02 16:46:00,2011-12-06 09:29:00,14,1486,2954.75,18.35248447204969,127,368
17660,United Kingdom,2011-07-21 13:37:00,2011-07-21 13:37:00,1,121,178.75,4.703947368421052,37,0
17663,United Kingdom,2011-02-25 14:11:00,2011-11-14 08:56:00,9,793,1788.27,19.869666666666667,63,261
17664,United Kingdom,2011-05-11 14:17:00,2011-11-21 11:29:00,2,604,604.64,14.061395348837209,41,193
17666,United Kingdom,2011-10-05 11:06:00,2011-12-06 09:06:00,2,596,728.16,40.45333333333333,14,61
17667,United Kingdom,2011-02-14 09:24:00,2011-10-04 14:32:00,5,1033,2055.51,17.71991379310345,85,232
17668,United Kingdom,2011-11-01 14:45:00,2011-12-08 13:25:00,2,93,347.75,23.183333333333334,14,36
17669,United Kingdom,2011-04-04 10:11:00,2011-10-28 08:53:00,7,1916,3406.7200000000003,50.09882352941177,45,206
17670,United Kingdom,2011-04-26 09:12:00,2011-04-26 09:12:00,1,110,205.7,18.7,11,0
17671,United Kingdom,2010-12-09 14:27:00,2011-11-24 12:21:00,6,659,1284.08,21.05049180327869,40,349
17672,United Kingdom,2011-02-03 13:29:00,2011-10-27 10:56:00,4,1672,3106.62,27.014086956521737,105,265
17673,United Kingdom,2011-01-23 15:16:00,2011-12-08 13:06:00,7,1460,1588.07,7.251461187214612,118,318
17674,United Kingdom,2010-12-06 10:20:00,2011-09-26 13:35:00,2,672,551.04,20.40888888888889,19,294
17675,United Kingdom,2010-12-07 13:22:00,2011-12-08 18:03:00,41,8278,20098.1,27.8753120665742,240,366
17676,United Kingdom,2010-12-08 13:49:00,2011-12-05 15:16:00,7,921,1366.77,17.522692307692306,50,362
17677,United Kingdom,2010-12-06 08:42:00,2011-12-08 09:56:00,43,9722,16201.37,50.629281250000005,179,367
17678,United Kingdom,2011-03-21 11:52:00,2011-03-21 11:52:00,1,207,298.11,18.631875,16,0
17679,United Kingdom,2011-09-15 10:35:00,2011-10-18 07:43:00,2,729,1992.1100000000001,66.40366666666667,29,32
17680,United Kingdom,2011-11-16 12:42:00,2011-11-16 12:42:00,1,96,184.4,16.763636363636365,11,0
17682,United Kingdom,2010-12-06 13:35:00,2011-11-29 15:59:00,7,1365,2459.33,20.666638655462183,48,358
17684,United Kingdom,2011-10-27 11:10:00,2011-10-27 11:10:00,1,145,239.41,15.960666666666667,15,0
17685,United Kingdom,2010-12-02 14:42:00,2011-11-23 11:36:00,7,1907,3155.83,24.849055118110236,88,355
17686,United Kingdom,2011-02-10 10:18:00,2011-12-02 15:39:00,7,2478,5739.46,20.06804195804196,205,295
17690,United Kingdom,2010-12-01 16:15:00,2011-11-09 15:17:00,16,1763,4717.3,18.572047244094488,186,342
17691,United Kingdom,2010-12-06 11:10:00,2010-12-16 17:20:00,2,134,290.40000000000003,15.28421052631579,18,10
17692,United Kingdom,2010-12-15 13:37:00,2011-08-04 14:01:00,5,666,733.4399999999999,15.605106382978722,34,232
17693,United Kingdom,2011-07-25 15:48:00,2011-07-26 17:12:00,3,229,187.02,10.39,16,1
17694,United Kingdom,2011-07-21 12:00:00,2011-07-21 12:00:00,1,184,283.12,18.874666666666666,15,0
17695,United Kingdom,2011-06-21 12:35:00,2011-07-31 10:40:00,2,779,765.34,21.866857142857143,30,39
17696,United Kingdom,2010-12-10 09:51:00,2011-11-01 13:43:00,14,1730,2201.05,17.468650793650795,79,326
17697,United Kingdom,2011-04-17 15:40:00,2011-04-17 15:40:00,1,93,338.95,17.839473684210525,19,0
17698,United Kingdom,2011-03-24 11:34:00,2011-03-24 11:34:00,1,93,154.95,19.36875,8,0
17700,United Kingdom,2010-12-09 15:33:00,2011-11-23 11:51:00,6,1261,2508.89,17.18417808219178,118,348
17701,United Kingdom,2011-04-01 12:25:00,2011-04-01 12:25:00,1,109,417.95,17.414583333333333,24,0
17702,United Kingdom,2010-12-09 13:40:00,2011-11-09 16:03:00,6,1320,1719.72,21.4965,62,335
17703,United Kingdom,2011-07-24 13:30:00,2011-11-04 15:51:00,3,590,798.74,14.522545454545455,47,103
17704,United Kingdom,2011-04-14 09:28:00,2011-06-24 09:40:00,2,343,885.19,28.554516129032258,27,71
17705,United Kingdom,2011-02-11 10:57:00,2011-12-06 13:45:00,10,957,1781.12,16.49185185185185,63,298
17706,United Kingdom,2010-12-08 11:02:00,2011-12-05 13:34:00,22,3833,10097.37,25.56296202531646,270,362
17707,United Kingdom,2011-01-07 13:30:00,2011-06-07 15:03:00,2,144,152.4,30.48,3,151
17708,United Kingdom,2011-01-19 10:09:00,2011-06-05 10:12:00,2,90,263.33,7.744999999999999,28,137
17709,United Kingdom,2011-06-23 11:55:00,2011-06-23 11:55:00,1,17,137.45,19.635714285714283,7,0
17711,United Kingdom,2011-02-23 11:32:00,2011-11-29 11:40:00,2,246,385.1,16.743478260869566,22,279
17712,United Kingdom,2011-10-26 12:28:00,2011-10-26 12:28:00,1,215,522.91,18.031379310344825,29,0
17714,United Kingdom,2011-01-23 10:32:00,2011-01-23 10:32:00,1,92,153.0,15.3,10,0
17715,United Kingdom,2011-05-23 12:32:00,2011-05-23 12:32:00,1,384,326.4,326.4,1,0
17716,United Kingdom,2011-03-17 10:38:00,2011-11-17 12:00:00,12,3004,5505.79,21.676338582677165,172,245
17718,United Kingdom,2011-04-21 13:39:00,2011-04-21 13:39:00,1,83,139.35,23.224999999999998,6,0
17719,United Kingdom,2011-03-29 11:29:00,2011-11-02 10:36:00,18,2455,5367.8,19.30863309352518,111,217
17720,United Kingdom,2010-12-07 10:43:00,2011-11-13 15:04:00,4,576,1195.94,23.9188,39,341
17722,United Kingdom,2010-12-08 12:41:00,2011-09-04 15:22:00,6,1572,2380.64,19.838666666666665,112,270
17723,United Kingdom,2011-05-09 14:44:00,2011-08-04 18:37:00,6,792,3276.4000000000005,327.64000000000004,4,87
17724,United Kingdom,2011-07-24 13:26:00,2011-10-13 10:53:00,4,289,995.6500000000001,22.125555555555557,38,80
17725,United Kingdom,2011-03-17 19:47:00,2011-11-23 16:34:00,14,2141,3371.13,17.025909090909092,115,250
17727,United Kingdom,2011-11-24 17:06:00,2011-11-30 15:21:00,2,639,1042.55,15.560447761194029,66,5
17728,United Kingdom,2011-09-14 11:39:00,2011-12-06 08:52:00,5,1464,2515.68,14.88568047337278,154,82
17730,United Kingdom,2011-01-17 14:49:00,2011-12-06 15:43:00,15,3567,5288.83,24.040136363636364,127,323
17731,United Kingdom,2011-06-09 14:18:00,2011-09-21 15:02:00,5,392,878.2,10.580722891566266,54,104
17732,United Kingdom,2010-12-02 09:29:00,2010-12-02 09:29:00,1,93,303.97,16.887222222222224,18,0
17733,United Kingdom,2011-03-23 09:54:00,2011-11-01 08:16:00,2,463,692.19,19.776857142857143,33,222
17734,United Kingdom,2011-04-20 10:04:00,2011-10-17 12:33:00,3,422,700.63,16.293720930232556,40,180
17735,United Kingdom,2010-12-07 10:32:00,2011-12-07 16:47:00,19,8439,13110.02,19.000028985507246,319,365
17736,United Kingdom,2011-08-18 14:33:00,2011-11-30 15:36:00,4,237,337.49,12.980384615384615,24,104
17737,United Kingdom,2011-10-12 14:42:00,2011-11-30 15:16:00,2,108,168.24,16.824,8,49
17738,United Kingdom,2011-03-02 16:26:00,2011-11-20 15:05:00,5,1027,1863.35,18.82171717171717,89,262
17739,United Kingdom,2010-12-14 14:26:00,2011-11-28 09:12:00,8,856,2786.05,58.04270833333334,29,348
17742,United Kingdom,2011-01-11 10:04:00,2011-08-18 15:28:00,2,89,355.11,23.674,13,219
17744,United Kingdom,2010-12-16 14:17:00,2011-12-06 12:11:00,7,3376,2291.08,16.723211678832115,111,354
17746,United Kingdom,2011-04-13 14:31:00,2011-04-19 11:26:00,2,26,98.8,12.35,6,5
17747,United Kingdom,2011-08-19 08:13:00,2011-08-31 13:29:00,2,11,64.65,32.325,1,12
17749,United Kingdom,2011-03-28 13:39:00,2011-06-14 15:45:00,2,320,674.52,19.272,33,78
17750,United Kingdom,2011-06-28 15:44:00,2011-12-04 14:09:00,9,3747,1710.45,9.29592391304348,101,158
17752,United Kingdom,2010-12-15 16:19:00,2010-12-15 16:19:00,1,192,80.64,80.64,1,0
17754,United Kingdom,2011-03-24 13:54:00,2011-12-09 11:20:00,6,1767,1632.31,18.136777777777777,82,259
17757,United Kingdom,2010-12-02 17:17:00,2011-12-08 15:31:00,31,3314,5573.59,7.521713900134953,275,370
17758,United Kingdom,2011-04-03 15:22:00,2011-11-20 14:45:00,8,2054,3408.2000000000003,8.436138613861386,310,230
17759,United Kingdom,2011-06-23 13:35:00,2011-11-22 16:02:00,3,697,819.96,9.110666666666667,82,152
17760,United Kingdom,2010-12-01 15:08:00,2011-11-18 10:56:00,2,239,287.59,11.503599999999999,25,351
17761,United Kingdom,2011-11-07 10:23:00,2011-11-07 10:23:00,1,398,712.78,37.514736842105265,19,0
17763,United Kingdom,2011-03-21 14:25:00,2011-03-21 14:25:00,1,12,15.0,15.0,1,0
17764,United Kingdom,2011-05-12 16:11:00,2011-10-20 11:03:00,2,351,772.55,10.880985915492957,71,160
17765,United Kingdom,2011-03-28 11:58:00,2011-07-04 12:41:00,3,143,367.63,6.564821428571428,51,98
17767,United Kingdom,2011-11-24 14:42:00,2011-11-24 14:42:00,1,128,271.2,12.914285714285715,21,0
17768,United Kingdom,2011-06-26 13:46:00,2011-12-01 13:22:00,3,1122,2081.9,21.243877551020407,77,157
17769,United Kingdom,2011-01-23 11:15:00,2011-11-27 11:18:00,12,1845,3920.08,12.76899022801303,200,308
17770,United Kingdom,2011-03-02 13:35:00,2011-05-25 12:34:00,5,365,1143.27,30.086052631578948,33,83
17771,United Kingdom,2011-01-20 14:13:00,2011-10-14 11:43:00,2,287,245.81,4.552037037037037,51,266
17772,United Kingdom,2011-11-29 10:57:00,2011-11-29 11:05:00,2,55,173.45,3.469,50,0
17774,United Kingdom,2011-02-07 13:13:00,2011-09-04 12:49:00,5,507,1203.78,7.816753246753247,124,208
17775,United Kingdom,2011-03-30 10:50:00,2011-03-30 10:50:00,1,72,56.4,18.8,3,0
17777,United Kingdom,2011-08-31 14:35:00,2011-11-15 12:02:00,3,501,647.56,3.408210526315789,141,75
17779,United Kingdom,2011-07-19 12:19:00,2011-11-18 14:15:00,5,393,633.92,7.637590361445783,73,122
17781,United Kingdom,2011-03-31 19:54:00,2011-07-03 16:00:00,2,34,188.02,15.668333333333335,12,93
17783,United Kingdom,2011-04-06 10:07:00,2011-09-28 16:07:00,2,354,283.47,4.23089552238806,67,175
17785,United Kingdom,2011-10-17 13:43:00,2011-10-17 13:43:00,1,67,131.94,10.149230769230769,13,0
17786,United Kingdom,2011-01-26 14:35:00,2011-09-15 12:51:00,2,195,266.85,3.9242647058823534,57,231
17787,United Kingdom,2010-12-03 13:43:00,2011-07-10 11:24:00,4,896,1817.54,14.19953125,94,218
17788,United Kingdom,2011-08-02 10:38:00,2011-09-27 10:09:00,2,211,1117.9,223.58,3,55
17789,United Kingdom,2011-03-03 13:14:00,2011-03-03 13:14:00,1,74,225.9,16.135714285714286,14,0
17790,United Kingdom,2010-12-10 10:47:00,2011-11-13 11:30:00,14,835,1964.3,10.393121693121692,121,338
17791,United Kingdom,2011-11-10 12:09:00,2011-11-10 12:09:00,1,46,106.1,10.61,10,0
17793,United Kingdom,2011-11-14 14:24:00,2011-11-14 14:24:00,1,226,300.34,5.77576923076923,49,0
17795,United Kingdom,2011-03-20 12:02:00,2011-06-13 12:36:00,2,305,342.83,7.618444444444444,43,85
17796,United Kingdom,2010-12-05 12:23:00,2011-10-30 15:38:00,4,176,690.0,8.518518518518519,63,329
17797,United Kingdom,2011-06-10 11:29:00,2011-11-17 13:21:00,3,498,780.43,7.0309009009009005,102,160
17799,United Kingdom,2010-12-13 13:10:00,2011-11-17 15:16:00,11,1750,3009.32,7.4121182266009855,280,339
17800,United Kingdom,2011-01-09 13:50:00,2011-11-02 12:57:00,9,732,1187.21,11.526310679611651,51,296
17802,United Kingdom,2010-12-02 13:44:00,2011-09-18 14:56:00,4,743,1251.84,8.515918367346938,105,290
17805,United Kingdom,2011-09-27 11:49:00,2011-09-27 11:49:00,1,478,512.31,51.230999999999995,10,0
17806,United Kingdom,2011-11-28 14:12:00,2011-11-28 14:12:00,1,727,546.04,12.698604651162789,43,0
17809,United Kingdom,2010-12-01 09:41:00,2011-11-23 13:00:00,15,2015,4627.62,72.3065625,47,357
17811,United Kingdom,2011-01-10 10:58:00,2011-12-05 13:46:00,51,4097,7601.8,8.953828032979978,359,329
17812,United Kingdom,2010-12-06 15:27:00,2011-11-27 11:47:00,4,329,699.81,5.261729323308271,113,355
17813,United Kingdom,2011-09-29 15:57:00,2011-11-25 16:13:00,7,739,1641.79,4.624760563380281,297,57
17816,United Kingdom,2010-12-09 14:10:00,2011-11-03 11:34:00,4,30,36.56,2.150588235294118,16,328
17817,United Kingdom,2011-03-07 17:30:00,2011-12-05 14:39:00,3,67,387.68,11.747878787878788,32,272
17819,United Kingdom,2010-12-03 14:26:00,2011-09-29 10:52:00,8,1027,3661.0699999999997,74.71571428571428,36,299
17820,United Kingdom,2010-12-15 17:04:00,2011-06-01 15:14:00,2,-5,-24.05,-4.8100000000000005,5,167
17824,United Kingdom,2011-10-19 14:14:00,2011-10-19 14:14:00,1,408,298.4,22.95384615384615,13,0
17827,United Kingdom,2010-12-10 10:18:00,2011-12-04 15:00:00,5,1240,1987.33,9.24339534883721,190,359
17828,Malta,2011-06-08 08:31:00,2011-12-01 09:34:00,9,641,1599.97,19.511829268292683,54,176
17829,United Arab Emirates,2011-02-14 12:46:00,2011-02-14 12:46:00,1,496,889.24,29.641333333333332,30,0
17830,United Kingdom,2011-02-24 10:15:00,2011-12-08 12:28:00,3,92,398.7,17.33478260869565,18,287
17831,United Kingdom,2011-11-06 15:09:00,2011-11-06 15:09:00,1,12,35.400000000000006,17.700000000000003,2,0
17832,United Kingdom,2011-10-21 11:43:00,2011-10-21 11:43:00,1,208,155.37,2.547049180327869,61,0
17835,United Kingdom,2011-11-16 16:30:00,2011-12-07 11:48:00,3,344,342.24,5.800677966101695,45,20
17836,United Kingdom,2011-10-23 16:13:00,2011-10-23 16:13:00,1,88,110.21000000000001,4.592083333333334,23,0
17837,United Kingdom,2011-06-29 16:44:00,2011-10-28 16:15:00,10,507,1508.38,9.141696969696971,110,120
17838,United Kingdom,2010-12-02 15:55:00,2011-11-13 11:38:00,6,1397,2267.4,17.17727272727273,96,345
17839,United Kingdom,2011-10-28 17:27:00,2011-10-28 17:27:00,1,257,318.15,6.11826923076923,50,0
17841,United Kingdom,2010-12-01 14:30:00,2011-12-08 12:07:00,169,22628,39869.05,5.103565028161802,1331,371
17843,United Kingdom,2011-02-09 15:33:00,2011-02-09 15:33:00,1,113,205.48,5.553513513513513,36,0
17844,Canada,2011-08-25 11:27:00,2011-08-25 11:27:00,1,52,51.559999999999995,10.312,5,0
17846,United Kingdom,2011-09-15 15:20:00,2011-09-15 15:20:00,1,1,2033.1,2033.1,1,0
17848,United Kingdom,2010-12-16 18:38:00,2011-09-19 16:49:00,9,398,901.1999999999999,17.670588235294115,41,276
17849,United Kingdom,2011-01-10 11:59:00,2011-05-05 13:46:00,4,114,605.8000000000001,23.300000000000004,14,115
17850,United Kingdom,2010-12-01 08:26:00,2011-02-10 14:38:00,35,1696,5303.4800000000005,17.163365695792884,24,71
17852,United Kingdom,2011-11-28 12:31:00,2011-11-28 12:36:00,2,53,114.34,4.764166666666667,21,0
17854,United Kingdom,2011-04-26 16:53:00,2011-06-07 16:21:00,2,84,311.26,20.750666666666667,15,41
17855,United Kingdom,2010-12-02 09:44:00,2010-12-02 09:44:00,1,197,208.97,12.292352941176471,17,0
17856,United Kingdom,2011-03-03 11:40:00,2011-12-08 09:40:00,6,826,1393.79,81.98764705882353,12,279
17857,United Kingdom,2010-12-09 11:35:00,2011-12-06 13:41:00,25,19086,26763.34,477.9167857142857,19,362
17858,United Kingdom,2010-12-05 13:08:00,2011-12-04 11:56:00,12,2694,5140.66,26.09472081218274,101,363
17859,United Kingdom,2011-02-08 10:32:00,2011-02-08 10:32:00,1,102,141.92000000000002,6.170434782608696,23,0
17860,United Kingdom,2010-12-06 12:41:00,2010-12-06 12:41:00,1,93,226.45000000000002,4.354807692307693,49,0
17861,United Kingdom,2011-01-24 11:34:00,2011-12-06 16:21:00,9,1965,2056.28,9.346727272727273,172,316
17862,United Kingdom,2011-01-20 12:23:00,2011-01-20 12:23:00,1,100,330.9,30.08181818181818,11,0
17863,United Kingdom,2010-12-05 13:21:00,2011-10-11 13:45:00,6,2638,3160.0,21.35135135135135,110,310
17864,United Kingdom,2011-03-09 11:44:00,2011-11-27 11:15:00,3,706,554.85,6.165,70,262
17865,United Kingdom,2010-12-10 14:53:00,2011-11-09 12:08:00,27,5698,10158.54,26.11449871465296,191,333
17866,United Kingdom,2011-07-20 11:07:00,2011-07-20 11:09:00,2,173,325.7,32.57,9,0
17867,United Kingdom,2011-02-24 12:25:00,2011-11-09 14:15:00,8,219,583.52,8.336,62,258
17869,United Kingdom,2010-12-06 17:16:00,2011-08-24 16:16:00,5,111,428.18,10.7045,37,260
17870,United Kingdom,2010-12-08 08:12:00,2011-12-07 15:07:00,13,1350,1860.94,6.866937269372694,214,364
17871,United Kingdom,2011-05-19 11:32:00,2011-05-19 11:32:00,1,182,155.9,15.59,10,0
17873,United Kingdom,2010-12-01 14:54:00,2011-09-20 16:41:00,6,987,1754.16,38.98133333333333,24,293
17874,United Kingdom,2011-03-29 11:25:00,2011-06-07 12:54:00,7,209,658.26,14.005531914893616,37,70
17877,United Kingdom,2011-06-22 13:00:00,2011-06-22 13:00:00,1,98,237.61,19.800833333333333,12,0
17878,United Kingdom,2011-10-27 11:24:00,2011-10-27 11:24:00,1,401,379.45,14.59423076923077,26,0
17879,United Kingdom,2011-06-19 12:36:00,2011-06-19 12:36:00,1,45,178.51999999999998,29.75333333333333,6,0
17880,United Kingdom,2010-12-10 10:21:00,2010-12-10 10:21:00,1,314,458.92,17.65076923076923,26,0
17881,United Kingdom,2011-02-08 17:16:00,2011-02-08 17:16:00,1,32,133.35000000000002,16.668750000000003,8,0
17883,United Kingdom,2011-04-07 19:16:00,2011-12-06 17:49:00,4,374,664.34,4.6784507042253525,133,242
17884,United Kingdom,2010-12-03 12:11:00,2011-12-06 11:33:00,4,817,695.0699999999999,6.151061946902654,107,367
17885,United Kingdom,2011-11-27 14:40:00,2011-11-27 14:40:00,1,110,156.34,2.949811320754717,50,0
17886,United Kingdom,2011-04-04 12:34:00,2011-11-08 10:09:00,3,469,869.28,8.52235294117647,93,217
17887,United Kingdom,2011-08-02 17:29:00,2011-08-02 17:29:00,1,30,111.35,11.135,10,0
17888,United Kingdom,2010-12-17 13:56:00,2011-11-21 10:18:00,10,424,515.73,6.528227848101266,60,338
17889,United Kingdom,2011-01-21 17:14:00,2011-05-11 16:26:00,2,77,201.37,10.0685,20,109
17890,United Kingdom,2010-12-13 15:12:00,2011-01-21 11:19:00,2,402,586.89,6.449340659340659,88,38
17891,United Kingdom,2011-06-30 20:08:00,2011-06-30 20:08:00,1,393,203.85999999999999,5.995882352941176,34,0
17892,United Kingdom,2011-07-07 12:56:00,2011-10-14 16:49:00,3,109,244.1,8.717857142857143,27,99
17893,United Kingdom,2011-04-28 13:50:00,2011-04-28 13:50:00,1,149,107.21,7.147333333333333,15,0
17894,United Kingdom,2010-12-08 14:50:00,2011-09-29 09:23:00,8,404,1118.96,5.827916666666667,127,294
17895,United Kingdom,2011-10-26 17:00:00,2011-10-26 17:00:00,1,127,95.45,6.363333333333333,15,0
17896,United Kingdom,2011-11-16 13:59:00,2011-11-16 13:59:00,1,288,256.32,128.16,2,0
17897,United Kingdom,2010-12-01 12:31:00,2011-06-20 11:23:00,4,216,516.3100000000001,4.736788990825689,100,200
17898,United Kingdom,2011-05-16 17:13:00,2011-09-15 14:56:00,2,190,152.06,5.430714285714286,27,121
17899,United Kingdom,2011-07-03 14:58:00,2011-07-03 14:58:00,1,170,154.55,4.985483870967743,29,0
17900,United Kingdom,2011-06-02 14:28:00,2011-06-28 12:09:00,4,1,15.0,1.3636363636363635,4,25
17901,United Kingdom,2011-11-10 17:29:00,2011-11-10 17:29:00,1,24,110.38,5.809473684210526,19,0
17904,United Kingdom,2011-11-18 12:57:00,2011-11-18 13:57:00,2,58,168.32,4.809142857142857,33,0
17905,United Kingdom,2010-12-01 13:21:00,2011-09-29 17:33:00,4,406,798.99,24.21181818181818,33,302
17906,United Kingdom,2011-04-06 17:25:00,2011-04-06 17:25:00,1,26,72.9,6.075,12,0
17908,United Kingdom,2010-12-01 11:45:00,2010-12-01 11:45:00,1,169,232.03,4.2968518518518515,51,0
17911,United Kingdom,2011-11-30 14:52:00,2011-11-30 14:52:00,1,223,366.23,9.390512820512821,39,0
17912,United Kingdom,2010-12-10 11:11:00,2011-02-02 14:25:00,6,182,294.65999999999997,7.5553846153846145,35,54
17913,United Kingdom,2010-12-19 11:35:00,2011-10-12 10:45:00,2,288,408.65,7.0456896551724135,55,296
17914,United Kingdom,2011-12-06 11:58:00,2011-12-06 11:58:00,1,457,329.36,4.391466666666667,72,0
17917,United Kingdom,2010-12-12 12:08:00,2011-10-25 13:20:00,3,184,335.03,3.6416304347826083,77,317
17919,United Kingdom,2011-09-12 13:41:00,2011-09-12 13:41:00,1,756,1304.04,56.697391304347825,23,0
17920,United Kingdom,2010-12-01 11:49:00,2011-12-05 14:29:00,17,2473,4119.5,6.1947368421052635,407,369
17921,United Kingdom,2011-03-18 13:19:00,2011-10-06 18:56:00,4,425,820.23,5.776267605633803,114,202
17923,United Kingdom,2011-03-02 15:15:00,2011-03-02 15:15:00,1,50,207.50000000000003,207.50000000000003,1,0
17924,United Kingdom,2010-12-01 10:51:00,2011-12-08 19:28:00,13,1141,2894.33,76.16657894736842,27,372
17925,United Kingdom,2010-12-02 10:10:00,2010-12-02 10:10:00,1,72,244.08,244.08,1,0
17926,United Kingdom,2011-05-20 09:24:00,2011-07-29 14:39:00,2,306,397.29,18.91857142857143,17,70
17928,United Kingdom,2011-04-07 18:03:00,2011-10-25 13:52:00,2,140,212.54,9.240869565217391,23,200
17929,United Kingdom,2011-02-04 11:40:00,2011-11-28 16:01:00,5,107,834.5,139.08333333333334,4,297
17930,United Kingdom,2011-04-14 15:46:00,2011-11-04 10:23:00,5,1594,1740.48,44.62769230769231,26,203
17931,United Kingdom,2011-03-29 12:31:00,2011-07-28 18:33:00,2,249,408.36,6.282461538461539,63,121
17932,United Kingdom,2011-05-12 13:58:00,2011-11-10 19:49:00,3,789,1331.57,14.795222222222222,84,182
17934,United Kingdom,2011-10-12 10:50:00,2011-10-19 11:16:00,2,478,704.25,33.535714285714285,21,7
17935,United Kingdom,2011-07-21 11:23:00,2011-07-24 13:18:00,2,82,145.79,5.027241379310345,28,3
17936,United Kingdom,2011-12-04 13:32:00,2011-12-04 13:32:00,1,257,380.13,5.279583333333333,68,0
17937,United Kingdom,2010-12-12 14:43:00,2011-12-01 11:45:00,7,1754,4301.22,100.02837209302326,19,353
17939,United Kingdom,2011-07-03 12:27:00,2011-07-03 12:27:00,1,40,99.14,8.261666666666667,12,0
17940,United Kingdom,2011-02-10 09:29:00,2011-10-21 13:27:00,14,9319,1897.18,86.23545454545454,8,253
17941,United Kingdom,2011-08-01 08:30:00,2011-08-01 08:30:00,1,252,304.56,152.28,2,0
17942,United Kingdom,2011-12-02 10:45:00,2011-12-02 10:45:00,1,38,77.50000000000001,38.75000000000001,2,0
17946,United Kingdom,2011-03-25 14:34:00,2011-04-20 17:00:00,2,75,149.57999999999998,7.478999999999999,18,26
17947,United Kingdom,2011-11-02 13:05:00,2011-11-02 13:05:00,1,168,176.68,19.63111111111111,9,0
17948,United Kingdom,2011-07-15 12:58:00,2011-07-15 12:58:00,1,144,358.56000000000006,358.56000000000006,1,0
17949,United Kingdom,2010-12-03 13:12:00,2011-12-08 18:46:00,52,27571,52750.84,667.7321518987342,29,370
17950,United Kingdom,2010-12-09 15:16:00,2011-09-28 15:18:00,4,342,472.12,6.557222222222222,63,293
17951,United Kingdom,2010-12-01 12:40:00,2011-10-31 12:30:00,4,610,990.8400000000001,47.18285714285715,18,333
17954,United Kingdom,2010-12-03 14:18:00,2011-12-04 14:15:00,16,2216,2276.78,4.733430353430354,327,365
17955,United Kingdom,2011-05-04 12:29:00,2011-05-25 12:00:00,4,273,557.3,29.331578947368417,14,20
17956,United Kingdom,2011-04-04 13:47:00,2011-04-04 13:47:00,1,1,12.75,12.75,1,0
17957,United Kingdom,2011-10-04 14:58:00,2011-10-04 14:58:00,1,287,111.68,3.6025806451612907,31,0
17958,United Kingdom,2011-08-15 12:19:00,2011-08-15 12:19:00,1,84,508.4599999999999,72.63714285714285,7,0
17960,United Kingdom,2011-06-21 14:15:00,2011-06-21 14:15:00,1,41,73.78,2.8376923076923077,26,0
17961,United Kingdom,2010-12-02 19:18:00,2011-11-18 16:55:00,39,560,1296.44,5.206586345381527,211,350
17962,United Kingdom,2011-07-20 14:16:00,2011-07-20 14:16:00,1,127,102.41,3.0120588235294115,33,0
17964,United Kingdom,2010-12-02 13:32:00,2011-11-08 10:44:00,2,294,463.21,4.726632653061224,84,340
17965,United Kingdom,2010-12-05 15:54:00,2011-11-02 09:31:00,14,1532,2599.19,7.997507692307693,274,331
17966,United Kingdom,2011-03-23 17:25:00,2011-11-02 10:26:00,5,2571,1098.43,16.15338235294118,53,223
17967,United Kingdom,2010-12-03 11:19:00,2010-12-03 11:19:00,1,73,112.27,2.673095238095238,41,0
17968,United Kingdom,2010-12-01 12:23:00,2010-12-01 12:23:00,1,151,265.1,3.27283950617284,74,0
17969,United Kingdom,2010-12-13 15:34:00,2011-06-26 13:00:00,2,152,228.2,16.3,14,194
17970,United Kingdom,2011-05-12 20:03:00,2011-05-12 20:03:00,1,513,562.79,19.40655172413793,27,0
17972,United Kingdom,2011-04-12 12:16:00,2011-04-12 12:16:00,1,36,135.19,4.506333333333333,30,0
17973,United Kingdom,2011-10-19 10:34:00,2011-10-19 10:34:00,1,176,337.04,22.469333333333335,15,0
17974,United Kingdom,2011-05-04 11:50:00,2011-11-15 11:37:00,3,500,703.99,4.266606060606061,143,194
17975,United Kingdom,2010-12-08 11:38:00,2011-11-24 13:27:00,14,1549,4388.06,14.925374149659865,189,351
17976,United Kingdom,2010-12-02 13:49:00,2010-12-02 13:49:00,1,93,321.79,5.645438596491228,56,0
17977,United Kingdom,2011-11-10 13:28:00,2011-11-10 13:28:00,1,342,288.14,13.72095238095238,19,0
17978,United Kingdom,2010-12-09 14:05:00,2010-12-09 14:05:00,1,499,300.91999999999996,25.076666666666664,12,0
17979,United Kingdom,2011-03-25 11:34:00,2011-11-04 12:05:00,5,381,712.51,5.125971223021582,116,224
17980,United Kingdom,2010-12-15 15:50:00,2011-06-27 12:01:00,3,682,811.45,27.048333333333336,23,193
17984,United Kingdom,2011-07-17 15:59:00,2011-07-17 15:59:00,1,98,152.68,3.1808333333333336,48,0
17985,United Kingdom,2011-11-17 14:24:00,2011-11-17 14:24:00,1,171,631.35,30.064285714285717,20,0
17986,United Kingdom,2011-10-14 14:22:00,2011-10-14 14:22:00,1,10,20.8,20.8,1,0
17987,United Kingdom,2011-06-07 14:22:00,2011-06-07 14:22:00,1,261,198.57,15.274615384615384,13,0
17988,United Kingdom,2011-01-17 11:59:00,2011-11-28 11:00:00,8,42,191.17000000000002,4.9017948717948725,37,314
17990,United Kingdom,2010-12-13 12:10:00,2011-04-17 11:44:00,3,414,630.84,21.753103448275862,27,124
17991,United Kingdom,2011-04-27 16:39:00,2011-04-28 15:58:00,2,25,93.35,18.669999999999998,4,0
17994,United Kingdom,2011-02-22 11:02:00,2011-08-10 11:43:00,6,471,626.09,7.635243902439025,63,169
17995,United Kingdom,2011-03-03 12:30:00,2011-03-03 12:30:00,1,133,76.1,38.05,2,0
17997,United Kingdom,2011-06-28 17:28:00,2011-09-26 16:13:00,12,2053,1503.09,8.444325842696628,134,89
17999,United Kingdom,2010-12-08 15:17:00,2011-11-02 15:56:00,2,219,380.39,4.18010989010989,87,329
18001,United Kingdom,2011-09-14 11:21:00,2011-11-27 16:02:00,2,362,415.13,7.282982456140351,56,74
18004,United Kingdom,2010-12-12 13:47:00,2010-12-12 13:47:00,1,75,157.92,4.268108108108108,32,0
18005,United Kingdom,2011-10-23 14:40:00,2011-12-06 11:51:00,2,86,226.47,4.273018867924528,52,43
18006,United Kingdom,2011-11-16 16:52:00,2011-11-16 16:52:00,1,220,444.68,20.212727272727275,21,0
18008,United Kingdom,2011-01-25 12:26:00,2011-09-30 15:17:00,9,1581,2116.19,70.53966666666666,24,248
18009,United Kingdom,2011-04-18 13:36:00,2011-04-18 13:52:00,2,123,242.29,7.5715625,31,0
18010,United Kingdom,2011-03-28 12:27:00,2011-03-28 12:27:00,1,60,174.8,12.485714285714286,14,0
18011,United Kingdom,2010-12-01 17:35:00,2010-12-01 17:35:00,1,71,102.78999999999999,3.671071428571428,28,0
18013,United Kingdom,2011-07-07 14:08:00,2011-07-07 14:11:00,2,285,187.29,6.041612903225806,31,0
18014,United Kingdom,2011-11-11 15:28:00,2011-11-11 15:28:00,1,66,162.22,5.407333333333333,29,0
18015,United Kingdom,2011-12-05 14:49:00,2011-12-05 14:49:00,1,157,120.03,2.6093478260869567,46,0
18016,United Kingdom,2010-12-10 17:14:00,2011-11-07 13:25:00,5,1027,1477.66,12.111967213114754,90,331
18017,United Kingdom,2011-02-02 13:57:00,2011-09-19 16:15:00,3,300,523.0,174.33333333333334,1,229
18018,United Kingdom,2011-05-24 13:22:00,2011-08-23 17:37:00,2,55,122.14,4.211724137931035,29,91
18019,United Kingdom,2011-10-19 12:10:00,2011-10-19 12:10:00,1,7,38.45,7.69,5,0
18022,United Kingdom,2011-11-04 12:45:00,2011-11-04 12:45:00,1,703,612.72,3.73609756097561,141,0
18024,United Kingdom,2011-07-10 12:28:00,2011-07-10 12:40:00,3,148,236.77999999999997,10.762727272727272,21,0
18027,United Kingdom,2011-09-02 10:38:00,2011-09-02 10:38:00,1,78,115.31,5.490952380952381,21,0
18030,United Kingdom,2011-10-28 13:55:00,2011-12-05 16:37:00,3,66,220.7,22.07,8,38
18032,United Kingdom,2011-01-09 15:32:00,2011-01-09 15:32:00,1,42,73.5,14.7,5,0
18033,United Kingdom,2011-10-05 17:28:00,2011-10-05 17:28:00,1,252,93.82000000000001,2.8430303030303032,32,0
18034,United Kingdom,2011-11-18 12:08:00,2011-11-18 12:22:00,2,559,418.68,3.8061818181818183,99,0
18035,United Kingdom,2011-10-27 17:48:00,2011-11-04 12:39:00,3,584,713.89,14.569183673469388,44,7
18036,United Kingdom,2011-04-08 11:26:00,2011-11-07 14:40:00,3,232,403.12,4.288510638297873,77,213
18037,United Kingdom,2010-12-12 16:20:00,2011-07-08 13:39:00,6,20,70.02,3.685263157894737,19,207
18040,United Kingdom,2011-04-08 08:27:00,2011-11-20 14:20:00,2,148,357.20000000000005,18.8,18,226
18041,United Kingdom,2010-12-02 11:21:00,2011-11-28 11:39:00,22,3749,4075.12,8.858956521739131,285,361
18042,United Kingdom,2011-10-17 11:49:00,2011-10-17 11:49:00,1,33,165.04999999999998,23.578571428571426,7,0
18043,United Kingdom,2010-12-08 12:35:00,2011-11-15 12:48:00,3,265,529.29,4.6025217391304345,106,342
18044,United Kingdom,2010-12-14 12:25:00,2011-12-05 14:26:00,11,1032,2085.65,16.294140625,88,356
18045,United Kingdom,2011-10-25 13:07:00,2011-10-25 13:07:00,1,138,178.34,4.147441860465117,43,0
18048,United Kingdom,2011-05-20 14:54:00,2011-05-20 14:58:00,2,127,172.29000000000002,24.612857142857145,6,0
18050,United Kingdom,2010-12-15 14:25:00,2010-12-15 14:25:00,1,40,74.4,14.88,5,0
18053,United Kingdom,2011-09-30 09:05:00,2011-10-04 17:31:00,2,301,297.07,14.146190476190476,20,4
18055,United Kingdom,2010-12-05 10:52:00,2011-12-02 14:25:00,11,2447,6729.29,18.640692520775623,223,362
18056,United Kingdom,2011-02-24 14:27:00,2011-02-24 14:27:00,1,211,363.65,19.139473684210525,19,0
18058,United Kingdom,2011-11-30 08:38:00,2011-11-30 08:38:00,1,88,170.16,56.72,3,0
18059,United Kingdom,2011-10-03 09:30:00,2011-11-30 17:02:00,4,253,296.71,14.8355,17,58
18061,United Kingdom,2010-12-08 13:03:00,2011-11-18 11:20:00,10,955,2119.41,46.0741304347826,18,344
18062,United Kingdom,2011-01-06 10:03:00,2011-06-19 14:47:00,3,396,720.52,26.685925925925925,23,164
18064,United Kingdom,2011-04-18 15:08:00,2011-07-29 16:39:00,2,384,814.0,116.28571428571429,7,102
18065,United Kingdom,2010-12-10 12:44:00,2011-12-04 10:30:00,15,1024,2380.08,17.24695652173913,110,358
18066,United Kingdom,2011-09-25 15:30:00,2011-09-25 15:30:00,1,108,318.0,31.8,10,0
18067,United Kingdom,2011-10-30 15:58:00,2011-10-30 15:58:00,1,189,396.33,10.711621621621621,36,0
18068,United Kingdom,2011-02-23 14:50:00,2011-02-23 14:50:00,1,6,101.69999999999999,101.69999999999999,1,0
18069,United Kingdom,2011-01-16 14:48:00,2011-11-13 16:05:00,7,1293,1994.39,4.345076252723311,334,301
18071,United Kingdom,2010-12-09 10:33:00,2011-03-27 11:59:00,2,260,453.0,18.12,23,108
18072,United Kingdom,2011-06-07 10:44:00,2011-07-07 17:22:00,2,46,-5.329070518200751e-15,-1.4802973661668753e-16,20,30
18073,United Kingdom,2011-05-26 19:38:00,2011-08-17 14:02:00,13,3092,3846.7400000000002,51.28986666666667,23,82
18074,United Kingdom,2010-12-01 09:53:00,2010-12-01 09:53:00,1,190,489.6,37.66153846153846,13,0
18075,United Kingdom,2010-12-14 10:48:00,2011-11-16 15:21:00,14,1437,2538.7200000000003,16.59294117647059,97,337
18077,United Kingdom,2010-12-08 10:21:00,2011-12-01 13:32:00,11,1839,2584.41,11.589282511210762,101,358
18078,United Kingdom,2011-03-25 15:08:00,2011-05-06 14:32:00,2,145,336.13,11.590689655172413,27,41
18079,United Kingdom,2011-04-15 12:14:00,2011-10-25 15:27:00,4,7347,3613.15,29.37520325203252,99,193
18080,United Kingdom,2011-04-11 10:10:00,2011-11-21 08:02:00,2,642,1231.5,615.75,2,223
18081,United Kingdom,2011-07-29 11:56:00,2011-11-03 16:30:00,3,195,343.45,20.20294117647059,14,97
18082,United Kingdom,2011-11-14 12:45:00,2011-11-14 12:45:00,1,608,680.84,9.726285714285714,62,0
18084,United Kingdom,2011-02-11 16:30:00,2011-11-23 13:57:00,2,311,87.52999999999999,43.76499999999999,2,284
18085,United Kingdom,2010-12-01 12:08:00,2011-01-13 15:17:00,2,265,689.95,23.79137931034483,25,43
18086,United Kingdom,2011-03-10 13:34:00,2011-03-10 13:34:00,1,106,101.34,14.477142857142857,7,0
18087,United Kingdom,2011-02-11 11:24:00,2011-09-02 15:12:00,4,3571,3770.1199999999994,538.5885714285713,7,203
18088,United Kingdom,2011-10-09 13:41:00,2011-10-09 13:41:00,1,107,166.03,4.487297297297298,35,0
18092,United Kingdom,2010-12-09 10:00:00,2011-12-07 13:14:00,12,4250,9065.76,100.73066666666666,28,363
18093,United Kingdom,2011-02-10 12:15:00,2011-09-07 15:43:00,5,1381,2083.42,54.82684210526316,31,209
18094,United Kingdom,2011-02-21 08:50:00,2011-09-19 09:28:00,7,2518,3017.3,43.104285714285716,39,210
18095,United Kingdom,2011-01-11 12:37:00,2011-01-31 12:50:00,2,419,580.0500000000001,27.621428571428574,20,20
18096,United Kingdom,2011-10-07 11:55:00,2011-11-28 12:44:00,3,788,849.06,4.331938775510204,157,52
18097,United Kingdom,2010-12-20 14:49:00,2011-12-02 11:16:00,7,1661,2657.45,24.835981308411213,66,346
18099,United Kingdom,2011-08-04 15:52:00,2011-08-04 15:52:00,1,149,168.31,8.858421052631579,19,0
18101,United Kingdom,2011-07-19 13:05:00,2011-11-28 13:37:00,2,87,222.4,5.5600000000000005,37,132
18102,United Kingdom,2010-12-07 16:42:00,2011-12-09 11:50:00,62,64122,256438.49,592.2366974595843,151,366
18104,United Kingdom,2011-11-02 14:07:00,2011-11-02 14:07:00,1,362,754.64,19.858947368421052,38,0
18105,United Kingdom,2011-11-02 12:04:00,2011-11-02 12:04:00,1,46,113.48000000000002,6.304444444444446,18,0
18106,United Kingdom,2011-01-14 12:23:00,2011-01-14 12:23:00,1,126,421.9,11.402702702702703,33,0
18108,United Kingdom,2011-03-30 13:56:00,2011-04-05 08:25:00,2,82,264.65,13.928947368421051,17,5
18109,United Kingdom,2010-12-05 10:58:00,2011-12-08 11:36:00,31,4212,7877.27,17.466230598669625,120,368
18110,United Kingdom,2011-11-20 12:34:00,2011-11-20 12:59:00,2,65,168.55,4.21375,33,0
18112,United Kingdom,2011-06-26 13:56:00,2011-11-27 14:43:00,2,255,352.69,13.565,26,154
18113,United Kingdom,2010-12-06 12:31:00,2010-12-06 12:31:00,1,72,76.32000000000001,76.32000000000001,1,0
18114,United Kingdom,2011-02-22 13:20:00,2011-02-22 13:20:00,1,55,220.1,7.860714285714286,28,0
18116,United Kingdom,2010-12-10 12:14:00,2011-10-03 11:00:00,8,837,1403.1100000000001,3.781967654986523,230,296
18117,United Kingdom,2011-11-14 12:47:00,2011-11-14 12:47:00,1,605,315.65,4.384027777777778,68,0
18118,United Kingdom,2010-12-05 12:13:00,2011-11-29 11:32:00,31,2860,5567.03,4.390402208201893,424,358
18119,United Kingdom,2010-12-07 11:59:00,2010-12-07 11:59:00,1,124,180.7,6.23103448275862,29,0
18120,United Kingdom,2011-05-09 13:45:00,2011-05-09 13:45:00,1,31,111.15,6.538235294117648,17,0
18121,United Kingdom,2011-07-08 12:14:00,2011-07-13 12:53:00,2,438,653.3,21.074193548387097,28,5
18122,United Kingdom,2011-07-12 11:37:00,2011-12-01 13:08:00,6,1225,1793.06,5.022577030812325,239,142
18123,United Kingdom,2011-11-08 13:31:00,2011-11-15 14:23:00,2,582,574.4399999999999,16.895294117647058,31,7
18125,United Kingdom,2011-01-27 15:02:00,2011-11-10 12:29:00,5,799,1130.1,5.855440414507772,164,286
18126,United Kingdom,2011-10-10 12:19:00,2011-10-10 12:19:00,1,135,200.92000000000002,3.863846153846154,52,0
18127,United Kingdom,2011-07-29 10:06:00,2011-11-20 14:05:00,3,187,347.08,7.545217391304347,41,114
18129,United Kingdom,2011-04-10 14:16:00,2011-04-10 14:16:00,1,48,112.55000000000001,8.039285714285715,13,0
18130,United Kingdom,2011-10-13 15:58:00,2011-12-01 08:41:00,4,817,1045.74,14.728732394366197,58,48
18133,United Kingdom,2011-05-11 14:14:00,2011-05-12 15:19:00,2,0,715.4999999999999,357.74999999999994,2,1
18135,United Kingdom,2011-06-02 14:04:00,2011-11-10 19:32:00,5,349,681.9100000000001,34.0955,11,161
18136,United Kingdom,2011-01-24 12:08:00,2011-10-07 15:40:00,4,373,761.83,19.534102564102565,34,256
18138,United Kingdom,2011-02-17 14:51:00,2011-02-17 14:51:00,1,38,152.65,19.08125,8,0
18139,United Kingdom,2011-11-21 14:06:00,2011-11-22 16:18:00,8,5461,8393.22,51.809999999999995,36,1
18141,United Kingdom,2010-12-14 11:09:00,2010-12-14 11:09:00,1,-12,-35.400000000000006,-35.400000000000006,1,0
18142,United Kingdom,2011-05-08 12:31:00,2011-07-11 13:34:00,4,1273,1014.9,56.38333333333333,9,64
18143,United Kingdom,2011-07-21 10:44:00,2011-08-15 12:07:00,2,570,1000.16,16.396065573770493,59,25
18144,United Kingdom,2010-12-01 13:45:00,2011-12-02 12:46:00,12,1343,2888.75,67.18023255813954,27,365
18145,United Kingdom,2011-01-31 12:10:00,2011-11-27 11:22:00,4,2625,2861.55,12.94819004524887,174,299
18146,United Kingdom,2011-05-03 16:35:00,2011-07-22 12:08:00,2,153,160.35000000000002,16.035000000000004,10,79
18147,United Kingdom,2011-08-23 12:22:00,2011-10-25 11:46:00,2,203,179.33999999999997,25.619999999999997,7,62
18149,United Kingdom,2011-03-11 12:44:00,2011-10-20 12:04:00,3,310,612.0799999999999,38.254999999999995,11,222
18150,United Kingdom,2011-05-22 10:47:00,2011-11-07 16:49:00,3,332,566.58,15.312972972972974,29,169
18151,United Kingdom,2011-02-23 08:29:00,2011-07-28 11:35:00,2,355,653.35,17.193421052631578,38,155
18154,United Kingdom,2011-10-27 10:40:00,2011-12-06 16:41:00,2,255,399.19,19.009047619047617,15,40
18155,United Kingdom,2011-02-21 10:36:00,2011-09-25 13:32:00,4,258,347.82,12.422142857142857,19,216
18156,United Kingdom,2010-12-05 12:29:00,2011-11-27 12:24:00,2,283,675.64,5.538032786885246,100,356
18158,United Kingdom,2011-09-12 09:03:00,2011-11-30 16:19:00,3,353,451.75,12.907142857142857,24,79
18159,United Kingdom,2011-02-11 14:26:00,2011-02-11 14:26:00,1,139,530.15,23.05,23,0
18160,United Kingdom,2011-05-23 13:41:00,2011-10-13 15:50:00,2,294,638.0600000000001,16.36051282051282,37,143
18161,United Kingdom,2011-01-24 11:56:00,2011-11-29 15:38:00,6,810,1612.79,19.910987654320987,49,309
18164,United Kingdom,2011-11-02 12:56:00,2011-11-08 17:49:00,2,183,394.7,15.788,24,6
18165,United Kingdom,2011-06-15 13:23:00,2011-06-15 13:23:00,1,254,302.46000000000004,30.246000000000002,10,0
18167,United Kingdom,2011-08-26 11:40:00,2011-12-06 09:49:00,6,359,1355.51,31.523488372093023,25,101
18168,United Kingdom,2010-12-02 17:14:00,2011-06-16 19:21:00,9,583,1123.74,8.084460431654676,101,196
18169,United Kingdom,2011-10-10 12:18:00,2011-10-10 12:18:00,1,61,202.65,22.516666666666666,9,0
18170,United Kingdom,2011-05-06 15:13:00,2011-11-06 14:35:00,3,409,980.31,25.797631578947367,29,183
18171,United Kingdom,2011-01-10 09:55:00,2011-10-12 09:13:00,7,477,1208.51,21.580535714285713,43,274
18172,United Kingdom,2011-02-18 16:52:00,2011-11-25 11:12:00,25,3170,7490.17,38.021167512690354,101,279
18173,United Kingdom,2011-03-10 11:56:00,2011-09-14 11:26:00,4,1220,2106.84,67.9625806451613,23,187
18174,United Kingdom,2011-12-02 16:56:00,2011-12-02 16:56:00,1,50,104.0,104.0,1,0
18176,United Kingdom,2010-12-16 15:45:00,2010-12-21 12:33:00,2,279,448.65,13.595454545454544,30,4
18177,United Kingdom,2011-03-29 08:46:00,2011-11-08 14:44:00,7,704,1313.6200000000001,17.751621621621624,53,224
18178,United Kingdom,2010-12-10 12:42:00,2011-08-18 06:34:00,6,979,1573.41,15.893030303030304,80,250
18179,United Kingdom,2011-01-07 14:22:00,2011-11-30 16:23:00,6,1360,1793.17,19.924111111111113,86,327
18180,United Kingdom,2011-07-20 08:59:00,2011-12-05 08:39:00,6,1721,1843.75,15.493697478991596,108,137
18181,United Kingdom,2011-11-15 15:08:00,2011-11-15 15:08:00,1,133,366.85,8.947560975609756,40,0
18183,United Kingdom,2011-03-10 10:08:00,2011-05-05 17:47:00,6,362,600.52,13.648181818181818,36,56
18184,United Kingdom,2011-11-24 15:28:00,2011-11-24 15:28:00,1,60,49.8,49.8,1,0
18185,United Kingdom,2011-04-04 13:42:00,2011-04-04 13:42:00,1,183,304.25,17.897058823529413,17,0
18188,United Kingdom,2011-02-22 14:43:00,2011-11-24 16:46:00,4,1167,1998.49,27.756805555555555,63,275
18189,United Kingdom,2011-03-17 09:49:00,2011-09-23 12:40:00,3,564,1084.34,15.715072463768115,65,190
18190,United Kingdom,2011-01-13 10:35:00,2011-05-31 14:48:00,3,139,274.51,17.156875,14,138
18191,United Kingdom,2011-03-23 12:08:00,2011-03-23 12:08:00,1,140,207.79999999999998,29.685714285714283,7,0
18192,United Kingdom,2011-09-29 09:53:00,2011-09-29 09:53:00,1,339,957.97,21.288222222222224,45,0
18193,United Kingdom,2010-12-08 14:20:00,2011-07-12 10:56:00,3,120,212.96,11.831111111111111,17,215
18194,United Kingdom,2011-09-18 13:29:00,2011-10-06 19:54:00,2,448,896.0,99.55555555555556,7,18
18196,United Kingdom,2011-02-22 16:13:00,2011-09-05 16:22:00,2,431,686.63,4.93978417266187,131,195
18198,United Kingdom,2011-01-07 13:39:00,2011-12-05 14:49:00,21,3839,5083.06,30.62084337349398,81,332
18200,United Kingdom,2011-08-25 18:45:00,2011-08-25 18:45:00,1,104,150.35,5.011666666666667,29,0
18202,United Kingdom,2011-02-01 13:36:00,2011-05-24 12:12:00,3,581,1396.99,20.543970588235293,55,111
18203,United Kingdom,2011-07-05 13:07:00,2011-07-05 13:07:00,1,43,160.42000000000002,8.443157894736842,19,0
18204,United Kingdom,2011-05-31 15:26:00,2011-09-29 16:44:00,4,1188,1960.95,10.10798969072165,159,121
18205,United Kingdom,2011-09-26 12:02:00,2011-11-03 13:22:00,2,192,517.36,16.1675,30,38
18209,United Kingdom,2011-11-11 12:07:00,2011-11-11 12:07:00,1,58,139.10000000000002,17.387500000000003,8,0
18210,United Kingdom,2011-03-17 16:58:00,2011-12-08 11:02:00,6,1398,2621.38,19.562537313432838,109,265
18211,United Kingdom,2011-03-06 12:09:00,2011-11-14 08:10:00,5,359,600.07,14.287380952380953,37,252
18212,United Kingdom,2011-01-17 16:14:00,2011-01-17 16:14:00,1,92,216.07,6.3549999999999995,30,0
18213,United Kingdom,2011-04-17 10:21:00,2011-04-17 10:21:00,1,232,232.48000000000002,15.498666666666669,15,0
18215,United Kingdom,2011-09-11 16:05:00,2011-09-11 16:05:00,1,118,299.34000000000003,23.02615384615385,13,0
18216,United Kingdom,2011-11-08 16:55:00,2011-11-08 16:55:00,1,200,481.75,18.528846153846153,26,0
18217,United Kingdom,2011-09-30 10:44:00,2011-11-10 13:18:00,2,491,621.75,20.056451612903224,27,41
18218,United Kingdom,2011-03-03 12:24:00,2011-05-17 14:16:00,4,498,606.22,26.35739130434783,17,75
18219,United Kingdom,2010-12-06 10:05:00,2011-12-07 11:43:00,11,883,2019.77,17.56321739130435,58,366
18220,United Kingdom,2011-04-27 09:03:00,2011-05-04 11:23:00,2,282,297.78000000000003,74.44500000000001,2,7
18221,United Kingdom,2011-05-12 14:13:00,2011-11-17 14:40:00,6,789,1033.31,15.897076923076922,59,189
18222,United Kingdom,2011-09-08 10:45:00,2011-09-08 10:45:00,1,335,443.0,23.31578947368421,19,0
18223,United Kingdom,2010-12-16 16:42:00,2011-12-08 11:51:00,27,2890,6315.2300000000005,21.121170568561876,119,356
18224,United Kingdom,2011-03-21 10:30:00,2011-03-21 10:30:00,1,69,158.95000000000002,15.895000000000001,10,0
18225,United Kingdom,2010-12-03 10:11:00,2011-12-06 13:27:00,17,3204,5356.86,18.862183098591547,151,368
18226,United Kingdom,2011-01-06 09:00:00,2011-11-01 09:57:00,14,3459,5192.1,21.192244897959185,141,299
18227,United Kingdom,2011-05-06 12:23:00,2011-05-06 12:23:00,1,21,93.75,18.75,5,0
18228,United Kingdom,2011-09-21 10:48:00,2011-10-20 19:21:00,3,236,769.2,24.0375,23,29
18229,United Kingdom,2010-12-01 16:25:00,2011-11-28 09:48:00,20,2488,7276.900000000001,44.37134146341464,66,361
18230,United Kingdom,2010-12-09 14:47:00,2011-11-30 13:22:00,10,1298,2716.6000000000004,30.523595505617983,32,355
18231,United Kingdom,2011-02-24 09:08:00,2011-05-31 14:18:00,6,806,2054.67,16.43736,106,96
18232,United Kingdom,2011-05-26 16:30:00,2011-09-19 11:49:00,5,299,582.47,14.56175,31,115
18233,United Kingdom,2011-01-18 08:44:00,2011-01-18 08:44:00,1,4,440.0,440.0,1,0
18235,United Kingdom,2011-05-06 13:35:00,2011-09-29 08:27:00,3,1578,1796.48,17.273846153846154,100,145
18236,United Kingdom,2011-04-13 09:52:00,2011-11-10 08:06:00,6,403,882.24,18.004897959183673,42,210
18237,United Kingdom,2011-07-28 13:05:00,2011-12-07 12:49:00,5,622,987.1,16.181967213114753,40,131
18239,United Kingdom,2010-12-02 17:48:00,2011-05-05 12:38:00,5,795,1561.6100000000001,17.745568181818182,80,153
18240,United Kingdom,2011-10-24 13:06:00,2011-10-24 13:06:00,1,126,422.58,70.42999999999999,6,0
18241,United Kingdom,2011-05-06 09:22:00,2011-11-30 12:10:00,18,1047,2058.09,19.600857142857144,60,208
18242,United Kingdom,2011-05-10 11:20:00,2011-09-28 13:43:00,4,1017,2232.4900000000002,28.62166666666667,72,141
18245,United Kingdom,2010-12-19 14:58:00,2011-12-02 14:48:00,8,1781,2507.56,14.167005649717513,155,347
18246,United Kingdom,2011-04-20 13:55:00,2011-11-16 11:49:00,2,166,596.1,149.025,3,209
18248,United Kingdom,2011-06-06 13:18:00,2011-08-18 06:14:00,4,501,783.02,15.98,39,72
18249,United Kingdom,2011-11-22 15:07:00,2011-11-22 15:07:00,1,128,95.34,11.9175,8,0
18250,United Kingdom,2011-02-02 13:16:00,2011-02-11 13:59:00,2,198,342.92,15.587272727272728,21,9
18251,United Kingdom,2011-09-13 15:03:00,2011-09-13 15:03:00,1,7824,4314.72,269.67,16,0
18252,United Kingdom,2011-06-21 11:47:00,2011-10-20 12:43:00,2,234,518.27,5.5135106382978725,90,121
18255,United Kingdom,2011-09-11 13:16:00,2011-09-11 13:16:00,1,74,103.3,17.216666666666665,6,0
18256,United Kingdom,2010-12-20 08:27:00,2010-12-20 08:27:00,1,-70,-50.1,-12.525,4,0
18257,United Kingdom,2011-02-16 15:13:00,2011-10-31 14:48:00,12,1010,2265.38,18.417723577235773,98,256
18259,United Kingdom,2010-12-08 13:38:00,2011-11-15 12:34:00,3,714,2338.6000000000004,55.68095238095239,27,341
18260,United Kingdom,2010-12-16 18:23:00,2011-06-20 12:37:00,8,1466,2580.15,18.562230215827338,86,185
18261,United Kingdom,2011-09-05 09:34:00,2011-10-27 15:36:00,2,146,324.24,15.440000000000001,19,52
18262,United Kingdom,2011-07-22 16:04:00,2011-07-22 16:04:00,1,182,149.48,11.498461538461537,13,0
18263,United Kingdom,2011-04-01 11:48:00,2011-11-16 16:19:00,4,1467,1211.08,19.533548387096772,59,229
18265,United Kingdom,2011-07-04 15:26:00,2011-09-28 14:10:00,2,311,801.51,17.424130434782608,44,85
18268,United Kingdom,2011-07-28 11:16:00,2011-07-28 19:13:00,2,0,0.0,0.0,1,0
18269,United Kingdom,2010-12-08 13:53:00,2010-12-16 15:39:00,2,70,138.9,17.3625,7,8
18270,United Kingdom,2011-03-18 12:41:00,2011-11-01 13:57:00,3,97,238.95000000000002,18.380769230769232,12,228
18272,United Kingdom,2011-04-07 09:35:00,2011-12-07 12:43:00,7,2044,3064.78,18.028117647058824,99,244
18273,United Kingdom,2011-03-27 11:22:00,2011-12-07 13:16:00,3,80,204.0,68.0,1,255
18274,United Kingdom,2011-11-09 17:03:00,2011-11-22 10:18:00,2,0,1.7763568394002505e-15,8.074349270001139e-17,11,12
18276,United Kingdom,2011-10-27 10:54:00,2011-11-18 17:01:00,3,184,323.36,20.21,14,22
18277,United Kingdom,2011-01-25 12:34:00,2011-10-12 15:22:00,2,67,97.63,10.847777777777777,9,260
18278,United Kingdom,2011-09-27 11:58:00,2011-09-27 11:58:00,1,66,173.9,19.322222222222223,9,0
18280,United Kingdom,2011-03-07 09:52:00,2011-03-07 09:52:00,1,45,180.60000000000002,18.060000000000002,10,0
18281,United Kingdom,2011-06-12 10:53:00,2011-06-12 10:53:00,1,54,80.82,11.545714285714284,7,0
18282,United Kingdom,2011-08-05 13:35:00,2011-12-02 11:43:00,3,98,176.6,13.584615384615384,12,118
18283,United Kingdom,2011-01-06 14:14:00,2011-12-06 12:02:00,16,1357,2045.53,2.8370735090152563,263,333
18287,United Kingdom,2011-05-22 10:39:00,2011-10-28 09:29:00,3,1586,1837.28,26.24685714285714,59,158
